Stage UID,Stage,Rank,Previous Stage Ranking,Change,Team,Class,Time,Delta
itzulia-basque-country:2026:1,1,1,,,INEOS Grenadiers,,00:53:23,
itzulia-basque-country:2026:1,1,2,,,UAE Team Emirates - XRG,,00:53:28,00:00:05
itzulia-basque-country:2026:1,1,3,,,Decathlon CMA CGM Team,,00:53:30,00:00:07
itzulia-basque-country:2026:1,1,4,,,Soudal Quick-Step,,00:53:43,00:00:20
itzulia-basque-country:2026:1,1,5,,,Red Bull - BORA - hansgrohe,,00:53:50,00:00:27
itzulia-basque-country:2026:1,1,6,,,EF Education - EasyPost,,00:54:15,00:00:52
itzulia-basque-country:2026:1,1,7,,,Team Visma | Lease a Bike,,00:54:36,00:01:13
itzulia-basque-country:2026:1,1,8,,,Uno-X Mobility,,00:54:42,00:01:19
itzulia-basque-country:2026:1,1,9,,,Movistar Team,,00:54:50,00:01:27
itzulia-basque-country:2026:1,1,10,,,Lidl - Trek,,00:54:58,00:01:35
itzulia-basque-country:2026:1,1,11,,,Cofidis,,00:55:04,00:01:41
itzulia-basque-country:2026:1,1,12,,,Groupama - FDJ United,,00:55:12,00:01:49
itzulia-basque-country:2026:1,1,13,,,XDS Astana Team,,00:55:19,00:01:56
itzulia-basque-country:2026:1,1,14,,,Tudor Pro Cycling Team,,00:55:24,00:02:01
itzulia-basque-country:2026:1,1,15,,,Bahrain - Victorious,,00:55:32,00:02:09
itzulia-basque-country:2026:1,1,16,,,Team Picnic PostNL,,00:56:18,00:02:55
itzulia-basque-country:2026:1,1,17,,,Alpecin-Premier Tech,,00:56:20,00:02:57
itzulia-basque-country:2026:1,1,18,,,Euskaltel - Euskadi,,00:56:59,00:03:36
itzulia-basque-country:2026:1,1,19,,,Equipo Kern Pharma,,00:57:04,00:03:41
itzulia-basque-country:2026:1,1,20,,,Lotto Intermarché,,00:57:17,00:03:54
itzulia-basque-country:2026:1,1,21,,,Caja Rural - Seguros RGA,,00:57:23,00:04:00
itzulia-basque-country:2026:1,1,22,,,Burgos Burpellet BH,,00:58:10,00:04:47
itzulia-basque-country:2026:2,2,1,13,,XDS Astana Team,,13:36:31,
itzulia-basque-country:2026:2,2,2,9,,Movistar Team,,13:36:47,00:00:16
itzulia-basque-country:2026:2,2,3,6,,EF Education - EasyPost,,13:37:03,00:00:32
itzulia-basque-country:2026:2,2,4,11,,Cofidis,,13:40:37,00:04:06
itzulia-basque-country:2026:2,2,5,5,,Red Bull - BORA - hansgrohe,,13:43:26,00:06:55
itzulia-basque-country:2026:2,2,6,3,,Decathlon CMA CGM Team,,13:43:29,00:06:58
itzulia-basque-country:2026:2,2,7,2,,UAE Team Emirates - XRG,,13:46:06,00:09:35
itzulia-basque-country:2026:2,2,8,21,,Caja Rural - Seguros RGA,,13:46:06,00:09:35
itzulia-basque-country:2026:2,2,9,22,,Burgos Burpellet BH,,13:46:13,00:09:42
itzulia-basque-country:2026:2,2,10,10,,Lidl - Trek,,13:46:17,00:09:46
itzulia-basque-country:2026:2,2,11,7,,Team Visma | Lease a Bike,,13:48:55,00:12:24
itzulia-basque-country:2026:2,2,12,12,,Groupama - FDJ United,,13:49:37,00:13:06
itzulia-basque-country:2026:2,2,13,4,,Soudal Quick-Step,,13:50:18,00:13:47
itzulia-basque-country:2026:2,2,14,16,,Team Picnic PostNL,,13:51:45,00:15:14
itzulia-basque-country:2026:2,2,15,1,,INEOS Grenadiers,,13:52:10,00:15:39
itzulia-basque-country:2026:2,2,16,18,,Euskaltel - Euskadi,,13:52:18,00:15:47
itzulia-basque-country:2026:2,2,17,19,,Equipo Kern Pharma,,13:52:20,00:15:49
itzulia-basque-country:2026:2,2,18,8,,Uno-X Mobility,,13:56:39,00:20:08
itzulia-basque-country:2026:2,2,19,15,,Bahrain - Victorious,,14:03:38,00:27:07
itzulia-basque-country:2026:2,2,20,17,,Alpecin-Premier Tech,,14:04:16,00:27:45
itzulia-basque-country:2026:2,2,21,20,,Lotto Intermarché,,14:09:30,00:32:59
itzulia-basque-country:2026:2,2,22,14,,Tudor Pro Cycling Team,,14:15:15,00:38:44
itzulia-basque-country:2026:3,3,1,1,,XDS Astana Team,,24:34:42,
itzulia-basque-country:2026:3,3,2,2,,Movistar Team,,24:34:48,00:00:06
itzulia-basque-country:2026:3,3,3,3,,EF Education - EasyPost,,24:34:56,00:00:14
itzulia-basque-country:2026:3,3,4,5,,Red Bull - BORA - hansgrohe,,24:42:17,00:07:35
itzulia-basque-country:2026:3,3,5,6,,Decathlon CMA CGM Team,,24:43:29,00:08:47
itzulia-basque-country:2026:3,3,6,8,,Caja Rural - Seguros RGA,,24:45:17,00:10:35
itzulia-basque-country:2026:3,3,7,9,,Burgos Burpellet BH,,24:45:29,00:10:47
itzulia-basque-country:2026:3,3,8,12,,Groupama - FDJ United,,24:47:28,00:12:46
itzulia-basque-country:2026:3,3,9,13,,Soudal Quick-Step,,24:48:39,00:13:57
itzulia-basque-country:2026:3,3,10,11,,Team Visma | Lease a Bike,,24:48:45,00:14:03
itzulia-basque-country:2026:3,3,11,10,,Lidl - Trek,,24:48:47,00:14:05
itzulia-basque-country:2026:3,3,12,15,,INEOS Grenadiers,,24:51:11,00:16:29
itzulia-basque-country:2026:3,3,13,7,,UAE Team Emirates - XRG,,24:51:17,00:16:35
itzulia-basque-country:2026:3,3,14,16,,Euskaltel - Euskadi,,24:51:54,00:17:12
itzulia-basque-country:2026:3,3,15,17,,Equipo Kern Pharma,,24:52:18,00:17:36
itzulia-basque-country:2026:3,3,16,4,,Cofidis,,24:55:47,00:21:05
itzulia-basque-country:2026:3,3,17,18,,Uno-X Mobility,,25:00:46,00:26:04
itzulia-basque-country:2026:3,3,18,14,,Team Picnic PostNL,,25:01:43,00:27:01
itzulia-basque-country:2026:3,3,19,19,,Bahrain - Victorious,,25:04:36,00:29:54
itzulia-basque-country:2026:3,3,20,20,,Alpecin-Premier Tech,,25:11:57,00:37:15
itzulia-basque-country:2026:3,3,21,21,,Lotto Intermarché,,25:34:51,01:00:09
itzulia-basque-country:2026:3,3,22,22,,Tudor Pro Cycling Team,,25:36:30,01:01:48
itzulia-basque-country:2026:4,4,1,1,,XDS Astana Team,,36:21:24,
itzulia-basque-country:2026:4,4,2,2,,Movistar Team,,36:21:59,00:00:35
itzulia-basque-country:2026:4,4,3,3,,EF Education - EasyPost,,36:30:44,00:09:20
itzulia-basque-country:2026:4,4,4,4,,Red Bull - BORA - hansgrohe,,36:30:52,00:09:28
itzulia-basque-country:2026:4,4,5,5,,Decathlon CMA CGM Team,,36:31:20,00:09:56
itzulia-basque-country:2026:4,4,6,8,,Groupama - FDJ United,,36:42:01,00:20:37
itzulia-basque-country:2026:4,4,7,7,,Burgos Burpellet BH,,36:43:49,00:22:25
itzulia-basque-country:2026:4,4,8,16,,Cofidis,,36:44:04,00:22:40
itzulia-basque-country:2026:4,4,9,14,,Euskaltel - Euskadi,,36:45:08,00:23:44
itzulia-basque-country:2026:4,4,10,10,,Team Visma | Lease a Bike,,36:45:20,00:23:56
itzulia-basque-country:2026:4,4,11,6,,Caja Rural - Seguros RGA,,36:48:22,00:26:58
itzulia-basque-country:2026:4,4,12,11,,Lidl - Trek,,36:49:50,00:28:26
itzulia-basque-country:2026:4,4,13,13,,UAE Team Emirates - XRG,,36:52:00,00:30:36
itzulia-basque-country:2026:4,4,14,15,,Equipo Kern Pharma,,36:54:33,00:33:09
itzulia-basque-country:2026:4,4,15,12,,INEOS Grenadiers,,36:59:04,00:37:40
itzulia-basque-country:2026:4,4,16,17,,Uno-X Mobility,,37:00:53,00:39:29
itzulia-basque-country:2026:4,4,17,9,,Soudal Quick-Step,,37:01:08,00:39:44
itzulia-basque-country:2026:4,4,18,18,,Team Picnic PostNL,,37:14:05,00:52:41
itzulia-basque-country:2026:4,4,19,19,,Bahrain - Victorious,,37:21:58,01:00:34
itzulia-basque-country:2026:4,4,20,20,,Alpecin-Premier Tech,,37:22:24,01:01:00
itzulia-basque-country:2026:4,4,21,21,,Lotto Intermarché,,38:07:28,01:46:04
itzulia-basque-country:2026:4,4,22,22,,Tudor Pro Cycling Team,,38:14:18,01:52:54
itzulia-basque-country:2026:5,5,1,1,,XDS Astana Team,,50:03:20,
itzulia-basque-country:2026:5,5,2,2,,Movistar Team,,50:03:47,00:00:27
itzulia-basque-country:2026:5,5,3,4,,Red Bull - BORA - hansgrohe,,50:11:37,00:08:17
itzulia-basque-country:2026:5,5,4,5,,Decathlon CMA CGM Team,,50:13:48,00:10:28
itzulia-basque-country:2026:5,5,5,3,,EF Education - EasyPost,,50:22:08,00:18:48
itzulia-basque-country:2026:5,5,6,8,,Cofidis,,50:44:33,00:41:13
itzulia-basque-country:2026:5,5,7,13,,UAE Team Emirates - XRG,,50:44:56,00:41:36
itzulia-basque-country:2026:5,5,8,9,,Euskaltel - Euskadi,,50:45:02,00:41:42
itzulia-basque-country:2026:5,5,9,7,,Burgos Burpellet BH,,50:45:09,00:41:49
itzulia-basque-country:2026:5,5,10,11,,Caja Rural - Seguros RGA,,50:51:07,00:47:47
itzulia-basque-country:2026:5,5,11,10,,Team Visma | Lease a Bike,,50:54:06,00:50:46
itzulia-basque-country:2026:5,5,12,14,,Equipo Kern Pharma,,51:00:41,00:57:21
itzulia-basque-country:2026:5,5,13,6,,Groupama - FDJ United,,51:07:43,01:04:23
itzulia-basque-country:2026:5,5,14,16,,Uno-X Mobility,,51:08:48,01:05:28
itzulia-basque-country:2026:5,5,15,15,,INEOS Grenadiers,,51:19:26,01:16:06
itzulia-basque-country:2026:5,5,16,12,,Lidl - Trek,,51:24:23,01:21:03
itzulia-basque-country:2026:5,5,17,18,,Team Picnic PostNL,,51:33:14,01:29:54
itzulia-basque-country:2026:5,5,18,17,,Soudal Quick-Step,,51:37:44,01:34:24
itzulia-basque-country:2026:5,5,19,19,,Bahrain - Victorious,,51:42:20,01:39:00
itzulia-basque-country:2026:5,5,20,20,,Alpecin-Premier Tech,,51:59:01,01:55:41
itzulia-basque-country:2026:5,5,21,21,,Lotto Intermarché,,52:37:32,02:34:12
itzulia-basque-country:2026:5,5,22,22,,Tudor Pro Cycling Team,,52:58:21,02:55:01
itzulia-basque-country:2026:6,6,1,2,,Movistar Team,,60:49:51,
itzulia-basque-country:2026:6,6,2,1,,XDS Astana Team,,60:58:12,00:08:21
itzulia-basque-country:2026:6,6,3,5,,EF Education - EasyPost,,61:03:59,00:14:08
itzulia-basque-country:2026:6,6,4,7,,UAE Team Emirates - XRG,,61:21:32,00:31:41
itzulia-basque-country:2026:6,6,5,4,,Decathlon CMA CGM Team,,61:26:47,00:36:56
itzulia-basque-country:2026:6,6,6,11,,Team Visma | Lease a Bike,,61:39:04,00:49:13
itzulia-basque-country:2026:6,6,7,6,,Cofidis,,61:47:54,00:58:03
itzulia-basque-country:2026:6,6,8,14,,Uno-X Mobility,,61:50:18,01:00:27
itzulia-basque-country:2026:6,6,9,15,,INEOS Grenadiers,,62:03:21,01:13:30
itzulia-basque-country:2026:6,6,10,10,,Caja Rural - Seguros RGA,,62:04:06,01:14:15
itzulia-basque-country:2026:6,6,11,9,,Burgos Burpellet BH,,62:13:26,01:23:35
itzulia-basque-country:2026:6,6,12,13,,Groupama - FDJ United,,62:18:03,01:28:12
itzulia-basque-country:2026:6,6,13,8,,Euskaltel - Euskadi,,62:18:35,01:28:44
itzulia-basque-country:2026:6,6,14,20,,Alpecin-Premier Tech,,62:30:53,01:41:02
itzulia-basque-country:2026:6,6,15,12,,Equipo Kern Pharma,,62:37:46,01:47:55
paris-nice:2026:1,1,1,,,NSN Cycling Team,,11:15:51,
paris-nice:2026:1,1,2,,,XDS Astana Team,,11:15:51,
paris-nice:2026:1,1,3,,,Red Bull - BORA - hansgrohe,,11:15:51,
paris-nice:2026:1,1,4,,,Lidl - Trek,,11:15:51,
paris-nice:2026:1,1,5,,,Tudor Pro Cycling Team,,11:15:51,
paris-nice:2026:1,1,6,,,Uno-X Mobility,,11:15:51,
paris-nice:2026:1,1,7,,,Alpecin-Premier Tech,,11:15:51,
paris-nice:2026:1,1,8,,,Decathlon CMA CGM Team,,11:15:51,
paris-nice:2026:1,1,9,,,EF Education - EasyPost,,11:15:51,
paris-nice:2026:1,1,10,,,Movistar Team,,11:15:51,
paris-nice:2026:1,1,11,,,Soudal Quick-Step,,11:15:51,
paris-nice:2026:1,1,12,,,TotalEnergies,,11:15:51,
paris-nice:2026:1,1,13,,,Lotto Intermarché,,11:15:51,
paris-nice:2026:1,1,14,,,Team Visma | Lease a Bike,,11:15:51,
paris-nice:2026:1,1,15,,,INEOS Grenadiers,,11:15:51,
paris-nice:2026:1,1,16,,,Cofidis,,11:15:51,
paris-nice:2026:1,1,17,,,Pinarello Q36.5 Pro Cycling Team,,11:15:51,
paris-nice:2026:1,1,18,,,UAE Team Emirates - XRG,,11:15:51,
paris-nice:2026:1,1,19,,,Groupama - FDJ United,,11:15:51,
paris-nice:2026:1,1,20,,,Bahrain - Victorious,,11:15:51,
paris-nice:2026:1,1,21,,,Team Jayco AlUla,,11:17:23,00:01:32
paris-nice:2026:1,1,22,,,Team Picnic PostNL,,11:19:04,00:03:13
paris-nice:2026:2,2,1,1,,NSN Cycling Team,,24:31:12,
paris-nice:2026:2,2,2,15,,INEOS Grenadiers,,24:31:12,
paris-nice:2026:2,2,3,2,,XDS Astana Team,,24:31:12,
paris-nice:2026:2,2,4,3,,Red Bull - BORA - hansgrohe,,24:31:12,
paris-nice:2026:2,2,5,9,,EF Education - EasyPost,,24:31:12,
paris-nice:2026:2,2,6,4,,Lidl - Trek,,24:31:12,
paris-nice:2026:2,2,7,5,,Tudor Pro Cycling Team,,24:31:12,
paris-nice:2026:2,2,8,6,,Uno-X Mobility,,24:31:12,
paris-nice:2026:2,2,9,7,,Alpecin-Premier Tech,,24:31:12,
paris-nice:2026:2,2,10,13,,Lotto Intermarché,,24:31:12,
paris-nice:2026:2,2,11,8,,Decathlon CMA CGM Team,,24:31:12,
paris-nice:2026:2,2,12,16,,Cofidis,,24:31:12,
paris-nice:2026:2,2,13,11,,Soudal Quick-Step,,24:31:12,
paris-nice:2026:2,2,14,10,,Movistar Team,,24:31:12,
paris-nice:2026:2,2,15,20,,Bahrain - Victorious,,24:31:12,
paris-nice:2026:2,2,16,14,,Team Visma | Lease a Bike,,24:31:12,
paris-nice:2026:2,2,17,12,,TotalEnergies,,24:31:12,
paris-nice:2026:2,2,18,18,,UAE Team Emirates - XRG,,24:31:12,
paris-nice:2026:2,2,19,19,,Groupama - FDJ United,,24:31:12,
paris-nice:2026:2,2,20,17,,Pinarello Q36.5 Pro Cycling Team,,24:31:12,
paris-nice:2026:2,2,21,21,,Team Jayco AlUla,,24:32:44,00:01:32
paris-nice:2026:2,2,22,22,,Team Picnic PostNL,,24:34:25,00:03:13
paris-nice:2026:4,4,1,3,,Red Bull - BORA - hansgrohe,,38:43:56,
paris-nice:2026:4,4,2,2,,Team Visma | Lease a Bike,,38:59:20,00:15:24
paris-nice:2026:4,4,3,1,,INEOS Grenadiers,,39:05:06,00:21:10
paris-nice:2026:4,4,4,4,,EF Education - EasyPost,,39:07:27,00:23:31
paris-nice:2026:4,4,5,7,,Groupama - FDJ United,,39:13:34,00:29:38
paris-nice:2026:4,4,6,15,,UAE Team Emirates - XRG,,39:23:12,00:39:16
paris-nice:2026:4,4,7,19,,TotalEnergies,,39:26:17,00:42:21
paris-nice:2026:4,4,8,14,,Uno-X Mobility,,39:28:44,00:44:48
paris-nice:2026:4,4,9,20,,Team Jayco AlUla,,39:29:09,00:45:13
paris-nice:2026:4,4,10,10,,Tudor Pro Cycling Team,,39:32:21,00:48:25
paris-nice:2026:4,4,11,18,,NSN Cycling Team,,39:33:28,00:49:32
paris-nice:2026:4,4,12,12,,Pinarello Q36.5 Pro Cycling Team,,39:34:08,00:50:12
paris-nice:2026:4,4,13,5,,Lidl - Trek,,39:37:14,00:53:18
paris-nice:2026:4,4,14,17,,XDS Astana Team,,39:41:55,00:57:59
paris-nice:2026:4,4,15,22,,Team Picnic PostNL,,39:43:38,00:59:42
paris-nice:2026:4,4,16,16,,Alpecin-Premier Tech,,39:44:44,01:00:48
paris-nice:2026:4,4,17,13,,Bahrain - Victorious,,39:50:19,01:06:23
paris-nice:2026:4,4,18,8,,Cofidis,,39:51:20,01:07:24
paris-nice:2026:4,4,19,11,,Soudal Quick-Step,,39:52:07,01:08:11
paris-nice:2026:4,4,20,21,,Lotto Intermarché,,39:52:20,01:08:24
paris-nice:2026:4,4,21,6,,Movistar Team,,39:57:56,01:14:00
paris-nice:2026:4,4,22,9,,Decathlon CMA CGM Team,,40:07:05,01:23:09
paris-nice:2026:5,5,1,3,,INEOS Grenadiers,,52:41:32,
paris-nice:2026:5,5,2,2,,Team Visma | Lease a Bike,,52:45:02,00:03:30
paris-nice:2026:5,5,3,1,,Red Bull - BORA - hansgrohe,,52:45:35,00:04:03
paris-nice:2026:5,5,4,4,,EF Education - EasyPost,,53:01:44,00:20:12
paris-nice:2026:5,5,5,6,,UAE Team Emirates - XRG,,53:08:16,00:26:44
paris-nice:2026:5,5,6,5,,Groupama - FDJ United,,53:09:32,00:28:00
paris-nice:2026:5,5,7,7,,TotalEnergies,,53:24:11,00:42:39
paris-nice:2026:5,5,8,14,,XDS Astana Team,,53:28:32,00:47:00
paris-nice:2026:5,5,9,10,,Tudor Pro Cycling Team,,53:30:28,00:48:56
paris-nice:2026:5,5,10,19,,Soudal Quick-Step,,53:36:50,00:55:18
paris-nice:2026:5,5,11,8,,Uno-X Mobility,,53:51:58,01:10:26
paris-nice:2026:5,5,12,17,,Bahrain - Victorious,,53:52:00,01:10:28
paris-nice:2026:5,5,13,9,,Team Jayco AlUla,,53:52:23,01:10:51
paris-nice:2026:5,5,14,12,,Pinarello Q36.5 Pro Cycling Team,,53:54:57,01:13:25
paris-nice:2026:5,5,15,15,,Team Picnic PostNL,,54:05:28,01:23:56
paris-nice:2026:5,5,16,18,,Cofidis,,54:05:45,01:24:13
paris-nice:2026:5,5,17,16,,Alpecin-Premier Tech,,54:05:56,01:24:24
paris-nice:2026:5,5,18,11,,NSN Cycling Team,,54:08:04,01:26:32
paris-nice:2026:5,5,19,13,,Lidl - Trek,,54:11:50,01:30:18
paris-nice:2026:5,5,20,21,,Movistar Team,,54:15:42,01:34:10
paris-nice:2026:5,5,21,20,,Lotto Intermarché,,54:26:56,01:45:24
paris-nice:2026:5,5,22,22,,Decathlon CMA CGM Team,,54:28:57,01:47:25
paris-nice:2026:6,6,1,1,,INEOS Grenadiers,,64:27:13,
paris-nice:2026:6,6,2,3,,Red Bull - BORA - hansgrohe,,64:29:47,00:02:34
paris-nice:2026:6,6,3,2,,Team Visma | Lease a Bike,,64:32:57,00:05:44
paris-nice:2026:6,6,4,4,,EF Education - EasyPost,,64:46:20,00:19:07
paris-nice:2026:6,6,5,5,,UAE Team Emirates - XRG,,64:54:57,00:27:44
paris-nice:2026:6,6,6,6,,Groupama - FDJ United,,64:57:22,00:30:09
paris-nice:2026:6,6,7,7,,TotalEnergies,,65:12:03,00:44:50
paris-nice:2026:6,6,8,9,,Tudor Pro Cycling Team,,65:15:50,00:48:37
paris-nice:2026:6,6,9,8,,XDS Astana Team,,65:17:36,00:50:23
paris-nice:2026:6,6,10,10,,Soudal Quick-Step,,65:22:39,00:55:26
paris-nice:2026:6,6,11,12,,Bahrain - Victorious,,65:42:53,01:15:40
paris-nice:2026:6,6,12,11,,Uno-X Mobility,,65:43:10,01:15:57
paris-nice:2026:6,6,13,13,,Team Jayco AlUla,,65:47:43,01:20:30
paris-nice:2026:6,6,14,14,,Pinarello Q36.5 Pro Cycling Team,,65:49:36,01:22:23
paris-nice:2026:6,6,15,18,,NSN Cycling Team,,65:56:10,01:28:57
paris-nice:2026:6,6,16,16,,Cofidis,,65:58:22,01:31:09
paris-nice:2026:6,6,17,17,,Alpecin-Premier Tech,,66:01:17,01:34:04
paris-nice:2026:6,6,18,15,,Team Picnic PostNL,,66:02:07,01:34:54
paris-nice:2026:6,6,19,20,,Movistar Team,,66:02:14,01:35:01
paris-nice:2026:6,6,20,19,,Lidl - Trek,,66:03:16,01:36:03
paris-nice:2026:6,6,21,22,,Decathlon CMA CGM Team,,66:16:08,01:48:55
paris-nice:2026:6,6,22,21,,Lotto Intermarché,,66:21:02,01:53:49
paris-nice:2026:7,7,1,1,,INEOS Grenadiers,,67:32:37,
paris-nice:2026:7,7,2,2,,Red Bull - BORA - hansgrohe,,67:35:11,00:02:34
paris-nice:2026:7,7,3,3,,Team Visma | Lease a Bike,,67:38:21,00:05:44
paris-nice:2026:7,7,4,4,,EF Education - EasyPost,,67:51:44,00:19:07
paris-nice:2026:7,7,5,5,,UAE Team Emirates - XRG,,68:00:21,00:27:44
paris-nice:2026:7,7,6,6,,Groupama - FDJ United,,68:02:46,00:30:09
paris-nice:2026:7,7,7,7,,TotalEnergies,,68:17:27,00:44:50
paris-nice:2026:7,7,8,8,,Tudor Pro Cycling Team,,68:21:14,00:48:37
paris-nice:2026:7,7,9,9,,XDS Astana Team,,68:23:00,00:50:23
paris-nice:2026:7,7,10,10,,Soudal Quick-Step,,68:28:03,00:55:26
paris-nice:2026:7,7,11,11,,Bahrain - Victorious,,68:48:17,01:15:40
paris-nice:2026:7,7,12,12,,Uno-X Mobility,,68:48:34,01:15:57
paris-nice:2026:7,7,13,13,,Team Jayco AlUla,,68:53:07,01:20:30
paris-nice:2026:7,7,14,14,,Pinarello Q36.5 Pro Cycling Team,,68:55:00,01:22:23
paris-nice:2026:7,7,15,15,,NSN Cycling Team,,69:01:34,01:28:57
paris-nice:2026:7,7,16,16,,Cofidis,,69:03:46,01:31:09
paris-nice:2026:7,7,17,17,,Alpecin-Premier Tech,,69:06:41,01:34:04
paris-nice:2026:7,7,18,18,,Team Picnic PostNL,,69:07:31,01:34:54
paris-nice:2026:7,7,19,20,,Lidl - Trek,,69:08:40,01:36:03
paris-nice:2026:7,7,20,19,,Movistar Team,,69:10:17,01:37:40
paris-nice:2026:7,7,21,21,,Decathlon CMA CGM Team,,69:21:32,01:48:55
paris-nice:2026:7,7,22,22,,Lotto Intermarché,,69:26:26,01:53:49
paris-nice:2026:8,8,1,1,,INEOS Grenadiers,,77:00:14,
paris-nice:2026:8,8,2,2,,Red Bull - BORA - hansgrohe,,77:03:39,00:03:25
paris-nice:2026:8,8,3,3,,Team Visma | Lease a Bike,,77:04:53,00:04:39
paris-nice:2026:8,8,4,4,,EF Education - EasyPost,,77:23:49,00:23:35
paris-nice:2026:8,8,5,6,,Groupama - FDJ United,,77:28:43,00:28:29
paris-nice:2026:8,8,6,5,,UAE Team Emirates - XRG,,77:35:55,00:35:41
paris-nice:2026:8,8,7,9,,XDS Astana Team,,77:44:44,00:44:30
paris-nice:2026:8,8,8,7,,TotalEnergies,,77:55:41,00:55:27
paris-nice:2026:8,8,9,8,,Tudor Pro Cycling Team,,77:55:56,00:55:42
paris-nice:2026:8,8,10,10,,Soudal Quick-Step,,78:16:36,01:16:22
paris-nice:2026:8,8,11,12,,Uno-X Mobility,,78:38:29,01:38:15
paris-nice:2026:8,8,12,20,,Movistar Team,,78:50:48,01:50:34
paris-nice:2026:8,8,13,13,,Team Jayco AlUla,,78:52:00,01:51:46
paris-nice:2026:8,8,14,17,,Alpecin-Premier Tech,,78:54:43,01:54:29
paris-nice:2026:8,8,15,15,,NSN Cycling Team,,78:56:49,01:56:35
paris-nice:2026:8,8,16,19,,Lidl - Trek,,79:03:55,02:03:41
paris-nice:2026:8,8,17,21,,Decathlon CMA CGM Team,,79:05:56,02:05:42
paris-nice:2026:8,8,18,18,,Team Picnic PostNL,,79:08:07,02:07:53
paris-nice:2026:8,8,19,22,,Lotto Intermarché,,79:27:46,02:27:32
tirreno-adriatico:2026:1,1,1,,,INEOS Grenadiers,,00:37:12,
tirreno-adriatico:2026:1,1,2,,,Lidl - Trek,,00:38:13,00:01:01
tirreno-adriatico:2026:1,1,3,,,UAE Team Emirates - XRG,,00:38:17,00:01:05
tirreno-adriatico:2026:1,1,4,,,Red Bull - BORA - hansgrohe,,00:38:21,00:01:09
tirreno-adriatico:2026:1,1,5,,,Pinarello Q36.5 Pro Cycling Team,,00:38:45,00:01:33
tirreno-adriatico:2026:1,1,6,,,Bahrain - Victorious,,00:38:54,00:01:42
tirreno-adriatico:2026:1,1,7,,,Team Jayco AlUla,,00:38:55,00:01:43
tirreno-adriatico:2026:1,1,8,,,Soudal Quick-Step,,00:38:55,00:01:43
tirreno-adriatico:2026:1,1,9,,,Movistar Team,,00:39:08,00:01:56
tirreno-adriatico:2026:1,1,10,,,Team Visma | Lease a Bike,,00:39:13,00:02:01
tirreno-adriatico:2026:1,1,11,,,EF Education - EasyPost,,00:39:20,00:02:08
tirreno-adriatico:2026:1,1,12,,,Tudor Pro Cycling Team,,00:39:28,00:02:16
tirreno-adriatico:2026:1,1,13,,,Team Picnic PostNL,,00:39:29,00:02:17
tirreno-adriatico:2026:1,1,14,,,Decathlon CMA CGM Team,,00:39:31,00:02:19
tirreno-adriatico:2026:1,1,15,,,NSN Cycling Team,,00:39:32,00:02:20
tirreno-adriatico:2026:1,1,16,,,Lotto Intermarché,,00:39:48,00:02:36
tirreno-adriatico:2026:1,1,17,,,Caja Rural - Seguros RGA,,00:39:50,00:02:38
tirreno-adriatico:2026:1,1,18,,,Uno-X Mobility,,00:39:52,00:02:40
tirreno-adriatico:2026:1,1,19,,,Groupama - FDJ United,,00:39:59,00:02:47
tirreno-adriatico:2026:1,1,20,,,Alpecin-Premier Tech,,00:40:02,00:02:50
tirreno-adriatico:2026:1,1,21,,,Team Polti VisitMalta,,00:40:14,00:03:02
tirreno-adriatico:2026:1,1,22,,,XDS Astana Team,,00:40:16,00:03:04
tirreno-adriatico:2026:1,1,23,,,Solution Tech NIPPO Rali,,00:42:02,00:04:50
tirreno-adriatico:2026:1,1,24,,,Bardiani CSF 7 Saber,,00:42:04,00:04:52
tirreno-adriatico:2026:2,2,1,4,,Red Bull - BORA - hansgrohe,,15:19:44,
tirreno-adriatico:2026:2,2,2,3,,UAE Team Emirates - XRG,,15:19:54,00:00:10
tirreno-adriatico:2026:2,2,3,6,,Bahrain - Victorious,,15:20:06,00:00:22
tirreno-adriatico:2026:2,2,4,1,,INEOS Grenadiers,,15:20:20,00:00:36
tirreno-adriatico:2026:2,2,5,7,,Team Jayco AlUla,,15:20:59,00:01:15
tirreno-adriatico:2026:2,2,6,9,,Movistar Team,,15:21:06,00:01:22
tirreno-adriatico:2026:2,2,7,22,,XDS Astana Team,,15:21:16,00:01:32
tirreno-adriatico:2026:2,2,8,14,,Decathlon CMA CGM Team,,15:21:26,00:01:42
tirreno-adriatico:2026:2,2,9,11,,EF Education - EasyPost,,15:21:46,00:02:02
tirreno-adriatico:2026:2,2,10,20,,Alpecin-Premier Tech,,15:21:56,00:02:12
tirreno-adriatico:2026:2,2,11,8,,Soudal Quick-Step,,15:22:07,00:02:23
tirreno-adriatico:2026:2,2,12,19,,Groupama - FDJ United,,15:22:40,00:02:56
tirreno-adriatico:2026:2,2,13,5,,Pinarello Q36.5 Pro Cycling Team,,15:22:45,00:03:01
tirreno-adriatico:2026:2,2,14,2,,Lidl - Trek,,15:22:50,00:03:06
tirreno-adriatico:2026:2,2,15,17,,Caja Rural - Seguros RGA,,15:23:44,00:04:00
tirreno-adriatico:2026:2,2,16,21,,Team Polti VisitMalta,,15:24:26,00:04:42
tirreno-adriatico:2026:2,2,17,18,,Uno-X Mobility,,15:25:19,00:05:35
tirreno-adriatico:2026:2,2,18,12,,Tudor Pro Cycling Team,,15:25:47,00:06:03
tirreno-adriatico:2026:2,2,19,10,,Team Visma | Lease a Bike,,15:26:14,00:06:30
tirreno-adriatico:2026:2,2,20,16,,Lotto Intermarché,,15:26:16,00:06:32
tirreno-adriatico:2026:2,2,21,15,,NSN Cycling Team,,15:26:24,00:06:40
tirreno-adriatico:2026:2,2,22,23,,Solution Tech NIPPO Rali,,15:27:16,00:07:32
tirreno-adriatico:2026:2,2,23,13,,Team Picnic PostNL,,15:27:28,00:07:44
tirreno-adriatico:2026:2,2,24,24,,Bardiani CSF 7 Saber,,15:31:35,00:11:51
tirreno-adriatico:2026:3,3,1,1,,Red Bull - BORA - hansgrohe,,31:47:50,
tirreno-adriatico:2026:3,3,2,2,,UAE Team Emirates - XRG,,31:48:00,00:00:10
tirreno-adriatico:2026:3,3,3,3,,Bahrain - Victorious,,31:48:12,00:00:22
tirreno-adriatico:2026:3,3,4,4,,INEOS Grenadiers,,31:48:26,00:00:36
tirreno-adriatico:2026:3,3,5,5,,Team Jayco AlUla,,31:49:05,00:01:15
tirreno-adriatico:2026:3,3,6,6,,Movistar Team,,31:49:12,00:01:22
tirreno-adriatico:2026:3,3,7,7,,XDS Astana Team,,31:49:22,00:01:32
tirreno-adriatico:2026:3,3,8,8,,Decathlon CMA CGM Team,,31:49:32,00:01:42
tirreno-adriatico:2026:3,3,9,9,,EF Education - EasyPost,,31:49:52,00:02:02
tirreno-adriatico:2026:3,3,10,10,,Alpecin-Premier Tech,,31:50:02,00:02:12
tirreno-adriatico:2026:3,3,11,11,,Soudal Quick-Step,,31:50:13,00:02:23
tirreno-adriatico:2026:3,3,12,12,,Groupama - FDJ United,,31:50:46,00:02:56
tirreno-adriatico:2026:3,3,13,13,,Pinarello Q36.5 Pro Cycling Team,,31:50:51,00:03:01
tirreno-adriatico:2026:3,3,14,14,,Lidl - Trek,,31:50:56,00:03:06
tirreno-adriatico:2026:3,3,15,15,,Caja Rural - Seguros RGA,,31:51:50,00:04:00
tirreno-adriatico:2026:3,3,16,16,,Team Polti VisitMalta,,31:52:32,00:04:42
tirreno-adriatico:2026:3,3,17,17,,Uno-X Mobility,,31:53:25,00:05:35
tirreno-adriatico:2026:3,3,18,18,,Tudor Pro Cycling Team,,31:53:53,00:06:03
tirreno-adriatico:2026:3,3,19,19,,Team Visma | Lease a Bike,,31:54:20,00:06:30
tirreno-adriatico:2026:3,3,20,20,,Lotto Intermarché,,31:54:22,00:06:32
tirreno-adriatico:2026:3,3,21,21,,NSN Cycling Team,,31:54:30,00:06:40
tirreno-adriatico:2026:3,3,22,22,,Solution Tech NIPPO Rali,,31:55:22,00:07:32
tirreno-adriatico:2026:3,3,23,23,,Team Picnic PostNL,,31:55:34,00:07:44
tirreno-adriatico:2026:3,3,24,24,,Bardiani CSF 7 Saber,,31:59:41,00:11:51
tirreno-adriatico:2026:4,4,1,1,,Red Bull - BORA - hansgrohe,,46:23:16,
tirreno-adriatico:2026:4,4,2,2,,UAE Team Emirates - XRG,,46:23:34,00:00:18
tirreno-adriatico:2026:4,4,3,4,,INEOS Grenadiers,,46:24:06,00:00:50
tirreno-adriatico:2026:4,4,4,3,,Bahrain - Victorious,,46:24:18,00:01:02
tirreno-adriatico:2026:4,4,5,7,,XDS Astana Team,,46:24:50,00:01:34
tirreno-adriatico:2026:4,4,6,6,,Movistar Team,,46:25:30,00:02:14
tirreno-adriatico:2026:4,4,7,9,,EF Education - EasyPost,,46:25:32,00:02:16
tirreno-adriatico:2026:4,4,8,10,,Alpecin-Premier Tech,,46:25:54,00:02:38
tirreno-adriatico:2026:4,4,9,12,,Groupama - FDJ United,,46:26:52,00:03:36
tirreno-adriatico:2026:4,4,10,15,,Caja Rural - Seguros RGA,,46:28:08,00:04:52
tirreno-adriatico:2026:4,4,11,13,,Pinarello Q36.5 Pro Cycling Team,,46:28:13,00:04:57
tirreno-adriatico:2026:4,4,12,5,,Team Jayco AlUla,,46:28:31,00:05:15
tirreno-adriatico:2026:4,4,13,17,,Uno-X Mobility,,46:29:05,00:05:49
tirreno-adriatico:2026:4,4,14,16,,Team Polti VisitMalta,,46:30:07,00:06:51
tirreno-adriatico:2026:4,4,15,21,,NSN Cycling Team,,46:30:10,00:06:54
tirreno-adriatico:2026:4,4,16,20,,Lotto Intermarché,,46:31:53,00:08:37
tirreno-adriatico:2026:4,4,17,8,,Decathlon CMA CGM Team,,46:32:09,00:08:53
tirreno-adriatico:2026:4,4,18,18,,Tudor Pro Cycling Team,,46:32:33,00:09:17
tirreno-adriatico:2026:4,4,19,22,,Solution Tech NIPPO Rali,,46:33:48,00:10:32
tirreno-adriatico:2026:4,4,20,14,,Lidl - Trek,,46:33:55,00:10:39
tirreno-adriatico:2026:4,4,21,19,,Team Visma | Lease a Bike,,46:34:19,00:11:03
tirreno-adriatico:2026:4,4,22,23,,Team Picnic PostNL,,46:35:22,00:12:06
tirreno-adriatico:2026:4,4,23,11,,Soudal Quick-Step,,46:39:33,00:16:17
tirreno-adriatico:2026:4,4,24,24,,Bardiani CSF 7 Saber,,46:39:50,00:16:34
tirreno-adriatico:2026:5,5,1,7,,EF Education - EasyPost,,60:38:01,
tirreno-adriatico:2026:5,5,2,1,,Red Bull - BORA - hansgrohe,,60:39:05,00:01:04
tirreno-adriatico:2026:5,5,3,3,,INEOS Grenadiers,,60:41:10,00:03:09
tirreno-adriatico:2026:5,5,4,2,,UAE Team Emirates - XRG,,60:44:03,00:06:02
tirreno-adriatico:2026:5,5,5,9,,Groupama - FDJ United,,60:44:43,00:06:42
tirreno-adriatico:2026:5,5,6,4,,Bahrain - Victorious,,60:49:09,00:11:08
tirreno-adriatico:2026:5,5,7,6,,Movistar Team,,60:52:41,00:14:40
tirreno-adriatico:2026:5,5,8,5,,XDS Astana Team,,60:55:15,00:17:14
tirreno-adriatico:2026:5,5,9,12,,Team Jayco AlUla,,60:56:16,00:18:15
tirreno-adriatico:2026:5,5,10,18,,Tudor Pro Cycling Team,,61:00:18,00:22:17
tirreno-adriatico:2026:5,5,11,8,,Alpecin-Premier Tech,,61:05:11,00:27:10
tirreno-adriatico:2026:5,5,12,13,,Uno-X Mobility,,61:06:27,00:28:26
tirreno-adriatico:2026:5,5,13,10,,Caja Rural - Seguros RGA,,61:10:26,00:32:25
tirreno-adriatico:2026:5,5,14,15,,NSN Cycling Team,,61:11:05,00:33:04
tirreno-adriatico:2026:5,5,15,14,,Team Polti VisitMalta,,61:12:50,00:34:49
tirreno-adriatico:2026:5,5,16,20,,Lidl - Trek,,61:13:08,00:35:07
tirreno-adriatico:2026:5,5,17,21,,Team Visma | Lease a Bike,,61:14:45,00:36:44
tirreno-adriatico:2026:5,5,18,11,,Pinarello Q36.5 Pro Cycling Team,,61:15:14,00:37:13
tirreno-adriatico:2026:5,5,19,16,,Lotto Intermarché,,61:26:55,00:48:54
tirreno-adriatico:2026:5,5,20,17,,Decathlon CMA CGM Team,,61:27:12,00:49:11
tirreno-adriatico:2026:5,5,21,19,,Solution Tech NIPPO Rali,,61:31:44,00:53:43
tirreno-adriatico:2026:5,5,22,22,,Team Picnic PostNL,,61:39:33,01:01:32
tirreno-adriatico:2026:5,5,23,24,,Bardiani CSF 7 Saber,,61:46:54,01:08:53
tirreno-adriatico:2026:5,5,24,23,,Soudal Quick-Step,,61:55:35,01:17:34
tirreno-adriatico:2026:6,6,1,2,,Red Bull - BORA - hansgrohe,,75:04:24,
tirreno-adriatico:2026:6,6,2,1,,EF Education - EasyPost,,75:12:41,00:08:17
tirreno-adriatico:2026:6,6,3,4,,UAE Team Emirates - XRG,,75:14:46,00:10:22
tirreno-adriatico:2026:6,6,4,5,,Groupama - FDJ United,,75:18:07,00:13:43
tirreno-adriatico:2026:6,6,5,6,,Bahrain - Victorious,,75:18:11,00:13:47
tirreno-adriatico:2026:6,6,6,3,,INEOS Grenadiers,,75:18:36,00:14:12
tirreno-adriatico:2026:6,6,7,9,,Team Jayco AlUla,,75:22:31,00:18:07
tirreno-adriatico:2026:6,6,8,12,,Uno-X Mobility,,75:38:23,00:33:59
tirreno-adriatico:2026:6,6,9,7,,Movistar Team,,75:39:39,00:35:15
tirreno-adriatico:2026:6,6,10,17,,Team Visma | Lease a Bike,,75:46:04,00:41:40
tirreno-adriatico:2026:6,6,11,16,,Lidl - Trek,,75:59:17,00:54:53
tirreno-adriatico:2026:6,6,12,15,,Team Polti VisitMalta,,76:03:09,00:58:45
tirreno-adriatico:2026:6,6,13,8,,XDS Astana Team,,76:04:13,00:59:49
tirreno-adriatico:2026:6,6,14,14,,NSN Cycling Team,,76:05:02,01:00:38
tirreno-adriatico:2026:6,6,15,10,,Tudor Pro Cycling Team,,76:06:09,01:01:45
tirreno-adriatico:2026:6,6,16,18,,Pinarello Q36.5 Pro Cycling Team,,76:09:50,01:05:26
tirreno-adriatico:2026:6,6,17,13,,Caja Rural - Seguros RGA,,76:24:07,01:19:43
tirreno-adriatico:2026:6,6,18,11,,Alpecin-Premier Tech,,76:32:41,01:28:17
tirreno-adriatico:2026:6,6,19,20,,Decathlon CMA CGM Team,,76:36:35,01:32:11
tirreno-adriatico:2026:6,6,20,21,,Solution Tech NIPPO Rali,,76:45:05,01:40:41
tirreno-adriatico:2026:6,6,21,22,,Team Picnic PostNL,,76:55:18,01:50:54
tirreno-adriatico:2026:6,6,22,19,,Lotto Intermarché,,76:58:57,01:54:33
tirreno-adriatico:2026:6,6,23,23,,Bardiani CSF 7 Saber,,77:13:09,02:08:45
tirreno-adriatico:2026:6,6,24,24,,Soudal Quick-Step,,77:25:08,02:20:44
tirreno-adriatico:2026:7,7,1,1,,Red Bull - BORA - hansgrohe,,84:19:06,
tirreno-adriatico:2026:7,7,2,2,,EF Education - EasyPost,,84:27:23,00:08:17
tirreno-adriatico:2026:7,7,3,3,,UAE Team Emirates - XRG,,84:29:28,00:10:22
tirreno-adriatico:2026:7,7,4,4,,Groupama - FDJ United,,84:32:49,00:13:43
tirreno-adriatico:2026:7,7,5,5,,Bahrain - Victorious,,84:32:53,00:13:47
tirreno-adriatico:2026:7,7,6,6,,INEOS Grenadiers,,84:33:18,00:14:12
tirreno-adriatico:2026:7,7,7,7,,Team Jayco AlUla,,84:37:13,00:18:07
tirreno-adriatico:2026:7,7,8,8,,Uno-X Mobility,,84:53:05,00:33:59
tirreno-adriatico:2026:7,7,9,9,,Movistar Team,,84:54:21,00:35:15
tirreno-adriatico:2026:7,7,10,10,,Team Visma | Lease a Bike,,85:00:46,00:41:40
tirreno-adriatico:2026:7,7,11,11,,Lidl - Trek,,85:13:59,00:54:53
tirreno-adriatico:2026:7,7,12,12,,Team Polti VisitMalta,,85:17:51,00:58:45
tirreno-adriatico:2026:7,7,13,13,,XDS Astana Team,,85:18:55,00:59:49
tirreno-adriatico:2026:7,7,14,14,,NSN Cycling Team,,85:19:44,01:00:38
tirreno-adriatico:2026:7,7,15,15,,Tudor Pro Cycling Team,,85:20:51,01:01:45
tirreno-adriatico:2026:7,7,16,16,,Pinarello Q36.5 Pro Cycling Team,,85:24:32,01:05:26
tirreno-adriatico:2026:7,7,17,17,,Caja Rural - Seguros RGA,,85:38:49,01:19:43
tirreno-adriatico:2026:7,7,18,18,,Alpecin-Premier Tech,,85:47:23,01:28:17
tirreno-adriatico:2026:7,7,19,19,,Decathlon CMA CGM Team,,85:51:17,01:32:11
tirreno-adriatico:2026:7,7,20,20,,Solution Tech NIPPO Rali,,85:59:47,01:40:41
tirreno-adriatico:2026:7,7,21,21,,Team Picnic PostNL,,86:10:00,01:50:54
tirreno-adriatico:2026:7,7,22,22,,Lotto Intermarché,,86:13:39,01:54:33
tirreno-adriatico:2026:7,7,23,23,,Bardiani CSF 7 Saber,,86:27:51,02:08:45
tirreno-adriatico:2026:7,7,24,24,,Soudal Quick-Step,,86:39:50,02:20:44
tour-down-under:2026:1,1,1,1,,Red Bull - BORA - hansgrohe,,08:21:12,
tour-down-under:2026:1,1,2,2,,INEOS Grenadiers,,08:21:12,
tour-down-under:2026:1,1,3,3,,UAE Team Emirates - XRG,,08:21:13,00:00:01
tour-down-under:2026:1,1,4,4,,Team Jayco AlUla,,08:21:13,00:00:01
tour-down-under:2026:1,1,5,5,,Decathlon CMA CGM Team,,08:21:14,00:00:02
tour-down-under:2026:1,1,6,6,,Tudor Pro Cycling Team,,08:21:15,00:00:03
tour-down-under:2026:1,1,7,7,,EF Education - EasyPost,,08:21:16,00:00:04
tour-down-under:2026:1,1,8,8,,Uno-X Mobility,,08:21:19,00:00:07
tour-down-under:2026:1,1,9,9,,Australia,,08:21:19,00:00:07
tour-down-under:2026:1,1,10,10,,Soudal Quick-Step,,08:21:22,00:00:10
tour-down-under:2026:1,1,11,11,,Alpecin-Premier Tech,,08:21:24,00:00:12
tour-down-under:2026:1,1,12,12,,NSN Cycling Team,,08:21:25,00:00:13
tour-down-under:2026:1,1,13,13,,Bahrain - Victorious,,08:21:27,00:00:15
tour-down-under:2026:1,1,14,14,,Team Visma | Lease a Bike,,08:21:30,00:00:18
tour-down-under:2026:1,1,15,15,,XDS Astana Team,,08:21:32,00:00:20
tour-down-under:2026:1,1,16,16,,Lidl - Trek,,08:21:34,00:00:22
tour-down-under:2026:1,1,17,17,,Lotto Intermarché,,08:21:37,00:00:25
tour-down-under:2026:1,1,18,18,,Movistar Team,,08:21:38,00:00:26
tour-down-under:2026:1,1,19,19,,Team Picnic PostNL,,08:21:49,00:00:37
tour-down-under:2026:1,1,20,20,,Groupama - FDJ United,,08:21:52,00:00:40
tour-down-under:2026:2,2,1,3,,UAE Team Emirates - XRG,,19:12:17,
tour-down-under:2026:2,2,2,18,,Movistar Team,,19:14:58,00:02:41
tour-down-under:2026:2,2,3,4,,Team Jayco AlUla,,19:15:08,00:02:51
tour-down-under:2026:2,2,4,7,,EF Education - EasyPost,,19:15:11,00:02:54
tour-down-under:2026:2,2,5,10,,Soudal Quick-Step,,19:15:17,00:03:00
tour-down-under:2026:2,2,6,16,,Lidl - Trek,,19:15:29,00:03:12
tour-down-under:2026:2,2,7,9,,Australia,,19:15:59,00:03:42
tour-down-under:2026:2,2,8,14,,Team Visma | Lease a Bike,,19:16:44,00:04:27
tour-down-under:2026:2,2,9,5,,Decathlon CMA CGM Team,,19:17:02,00:04:45
tour-down-under:2026:2,2,10,12,,NSN Cycling Team,,19:17:13,00:04:56
tour-down-under:2026:2,2,11,19,,Team Picnic PostNL,,19:17:37,00:05:20
tour-down-under:2026:2,2,12,8,,Uno-X Mobility,,19:17:39,00:05:22
tour-down-under:2026:2,2,13,15,,XDS Astana Team,,19:18:29,00:06:12
tour-down-under:2026:2,2,14,20,,Groupama - FDJ United,,19:18:49,00:06:32
tour-down-under:2026:2,2,15,2,,INEOS Grenadiers,,19:18:55,00:06:38
tour-down-under:2026:2,2,16,17,,Lotto Intermarché,,19:19:55,00:07:38
tour-down-under:2026:2,2,17,1,,Red Bull - BORA - hansgrohe,,19:20:13,00:07:56
tour-down-under:2026:2,2,18,6,,Tudor Pro Cycling Team,,19:25:28,00:13:11
tour-down-under:2026:2,2,19,13,,Bahrain - Victorious,,19:26:25,00:14:08
tour-down-under:2026:2,2,20,11,,Alpecin-Premier Tech,,19:33:24,00:21:07
tour-down-under:2026:3,3,1,1,,UAE Team Emirates - XRG,,29:32:26,
tour-down-under:2026:3,3,2,2,,Movistar Team,,29:35:07,00:02:41
tour-down-under:2026:3,3,3,3,,Team Jayco AlUla,,29:35:17,00:02:51
tour-down-under:2026:3,3,4,4,,EF Education - EasyPost,,29:35:20,00:02:54
tour-down-under:2026:3,3,5,5,,Soudal Quick-Step,,29:35:26,00:03:00
tour-down-under:2026:3,3,6,6,,Lidl - Trek,,29:35:38,00:03:12
tour-down-under:2026:3,3,7,7,,Australia,,29:36:08,00:03:42
tour-down-under:2026:3,3,8,8,,Team Visma | Lease a Bike,,29:36:53,00:04:27
tour-down-under:2026:3,3,9,9,,Decathlon CMA CGM Team,,29:37:11,00:04:45
tour-down-under:2026:3,3,10,10,,NSN Cycling Team,,29:37:22,00:04:56
tour-down-under:2026:3,3,11,11,,Team Picnic PostNL,,29:37:46,00:05:20
tour-down-under:2026:3,3,12,12,,Uno-X Mobility,,29:37:48,00:05:22
tour-down-under:2026:3,3,13,13,,XDS Astana Team,,29:38:38,00:06:12
tour-down-under:2026:3,3,14,14,,Groupama - FDJ United,,29:38:58,00:06:32
tour-down-under:2026:3,3,15,15,,INEOS Grenadiers,,29:39:04,00:06:38
tour-down-under:2026:3,3,16,16,,Lotto Intermarché,,29:40:04,00:07:38
tour-down-under:2026:3,3,17,17,,Red Bull - BORA - hansgrohe,,29:40:22,00:07:56
tour-down-under:2026:3,3,18,18,,Tudor Pro Cycling Team,,29:45:37,00:13:11
tour-down-under:2026:3,3,19,19,,Bahrain - Victorious,,29:46:34,00:14:08
tour-down-under:2026:3,3,20,20,,Alpecin-Premier Tech,,29:53:33,00:21:07
tour-down-under:2026:4,4,1,1,,UAE Team Emirates - XRG,,38:22:46,
tour-down-under:2026:4,4,2,2,,Movistar Team,,38:24:37,00:01:51
tour-down-under:2026:4,4,3,3,,Team Jayco AlUla,,38:24:47,00:02:01
tour-down-under:2026:4,4,4,4,,EF Education - EasyPost,,38:24:50,00:02:04
tour-down-under:2026:4,4,5,5,,Soudal Quick-Step,,38:24:56,00:02:10
tour-down-under:2026:4,4,6,6,,Lidl - Trek,,38:25:08,00:02:22
tour-down-under:2026:4,4,7,7,,Australia,,38:25:38,00:02:52
tour-down-under:2026:4,4,8,9,,Decathlon CMA CGM Team,,38:26:41,00:03:55
tour-down-under:2026:4,4,9,10,,NSN Cycling Team,,38:27:28,00:04:42
tour-down-under:2026:4,4,10,12,,Uno-X Mobility,,38:27:43,00:04:57
tour-down-under:2026:4,4,11,8,,Team Visma | Lease a Bike,,38:27:56,00:05:10
tour-down-under:2026:4,4,12,11,,Team Picnic PostNL,,38:28:28,00:05:42
tour-down-under:2026:4,4,13,13,,XDS Astana Team,,38:28:33,00:05:47
tour-down-under:2026:4,4,14,14,,Groupama - FDJ United,,38:29:04,00:06:18
tour-down-under:2026:4,4,15,15,,INEOS Grenadiers,,38:29:06,00:06:20
tour-down-under:2026:4,4,16,16,,Lotto Intermarché,,38:30:49,00:08:03
tour-down-under:2026:4,4,17,17,,Red Bull - BORA - hansgrohe,,38:31:11,00:08:25
tour-down-under:2026:4,4,18,18,,Tudor Pro Cycling Team,,38:35:07,00:12:21
tour-down-under:2026:4,4,19,19,,Bahrain - Victorious,,38:37:05,00:14:19
tour-down-under:2026:4,4,20,20,,Alpecin-Premier Tech,,38:44:29,00:21:43
tour-down-under:2026:5,5,1,3,,Team Jayco AlUla,,50:19:11,
tour-down-under:2026:5,5,2,2,,Movistar Team,,50:19:23,00:00:12
tour-down-under:2026:5,5,3,6,,Lidl - Trek,,50:19:40,00:00:29
tour-down-under:2026:5,5,4,1,,UAE Team Emirates - XRG,,50:20:05,00:00:54
tour-down-under:2026:5,5,5,7,,Australia,,50:20:21,00:01:10
tour-down-under:2026:5,5,6,5,,Soudal Quick-Step,,50:20:31,00:01:20
tour-down-under:2026:5,5,7,4,,EF Education - EasyPost,,50:21:22,00:02:11
tour-down-under:2026:5,5,8,10,,Uno-X Mobility,,50:22:54,00:03:43
tour-down-under:2026:5,5,9,13,,XDS Astana Team,,50:22:57,00:03:46
tour-down-under:2026:5,5,10,11,,Team Visma | Lease a Bike,,50:23:15,00:04:04
tour-down-under:2026:5,5,11,12,,Team Picnic PostNL,,50:23:26,00:04:15
tour-down-under:2026:5,5,12,8,,Decathlon CMA CGM Team,,50:23:31,00:04:20
tour-down-under:2026:5,5,13,14,,Groupama - FDJ United,,50:23:44,00:04:33
tour-down-under:2026:5,5,14,15,,INEOS Grenadiers,,50:24:00,00:04:49
tour-down-under:2026:5,5,15,16,,Lotto Intermarché,,50:26:27,00:07:16
tour-down-under:2026:5,5,16,17,,Red Bull - BORA - hansgrohe,,50:27:09,00:07:58
tour-down-under:2026:5,5,17,9,,NSN Cycling Team,,50:31:20,00:12:09
tour-down-under:2026:5,5,18,19,,Bahrain - Victorious,,50:35:29,00:16:18
tour-down-under:2026:5,5,19,18,,Tudor Pro Cycling Team,,50:36:11,00:17:00
tour-down-under:2026:5,5,20,20,,Alpecin-Premier Tech,,50:40:30,00:21:19
uae-tour:2026:1,1,1,,,XDS Astana Team,,07:32:48,
uae-tour:2026:1,1,2,,,Bahrain - Victorious,,07:32:48,
uae-tour:2026:1,1,3,,,Uno-X Mobility,,07:32:48,
uae-tour:2026:1,1,4,,,Decathlon CMA CGM Team,,07:32:48,
uae-tour:2026:1,1,5,,,Alpecin-Premier Tech,,07:32:48,
uae-tour:2026:1,1,6,,,EF Education - EasyPost,,07:32:48,
uae-tour:2026:1,1,7,,,UAE Team Emirates - XRG,,07:32:48,
uae-tour:2026:1,1,8,,,Movistar Team,,07:32:48,
uae-tour:2026:1,1,9,,,Team Jayco AlUla,,07:32:48,
uae-tour:2026:1,1,10,,,Team Visma | Lease a Bike,,07:32:48,
uae-tour:2026:1,1,11,,,Modern Adventure Pro Cycling,,07:32:48,
uae-tour:2026:1,1,12,,,NSN Cycling Team,,07:32:48,
uae-tour:2026:1,1,13,,,INEOS Grenadiers,,07:32:48,
uae-tour:2026:1,1,14,,,Team Picnic PostNL,,07:32:48,
uae-tour:2026:1,1,15,,,Pinarello Q36.5 Pro Cycling Team,,07:32:48,
uae-tour:2026:1,1,16,,,Red Bull - BORA - hansgrohe,,07:32:48,
uae-tour:2026:1,1,17,,,Tudor Pro Cycling Team,,07:32:48,
uae-tour:2026:1,1,18,,,Soudal Quick-Step,,07:32:48,
uae-tour:2026:1,1,19,,,Lidl - Trek,,07:32:48,
uae-tour:2026:1,1,20,,,Lotto Intermarché,,07:32:48,
uae-tour:2026:1,1,21,,,Groupama - FDJ United,,07:32:48,
uae-tour:2026:2,2,1,13,,INEOS Grenadiers,,08:13:06,
uae-tour:2026:2,2,2,16,,Red Bull - BORA - hansgrohe,,08:13:14,00:00:08
uae-tour:2026:2,2,3,7,,UAE Team Emirates - XRG,,08:13:42,00:00:36
uae-tour:2026:2,2,4,4,,Decathlon CMA CGM Team,,08:13:46,00:00:40
uae-tour:2026:2,2,5,9,,Team Jayco AlUla,,08:13:47,00:00:41
uae-tour:2026:2,2,6,19,,Lidl - Trek,,08:13:58,00:00:52
uae-tour:2026:2,2,7,18,,Soudal Quick-Step,,08:14:05,00:00:59
uae-tour:2026:2,2,8,21,,Groupama - FDJ United,,08:14:09,00:01:03
uae-tour:2026:2,2,9,17,,Tudor Pro Cycling Team,,08:14:10,00:01:04
uae-tour:2026:2,2,10,10,,Team Visma | Lease a Bike,,08:14:11,00:01:05
uae-tour:2026:2,2,11,1,,XDS Astana Team,,08:14:19,00:01:13
uae-tour:2026:2,2,12,8,,Movistar Team,,08:14:26,00:01:20
uae-tour:2026:2,2,13,6,,EF Education - EasyPost,,08:14:29,00:01:23
uae-tour:2026:2,2,14,20,,Lotto Intermarché,,08:14:36,00:01:30
uae-tour:2026:2,2,15,11,,Modern Adventure Pro Cycling,,08:14:40,00:01:34
uae-tour:2026:2,2,16,15,,Pinarello Q36.5 Pro Cycling Team,,08:14:46,00:01:40
uae-tour:2026:2,2,17,2,,Bahrain - Victorious,,08:15:01,00:01:55
uae-tour:2026:2,2,18,3,,Uno-X Mobility,,08:15:06,00:02:00
uae-tour:2026:2,2,19,12,,NSN Cycling Team,,08:15:17,00:02:11
uae-tour:2026:2,2,20,14,,Team Picnic PostNL,,08:15:33,00:02:27
uae-tour:2026:2,2,21,5,,Alpecin-Premier Tech,,08:15:50,00:02:44
uae-tour:2026:3,3,1,3,,UAE Team Emirates - XRG,,21:32:43,
uae-tour:2026:3,3,2,10,,Team Visma | Lease a Bike,,21:33:19,00:00:36
uae-tour:2026:3,3,3,16,,Pinarello Q36.5 Pro Cycling Team,,21:37:06,00:04:23
uae-tour:2026:3,3,4,18,,Uno-X Mobility,,21:37:07,00:04:24
uae-tour:2026:3,3,5,5,,Team Jayco AlUla,,21:37:22,00:04:39
uae-tour:2026:3,3,6,13,,EF Education - EasyPost,,21:37:31,00:04:48
uae-tour:2026:3,3,7,17,,Bahrain - Victorious,,21:39:01,00:06:18
uae-tour:2026:3,3,8,12,,Movistar Team,,21:39:21,00:06:38
uae-tour:2026:3,3,9,6,,Lidl - Trek,,21:40:16,00:07:33
uae-tour:2026:3,3,10,9,,Tudor Pro Cycling Team,,21:41:06,00:08:23
uae-tour:2026:3,3,11,11,,XDS Astana Team,,21:41:35,00:08:52
uae-tour:2026:3,3,12,2,,Red Bull - BORA - hansgrohe,,21:44:00,00:11:17
uae-tour:2026:3,3,13,7,,Soudal Quick-Step,,21:45:49,00:13:06
uae-tour:2026:3,3,14,1,,INEOS Grenadiers,,21:47:13,00:14:30
uae-tour:2026:3,3,15,20,,Team Picnic PostNL,,21:47:50,00:15:07
uae-tour:2026:3,3,16,14,,Lotto Intermarché,,21:51:02,00:18:19
uae-tour:2026:3,3,17,19,,NSN Cycling Team,,21:51:46,00:19:03
uae-tour:2026:3,3,18,8,,Groupama - FDJ United,,21:52:11,00:19:28
uae-tour:2026:3,3,19,15,,Modern Adventure Pro Cycling,,21:55:36,00:22:53
uae-tour:2026:3,3,20,4,,Decathlon CMA CGM Team,,21:57:51,00:25:08
uae-tour:2026:3,3,21,21,,Alpecin-Premier Tech,,22:04:15,00:31:32
uae-tour:2026:4,4,1,1,,UAE Team Emirates - XRG,,33:42:01,
uae-tour:2026:4,4,2,2,,Team Visma | Lease a Bike,,33:42:37,00:00:36
uae-tour:2026:4,4,3,3,,Pinarello Q36.5 Pro Cycling Team,,33:46:24,00:04:23
uae-tour:2026:4,4,4,4,,Uno-X Mobility,,33:46:25,00:04:24
uae-tour:2026:4,4,5,5,,Team Jayco AlUla,,33:46:40,00:04:39
uae-tour:2026:4,4,6,6,,EF Education - EasyPost,,33:46:49,00:04:48
uae-tour:2026:4,4,7,7,,Bahrain - Victorious,,33:48:19,00:06:18
uae-tour:2026:4,4,8,8,,Movistar Team,,33:48:39,00:06:38
uae-tour:2026:4,4,9,9,,Lidl - Trek,,33:49:34,00:07:33
uae-tour:2026:4,4,10,10,,Tudor Pro Cycling Team,,33:50:24,00:08:23
uae-tour:2026:4,4,11,11,,XDS Astana Team,,33:50:53,00:08:52
uae-tour:2026:4,4,12,12,,Red Bull - BORA - hansgrohe,,33:53:18,00:11:17
uae-tour:2026:4,4,13,13,,Soudal Quick-Step,,33:55:07,00:13:06
uae-tour:2026:4,4,14,14,,INEOS Grenadiers,,33:56:31,00:14:30
uae-tour:2026:4,4,15,15,,Team Picnic PostNL,,33:57:08,00:15:07
uae-tour:2026:4,4,16,16,,Lotto Intermarché,,34:00:20,00:18:19
uae-tour:2026:4,4,17,17,,NSN Cycling Team,,34:01:04,00:19:03
uae-tour:2026:4,4,18,18,,Groupama - FDJ United,,34:01:29,00:19:28
uae-tour:2026:4,4,19,19,,Modern Adventure Pro Cycling,,34:04:54,00:22:53
uae-tour:2026:4,4,20,20,,Decathlon CMA CGM Team,,34:07:09,00:25:08
uae-tour:2026:4,4,21,21,,Alpecin-Premier Tech,,34:13:33,00:31:32
uae-tour:2026:5,5,1,1,,UAE Team Emirates - XRG,,44:21:55,
uae-tour:2026:5,5,2,2,,Team Visma | Lease a Bike,,44:22:31,00:00:36
uae-tour:2026:5,5,3,3,,Pinarello Q36.5 Pro Cycling Team,,44:26:18,00:04:23
uae-tour:2026:5,5,4,4,,Uno-X Mobility,,44:26:19,00:04:24
uae-tour:2026:5,5,5,5,,Team Jayco AlUla,,44:26:34,00:04:39
uae-tour:2026:5,5,6,6,,EF Education - EasyPost,,44:26:43,00:04:48
uae-tour:2026:5,5,7,7,,Bahrain - Victorious,,44:28:13,00:06:18
uae-tour:2026:5,5,8,8,,Movistar Team,,44:28:33,00:06:38
uae-tour:2026:5,5,9,9,,Lidl - Trek,,44:29:28,00:07:33
uae-tour:2026:5,5,10,10,,Tudor Pro Cycling Team,,44:30:18,00:08:23
uae-tour:2026:5,5,11,11,,XDS Astana Team,,44:30:47,00:08:52
uae-tour:2026:5,5,12,12,,Red Bull - BORA - hansgrohe,,44:33:12,00:11:17
uae-tour:2026:5,5,13,13,,Soudal Quick-Step,,44:35:01,00:13:06
uae-tour:2026:5,5,14,14,,INEOS Grenadiers,,44:36:25,00:14:30
uae-tour:2026:5,5,15,15,,Team Picnic PostNL,,44:37:02,00:15:07
uae-tour:2026:5,5,16,16,,Lotto Intermarché,,44:40:14,00:18:19
uae-tour:2026:5,5,17,17,,NSN Cycling Team,,44:40:58,00:19:03
uae-tour:2026:5,5,18,18,,Groupama - FDJ United,,44:41:23,00:19:28
uae-tour:2026:5,5,19,19,,Modern Adventure Pro Cycling,,44:44:48,00:22:53
uae-tour:2026:5,5,20,20,,Decathlon CMA CGM Team,,44:47:03,00:25:08
uae-tour:2026:5,5,21,21,,Alpecin-Premier Tech,,44:53:27,00:31:32
uae-tour:2026:6,6,1,1,,UAE Team Emirates - XRG,,54:50:32,
uae-tour:2026:6,6,2,2,,Team Visma | Lease a Bike,,54:50:54,00:00:22
uae-tour:2026:6,6,3,4,,Uno-X Mobility,,54:55:57,00:05:25
uae-tour:2026:6,6,4,6,,EF Education - EasyPost,,54:56:05,00:05:33
uae-tour:2026:6,6,5,8,,Movistar Team,,54:59:08,00:08:36
uae-tour:2026:6,6,6,5,,Team Jayco AlUla,,54:59:12,00:08:40
uae-tour:2026:6,6,7,11,,XDS Astana Team,,54:59:53,00:09:21
uae-tour:2026:6,6,8,3,,Pinarello Q36.5 Pro Cycling Team,,55:00:30,00:09:58
uae-tour:2026:6,6,9,10,,Tudor Pro Cycling Team,,55:01:44,00:11:12
uae-tour:2026:6,6,10,7,,Bahrain - Victorious,,55:09:26,00:18:54
uae-tour:2026:6,6,11,13,,Soudal Quick-Step,,55:12:01,00:21:29
uae-tour:2026:6,6,12,9,,Lidl - Trek,,55:14:42,00:24:10
uae-tour:2026:6,6,13,18,,Groupama - FDJ United,,55:19:02,00:28:30
uae-tour:2026:6,6,14,14,,INEOS Grenadiers,,55:19:29,00:28:57
uae-tour:2026:6,6,15,12,,Red Bull - BORA - hansgrohe,,55:20:36,00:30:04
uae-tour:2026:6,6,16,17,,NSN Cycling Team,,55:22:55,00:32:23
uae-tour:2026:6,6,17,16,,Lotto Intermarché,,55:23:36,00:33:04
uae-tour:2026:6,6,18,15,,Team Picnic PostNL,,55:25:51,00:35:19
uae-tour:2026:6,6,19,19,,Modern Adventure Pro Cycling,,55:26:31,00:35:59
uae-tour:2026:6,6,20,20,,Decathlon CMA CGM Team,,55:30:19,00:39:47
uae-tour:2026:6,6,21,21,,Alpecin-Premier Tech,,55:36:31,00:45:59
uae-tour:2026:7,7,1,1,,UAE Team Emirates - XRG,,63:40:56,
uae-tour:2026:7,7,2,2,,Team Visma | Lease a Bike,,63:41:18,00:00:22
uae-tour:2026:7,7,3,3,,Uno-X Mobility,,63:46:21,00:05:25
uae-tour:2026:7,7,4,4,,EF Education - EasyPost,,63:46:29,00:05:33
uae-tour:2026:7,7,5,5,,Movistar Team,,63:49:32,00:08:36
uae-tour:2026:7,7,6,6,,Team Jayco AlUla,,63:49:36,00:08:40
uae-tour:2026:7,7,7,7,,XDS Astana Team,,63:50:17,00:09:21
uae-tour:2026:7,7,8,8,,Pinarello Q36.5 Pro Cycling Team,,63:50:54,00:09:58
uae-tour:2026:7,7,9,9,,Tudor Pro Cycling Team,,63:52:08,00:11:12
uae-tour:2026:7,7,10,10,,Bahrain - Victorious,,63:59:50,00:18:54
uae-tour:2026:7,7,11,11,,Soudal Quick-Step,,64:02:25,00:21:29
uae-tour:2026:7,7,12,12,,Lidl - Trek,,64:05:06,00:24:10
uae-tour:2026:7,7,13,13,,Groupama - FDJ United,,64:09:26,00:28:30
uae-tour:2026:7,7,14,14,,INEOS Grenadiers,,64:09:53,00:28:57
uae-tour:2026:7,7,15,15,,Red Bull - BORA - hansgrohe,,64:11:00,00:30:04
uae-tour:2026:7,7,16,16,,NSN Cycling Team,,64:13:19,00:32:23
uae-tour:2026:7,7,17,17,,Lotto Intermarché,,64:14:00,00:33:04
uae-tour:2026:7,7,18,18,,Team Picnic PostNL,,64:16:15,00:35:19
uae-tour:2026:7,7,19,19,,Modern Adventure Pro Cycling,,64:16:55,00:35:59
uae-tour:2026:7,7,20,20,,Decathlon CMA CGM Team,,64:20:43,00:39:47
uae-tour:2026:7,7,21,21,,Alpecin-Premier Tech,,64:26:55,00:45:59
volta-a-catalunya:2026:1,1,1,,,INEOS Grenadiers,,12:03:27,
volta-a-catalunya:2026:1,1,2,,,Red Bull - BORA - hansgrohe,,12:03:27,
volta-a-catalunya:2026:1,1,3,,,Team Visma | Lease a Bike,,12:03:27,
volta-a-catalunya:2026:1,1,4,,,Decathlon CMA CGM Team,,12:03:27,
volta-a-catalunya:2026:1,1,5,,,Soudal Quick-Step,,12:03:27,
volta-a-catalunya:2026:1,1,6,,,XDS Astana Team,,12:03:27,
volta-a-catalunya:2026:1,1,7,,,Groupama - FDJ United,,12:03:27,
volta-a-catalunya:2026:1,1,8,,,Alpecin-Premier Tech,,12:03:27,
volta-a-catalunya:2026:1,1,9,,,UAE Team Emirates - XRG,,12:03:27,
volta-a-catalunya:2026:1,1,10,,,Bahrain - Victorious,,12:03:27,
volta-a-catalunya:2026:1,1,11,,,Uno-X Mobility,,12:03:27,
volta-a-catalunya:2026:1,1,12,,,Movistar Team,,12:03:27,
volta-a-catalunya:2026:1,1,13,,,EF Education - EasyPost,,12:03:27,
volta-a-catalunya:2026:1,1,14,,,Caja Rural - Seguros RGA,,12:03:27,
volta-a-catalunya:2026:1,1,15,,,Team Jayco AlUla,,12:03:27,
volta-a-catalunya:2026:1,1,16,,,NSN Cycling Team,,12:04:41,00:01:14
volta-a-catalunya:2026:1,1,17,,,Lidl - Trek,,12:05:13,00:01:46
volta-a-catalunya:2026:1,1,18,,,Burgos Burpellet BH,,12:06:13,00:02:46
volta-a-catalunya:2026:1,1,19,,,Euskaltel - Euskadi,,12:06:38,00:03:11
volta-a-catalunya:2026:1,1,20,,,Pinarello Q36.5 Pro Cycling Team,,12:07:49,00:04:22
volta-a-catalunya:2026:1,1,21,,,Lotto Intermarché,,12:07:59,00:04:32
volta-a-catalunya:2026:1,1,22,,,Equipo Kern Pharma,,12:10:10,00:06:43
volta-a-catalunya:2026:1,1,23,,,Modern Adventure Pro Cycling,,12:10:38,00:07:11
volta-a-catalunya:2026:2,2,1,1,,INEOS Grenadiers,,23:19:51,
volta-a-catalunya:2026:2,2,2,5,,Soudal Quick-Step,,23:19:51,
volta-a-catalunya:2026:2,2,3,2,,Red Bull - BORA - hansgrohe,,23:19:51,
volta-a-catalunya:2026:2,2,4,11,,Uno-X Mobility,,23:19:51,
volta-a-catalunya:2026:2,2,5,3,,Team Visma | Lease a Bike,,23:19:51,
volta-a-catalunya:2026:2,2,6,4,,Decathlon CMA CGM Team,,23:19:51,
volta-a-catalunya:2026:2,2,7,10,,Bahrain - Victorious,,23:19:51,
volta-a-catalunya:2026:2,2,8,13,,EF Education - EasyPost,,23:19:51,
volta-a-catalunya:2026:2,2,9,6,,XDS Astana Team,,23:19:51,
volta-a-catalunya:2026:2,2,10,7,,Groupama - FDJ United,,23:19:51,
volta-a-catalunya:2026:2,2,11,9,,UAE Team Emirates - XRG,,23:19:51,
volta-a-catalunya:2026:2,2,12,8,,Alpecin-Premier Tech,,23:19:51,
volta-a-catalunya:2026:2,2,13,14,,Caja Rural - Seguros RGA,,23:19:51,
volta-a-catalunya:2026:2,2,14,12,,Movistar Team,,23:19:51,
volta-a-catalunya:2026:2,2,15,15,,Team Jayco AlUla,,23:19:51,
volta-a-catalunya:2026:2,2,16,16,,NSN Cycling Team,,23:21:05,00:01:14
volta-a-catalunya:2026:2,2,17,17,,Lidl - Trek,,23:21:37,00:01:46
volta-a-catalunya:2026:2,2,18,18,,Burgos Burpellet BH,,23:22:37,00:02:46
volta-a-catalunya:2026:2,2,19,19,,Euskaltel - Euskadi,,23:23:02,00:03:11
volta-a-catalunya:2026:2,2,20,20,,Pinarello Q36.5 Pro Cycling Team,,23:24:13,00:04:22
volta-a-catalunya:2026:2,2,21,21,,Lotto Intermarché,,23:24:23,00:04:32
volta-a-catalunya:2026:2,2,22,22,,Equipo Kern Pharma,,23:26:34,00:06:43
volta-a-catalunya:2026:2,2,23,23,,Modern Adventure Pro Cycling,,23:27:02,00:07:11
volta-a-catalunya:2026:3,3,1,1,,INEOS Grenadiers,,34:30:30,
volta-a-catalunya:2026:3,3,2,5,,Team Visma | Lease a Bike,,34:30:30,
volta-a-catalunya:2026:3,3,3,2,,Soudal Quick-Step,,34:30:30,
volta-a-catalunya:2026:3,3,4,12,,Alpecin-Premier Tech,,34:30:30,
volta-a-catalunya:2026:3,3,5,3,,Red Bull - BORA - hansgrohe,,34:30:30,
volta-a-catalunya:2026:3,3,6,6,,Decathlon CMA CGM Team,,34:30:30,
volta-a-catalunya:2026:3,3,7,7,,Bahrain - Victorious,,34:30:30,
volta-a-catalunya:2026:3,3,8,8,,EF Education - EasyPost,,34:30:30,
volta-a-catalunya:2026:3,3,9,9,,XDS Astana Team,,34:30:30,
volta-a-catalunya:2026:3,3,10,10,,Groupama - FDJ United,,34:30:30,
volta-a-catalunya:2026:3,3,11,11,,UAE Team Emirates - XRG,,34:30:30,
volta-a-catalunya:2026:3,3,12,13,,Caja Rural - Seguros RGA,,34:30:30,
volta-a-catalunya:2026:3,3,13,14,,Movistar Team,,34:30:30,
volta-a-catalunya:2026:3,3,14,15,,Team Jayco AlUla,,34:30:30,
volta-a-catalunya:2026:3,3,15,16,,NSN Cycling Team,,34:31:44,00:01:14
volta-a-catalunya:2026:3,3,16,17,,Lidl - Trek,,34:32:16,00:01:46
volta-a-catalunya:2026:3,3,17,4,,Uno-X Mobility,,34:32:56,00:02:26
volta-a-catalunya:2026:3,3,18,21,,Lotto Intermarché,,34:35:02,00:04:32
volta-a-catalunya:2026:3,3,19,18,,Burgos Burpellet BH,,34:35:42,00:05:12
volta-a-catalunya:2026:3,3,20,20,,Pinarello Q36.5 Pro Cycling Team,,34:36:21,00:05:51
volta-a-catalunya:2026:3,3,21,19,,Euskaltel - Euskadi,,34:38:33,00:08:03
volta-a-catalunya:2026:3,3,22,22,,Equipo Kern Pharma,,34:41:59,00:11:29
volta-a-catalunya:2026:3,3,23,23,,Modern Adventure Pro Cycling,,34:42:21,00:11:51
volta-a-catalunya:2026:4,4,1,1,,INEOS Grenadiers,,46:33:39,
volta-a-catalunya:2026:4,4,2,2,,Team Visma | Lease a Bike,,46:33:39,
volta-a-catalunya:2026:4,4,3,3,,Soudal Quick-Step,,46:33:39,
volta-a-catalunya:2026:4,4,4,4,,Alpecin-Premier Tech,,46:33:39,
volta-a-catalunya:2026:4,4,5,12,,Caja Rural - Seguros RGA,,46:33:39,
volta-a-catalunya:2026:4,4,6,5,,Red Bull - BORA - hansgrohe,,46:33:39,
volta-a-catalunya:2026:4,4,7,6,,Decathlon CMA CGM Team,,46:33:39,
volta-a-catalunya:2026:4,4,8,7,,Bahrain - Victorious,,46:33:39,
volta-a-catalunya:2026:4,4,9,8,,EF Education - EasyPost,,46:33:39,
volta-a-catalunya:2026:4,4,10,9,,XDS Astana Team,,46:33:39,
volta-a-catalunya:2026:4,4,11,10,,Groupama - FDJ United,,46:33:39,
volta-a-catalunya:2026:4,4,12,13,,Movistar Team,,46:33:39,
volta-a-catalunya:2026:4,4,13,11,,UAE Team Emirates - XRG,,46:33:39,
volta-a-catalunya:2026:4,4,14,14,,Team Jayco AlUla,,46:33:39,
volta-a-catalunya:2026:4,4,15,15,,NSN Cycling Team,,46:34:53,00:01:14
volta-a-catalunya:2026:4,4,16,16,,Lidl - Trek,,46:35:25,00:01:46
volta-a-catalunya:2026:4,4,17,17,,Uno-X Mobility,,46:36:05,00:02:26
volta-a-catalunya:2026:4,4,18,18,,Lotto Intermarché,,46:38:11,00:04:32
volta-a-catalunya:2026:4,4,19,19,,Burgos Burpellet BH,,46:38:51,00:05:12
volta-a-catalunya:2026:4,4,20,20,,Pinarello Q36.5 Pro Cycling Team,,46:39:30,00:05:51
volta-a-catalunya:2026:4,4,21,21,,Euskaltel - Euskadi,,46:41:42,00:08:03
volta-a-catalunya:2026:4,4,22,22,,Equipo Kern Pharma,,46:45:08,00:11:29
volta-a-catalunya:2026:4,4,23,23,,Modern Adventure Pro Cycling,,46:46:00,00:12:21
volta-a-catalunya:2026:5,5,1,2,,Team Visma | Lease a Bike,,59:20:13,
volta-a-catalunya:2026:5,5,2,3,,Soudal Quick-Step,,59:21:28,00:01:15
volta-a-catalunya:2026:5,5,3,12,,Movistar Team,,59:21:31,00:01:18
volta-a-catalunya:2026:5,5,4,7,,Decathlon CMA CGM Team,,59:22:04,00:01:51
volta-a-catalunya:2026:5,5,5,6,,Red Bull - BORA - hansgrohe,,59:22:07,00:01:54
volta-a-catalunya:2026:5,5,6,5,,Caja Rural - Seguros RGA,,59:27:31,00:07:18
volta-a-catalunya:2026:5,5,7,10,,XDS Astana Team,,59:27:36,00:07:23
volta-a-catalunya:2026:5,5,8,8,,Bahrain - Victorious,,59:30:20,00:10:07
volta-a-catalunya:2026:5,5,9,1,,INEOS Grenadiers,,59:34:38,00:14:25
volta-a-catalunya:2026:5,5,10,13,,UAE Team Emirates - XRG,,59:36:05,00:15:52
volta-a-catalunya:2026:5,5,11,9,,EF Education - EasyPost,,59:36:18,00:16:05
volta-a-catalunya:2026:5,5,12,11,,Groupama - FDJ United,,59:41:33,00:21:20
volta-a-catalunya:2026:5,5,13,16,,Lidl - Trek,,59:42:57,00:22:44
volta-a-catalunya:2026:5,5,14,14,,Team Jayco AlUla,,59:54:00,00:33:47
volta-a-catalunya:2026:5,5,15,15,,NSN Cycling Team,,59:59:16,00:39:03
volta-a-catalunya:2026:5,5,16,4,,Alpecin-Premier Tech,,60:00:57,00:40:44
volta-a-catalunya:2026:5,5,17,21,,Euskaltel - Euskadi,,60:03:42,00:43:29
volta-a-catalunya:2026:5,5,18,22,,Equipo Kern Pharma,,60:08:35,00:48:22
volta-a-catalunya:2026:5,5,19,17,,Uno-X Mobility,,60:15:24,00:55:11
volta-a-catalunya:2026:5,5,20,19,,Burgos Burpellet BH,,60:21:54,01:01:41
volta-a-catalunya:2026:5,5,21,18,,Lotto Intermarché,,60:25:17,01:05:04
volta-a-catalunya:2026:5,5,22,23,,Modern Adventure Pro Cycling,,60:29:52,01:09:39
volta-a-catalunya:2026:5,5,23,20,,Pinarello Q36.5 Pro Cycling Team,,60:46:33,01:26:20
volta-a-catalunya:2026:6,6,1,5,,Red Bull - BORA - hansgrohe,,71:43:00,
volta-a-catalunya:2026:6,6,2,1,,Team Visma | Lease a Bike,,71:45:39,00:02:39
volta-a-catalunya:2026:6,6,3,4,,Decathlon CMA CGM Team,,71:48:39,00:05:39
volta-a-catalunya:2026:6,6,4,2,,Soudal Quick-Step,,71:48:42,00:05:42
volta-a-catalunya:2026:6,6,5,3,,Movistar Team,,71:52:42,00:09:42
volta-a-catalunya:2026:6,6,6,8,,Bahrain - Victorious,,71:53:28,00:10:28
volta-a-catalunya:2026:6,6,7,6,,Caja Rural - Seguros RGA,,72:01:56,00:18:56
volta-a-catalunya:2026:6,6,8,7,,XDS Astana Team,,72:05:53,00:22:53
volta-a-catalunya:2026:6,6,9,9,,INEOS Grenadiers,,72:06:53,00:23:53
volta-a-catalunya:2026:6,6,10,11,,EF Education - EasyPost,,72:11:37,00:28:37
volta-a-catalunya:2026:6,6,11,13,,Lidl - Trek,,72:21:55,00:38:55
volta-a-catalunya:2026:6,6,12,10,,UAE Team Emirates - XRG,,72:25:06,00:42:06
volta-a-catalunya:2026:6,6,13,12,,Groupama - FDJ United,,72:33:02,00:50:02
volta-a-catalunya:2026:6,6,14,14,,Team Jayco AlUla,,72:38:34,00:55:34
volta-a-catalunya:2026:6,6,15,15,,NSN Cycling Team,,72:51:40,01:08:40
volta-a-catalunya:2026:6,6,16,16,,Alpecin-Premier Tech,,73:01:13,01:18:13
volta-a-catalunya:2026:6,6,17,17,,Euskaltel - Euskadi,,73:01:36,01:18:36
volta-a-catalunya:2026:6,6,18,18,,Equipo Kern Pharma,,73:02:16,01:19:16
volta-a-catalunya:2026:6,6,19,20,,Burgos Burpellet BH,,73:23:10,01:40:10
volta-a-catalunya:2026:6,6,20,19,,Uno-X Mobility,,73:25:35,01:42:35
volta-a-catalunya:2026:6,6,21,21,,Lotto Intermarché,,73:33:08,01:50:08
volta-a-catalunya:2026:6,6,22,23,,Pinarello Q36.5 Pro Cycling Team,,73:54:59,02:11:59
volta-a-catalunya:2026:6,6,23,22,,Modern Adventure Pro Cycling,,73:56:41,02:13:41
volta-a-catalunya:2026:7,7,1,1,,Red Bull - BORA - hansgrohe,,78:03:12,
volta-a-catalunya:2026:7,7,2,3,,Decathlon CMA CGM Team,,78:08:51,00:05:39
volta-a-catalunya:2026:7,7,3,2,,Team Visma | Lease a Bike,,78:10:41,00:07:29
volta-a-catalunya:2026:7,7,4,4,,Soudal Quick-Step,,78:11:52,00:08:40
volta-a-catalunya:2026:7,7,5,5,,Movistar Team,,78:14:40,00:11:28
volta-a-catalunya:2026:7,7,6,6,,Bahrain - Victorious,,78:16:38,00:13:26
volta-a-catalunya:2026:7,7,7,7,,Caja Rural - Seguros RGA,,78:24:21,00:21:09
volta-a-catalunya:2026:7,7,8,8,,XDS Astana Team,,78:26:05,00:22:53
volta-a-catalunya:2026:7,7,9,9,,INEOS Grenadiers,,78:27:59,00:24:47
volta-a-catalunya:2026:7,7,10,10,,EF Education - EasyPost,,78:42:43,00:39:31
volta-a-catalunya:2026:7,7,11,11,,Lidl - Trek,,78:45:05,00:41:53
volta-a-catalunya:2026:7,7,12,12,,UAE Team Emirates - XRG,,78:51:55,00:48:43
volta-a-catalunya:2026:7,7,13,13,,Groupama - FDJ United,,78:53:14,00:50:02
volta-a-catalunya:2026:7,7,14,14,,Team Jayco AlUla,,79:04:42,01:01:30
volta-a-catalunya:2026:7,7,15,15,,NSN Cycling Team,,79:16:42,01:13:30
volta-a-catalunya:2026:7,7,16,16,,Alpecin-Premier Tech,,79:21:25,01:18:13
volta-a-catalunya:2026:7,7,17,18,,Equipo Kern Pharma,,79:28:51,01:25:39
volta-a-catalunya:2026:7,7,18,17,,Euskaltel - Euskadi,,79:30:42,01:27:30
volta-a-catalunya:2026:7,7,19,19,,Burgos Burpellet BH,,79:51:04,01:47:52
volta-a-catalunya:2026:7,7,20,20,,Uno-X Mobility,,79:55:14,01:52:02
volta-a-catalunya:2026:7,7,21,21,,Lotto Intermarché,,79:59:16,01:56:04
volta-a-catalunya:2026:7,7,22,22,,Pinarello Q36.5 Pro Cycling Team,,80:23:12,02:20:00
volta-a-catalunya:2026:7,7,23,23,,Modern Adventure Pro Cycling,,80:29:27,02:26:15
