Stage UID,Stage,Rank,Previous Stage Ranking,Change,Bib,Specialty,Rider,Age,Team
itzulia-basque-country:2026:1,1,1,,,61,,Seixas Paul,,
itzulia-basque-country:2026:1,1,2,,,181,,August Andrew,,
itzulia-basque-country:2026:1,1,3,,,177,,Leonard Michael,,
itzulia-basque-country:2026:1,1,4,,,186,,Øxenberg Peter,,
itzulia-basque-country:2026:1,1,5,,,63,,Bisiaux Léo,,
itzulia-basque-country:2026:1,1,6,,,172,,Beloki Markel,,
itzulia-basque-country:2026:1,1,7,,,57,,Herzog Emil,,
itzulia-basque-country:2026:1,1,8,,,56,,Tuckwell Luke,,
itzulia-basque-country:2026:1,1,9,,,36,,Pericas Adrià,,
itzulia-basque-country:2026:1,1,10,,,205,,Kulset Johannes,,
itzulia-basque-country:2026:1,1,11,,,125,,Dockx Aaron,,
itzulia-basque-country:2026:1,1,12,,,105,,Koerdt Bjorn,,
itzulia-basque-country:2026:1,1,13,,,196,,Rex Tim,,
itzulia-basque-country:2026:1,1,14,,,161,,Ugarte Gari,,
itzulia-basque-country:2026:1,1,15,,,112,,Ermakov Roman,,
itzulia-basque-country:2026:1,1,16,,,103,,Faure Prost Alexy,,
itzulia-basque-country:2026:1,1,17,,,193,,Huising Menno,,
itzulia-basque-country:2026:1,1,18,,,213,,Ørn-Kristoff Felix,,
itzulia-basque-country:2026:1,1,19,,,83,,Gimeno Nil,,
itzulia-basque-country:2026:1,1,20,,,106,,Martinez Juan Guillermo,,
itzulia-basque-country:2026:1,1,21,,,85,,Ramos Unai,,
itzulia-basque-country:2026:1,1,22,,,23,,Decomble Maxime,,
itzulia-basque-country:2026:1,1,23,,,211,,Kockelmann Mathieu,,
itzulia-basque-country:2026:2,2,1,1,,61,,Seixas Paul,,
itzulia-basque-country:2026:2,2,2,6,,172,,Beloki Markel,,
itzulia-basque-country:2026:2,2,3,4,,186,,Øxenberg Peter,,
itzulia-basque-country:2026:2,2,4,16,,103,,Faure Prost Alexy,,
itzulia-basque-country:2026:2,2,5,8,,56,,Tuckwell Luke,,
itzulia-basque-country:2026:2,2,6,10,,205,,Kulset Johannes,,
itzulia-basque-country:2026:2,2,7,9,,36,,Pericas Adrià,,
itzulia-basque-country:2026:2,2,8,20,,106,,Martinez Juan Guillermo,,
itzulia-basque-country:2026:2,2,9,2,,181,,August Andrew,,
itzulia-basque-country:2026:2,2,10,12,,105,,Koerdt Bjorn,,
itzulia-basque-country:2026:2,2,11,3,,177,,Leonard Michael,,
itzulia-basque-country:2026:2,2,12,13,,196,,Rex Tim,,
itzulia-basque-country:2026:2,2,13,19,,83,,Gimeno Nil,,
itzulia-basque-country:2026:2,2,14,14,,161,,Ugarte Gari,,
itzulia-basque-country:2026:2,2,15,15,,112,,Ermakov Roman,,
itzulia-basque-country:2026:2,2,16,21,,85,,Ramos Unai,,
itzulia-basque-country:2026:2,2,17,22,,23,,Decomble Maxime,,
itzulia-basque-country:2026:2,2,18,5,,63,,Bisiaux Léo,,
itzulia-basque-country:2026:2,2,19,7,,57,,Herzog Emil,,
itzulia-basque-country:2026:2,2,20,11,,125,,Dockx Aaron,,
itzulia-basque-country:2026:2,2,21,17,,193,,Huising Menno,,
itzulia-basque-country:2026:2,2,22,18,,213,,Ørn-Kristoff Felix,,
itzulia-basque-country:2026:3,3,1,1,,61,,Seixas Paul,,
itzulia-basque-country:2026:3,3,2,2,,172,,Beloki Markel,,
itzulia-basque-country:2026:3,3,3,3,,186,,Øxenberg Peter,,
itzulia-basque-country:2026:3,3,4,5,,56,,Tuckwell Luke,,
itzulia-basque-country:2026:3,3,5,7,,36,,Pericas Adrià,,
itzulia-basque-country:2026:3,3,6,10,,105,,Koerdt Bjorn,,
itzulia-basque-country:2026:3,3,7,9,,181,,August Andrew,,
itzulia-basque-country:2026:3,3,8,6,,205,,Kulset Johannes,,
itzulia-basque-country:2026:3,3,9,11,,177,,Leonard Michael,,
itzulia-basque-country:2026:3,3,10,17,,23,,Decomble Maxime,,
itzulia-basque-country:2026:3,3,11,18,,63,,Bisiaux Léo,,
itzulia-basque-country:2026:3,3,12,4,,103,,Faure Prost Alexy,,
itzulia-basque-country:2026:3,3,13,8,,106,,Martinez Juan Guillermo,,
itzulia-basque-country:2026:3,3,14,15,,112,,Ermakov Roman,,
itzulia-basque-country:2026:3,3,15,12,,196,,Rex Tim,,
itzulia-basque-country:2026:3,3,16,16,,85,,Ramos Unai,,
itzulia-basque-country:2026:3,3,17,13,,83,,Gimeno Nil,,
itzulia-basque-country:2026:3,3,18,14,,161,,Ugarte Gari,,
itzulia-basque-country:2026:3,3,19,20,,125,,Dockx Aaron,,
itzulia-basque-country:2026:3,3,20,21,,193,,Huising Menno,,
itzulia-basque-country:2026:3,3,21,19,,57,,Herzog Emil,,
itzulia-basque-country:2026:3,3,22,22,,213,,Ørn-Kristoff Felix,,
itzulia-basque-country:2026:4,4,1,1,,61,,Seixas Paul,,
itzulia-basque-country:2026:4,4,2,2,,172,,Beloki Markel,,
itzulia-basque-country:2026:4,4,3,4,,56,,Tuckwell Luke,,
itzulia-basque-country:2026:4,4,4,3,,186,,Øxenberg Peter,,
itzulia-basque-country:2026:4,4,5,11,,63,,Bisiaux Léo,,
itzulia-basque-country:2026:4,4,6,6,,105,,Koerdt Bjorn,,
itzulia-basque-country:2026:4,4,7,5,,36,,Pericas Adrià,,
itzulia-basque-country:2026:4,4,8,8,,205,,Kulset Johannes,,
itzulia-basque-country:2026:4,4,9,10,,23,,Decomble Maxime,,
itzulia-basque-country:2026:4,4,10,9,,177,,Leonard Michael,,
itzulia-basque-country:2026:4,4,11,13,,106,,Martinez Juan Guillermo,,
itzulia-basque-country:2026:4,4,12,15,,196,,Rex Tim,,
itzulia-basque-country:2026:4,4,13,12,,103,,Faure Prost Alexy,,
itzulia-basque-country:2026:4,4,14,7,,181,,August Andrew,,
itzulia-basque-country:2026:4,4,15,14,,112,,Ermakov Roman,,
itzulia-basque-country:2026:4,4,16,16,,85,,Ramos Unai,,
itzulia-basque-country:2026:4,4,17,20,,193,,Huising Menno,,
itzulia-basque-country:2026:4,4,18,17,,83,,Gimeno Nil,,
itzulia-basque-country:2026:4,4,19,18,,161,,Ugarte Gari,,
itzulia-basque-country:2026:4,4,20,21,,57,,Herzog Emil,,
itzulia-basque-country:2026:4,4,21,22,,213,,Ørn-Kristoff Felix,,
itzulia-basque-country:2026:5,5,1,1,,61,,Seixas Paul,,
itzulia-basque-country:2026:5,5,2,2,,172,,Beloki Markel,,
itzulia-basque-country:2026:5,5,3,3,,56,,Tuckwell Luke,,
itzulia-basque-country:2026:5,5,4,7,,36,,Pericas Adrià,,
itzulia-basque-country:2026:5,5,5,5,,63,,Bisiaux Léo,,
itzulia-basque-country:2026:5,5,6,8,,205,,Kulset Johannes,,
itzulia-basque-country:2026:5,5,7,4,,186,,Øxenberg Peter,,
itzulia-basque-country:2026:5,5,8,10,,177,,Leonard Michael,,
itzulia-basque-country:2026:5,5,9,11,,106,,Martinez Juan Guillermo,,
itzulia-basque-country:2026:5,5,10,6,,105,,Koerdt Bjorn,,
itzulia-basque-country:2026:5,5,11,12,,196,,Rex Tim,,
itzulia-basque-country:2026:5,5,12,9,,23,,Decomble Maxime,,
itzulia-basque-country:2026:5,5,13,13,,103,,Faure Prost Alexy,,
itzulia-basque-country:2026:5,5,14,14,,181,,August Andrew,,
itzulia-basque-country:2026:5,5,15,15,,112,,Ermakov Roman,,
itzulia-basque-country:2026:5,5,16,16,,85,,Ramos Unai,,
itzulia-basque-country:2026:5,5,17,20,,57,,Herzog Emil,,
itzulia-basque-country:2026:5,5,18,17,,193,,Huising Menno,,
itzulia-basque-country:2026:5,5,19,18,,83,,Gimeno Nil,,
itzulia-basque-country:2026:5,5,20,19,,161,,Ugarte Gari,,
itzulia-basque-country:2026:5,5,21,21,,213,,Ørn-Kristoff Felix,,
itzulia-basque-country:2026:6,6,1,1,,61,,Seixas Paul,,
itzulia-basque-country:2026:6,6,2,2,,172,,Beloki Markel,,
itzulia-basque-country:2026:6,6,3,4,,36,,Pericas Adrià,,
itzulia-basque-country:2026:6,6,4,6,,205,,Kulset Johannes,,
itzulia-basque-country:2026:6,6,5,8,,177,,Leonard Michael,,
itzulia-basque-country:2026:6,6,6,7,,186,,Øxenberg Peter,,
itzulia-basque-country:2026:6,6,7,11,,196,,Rex Tim,,
itzulia-basque-country:2026:6,6,8,14,,181,,August Andrew,,
itzulia-basque-country:2026:6,6,9,12,,23,,Decomble Maxime,,
itzulia-basque-country:2026:6,6,10,10,,105,,Koerdt Bjorn,,
itzulia-basque-country:2026:6,6,11,18,,193,,Huising Menno,,
itzulia-basque-country:2026:6,6,12,16,,85,,Ramos Unai,,
itzulia-basque-country:2026:6,6,13,20,,161,,Ugarte Gari,,
itzulia-basque-country:2026:6,6,14,21,,213,,Ørn-Kristoff Felix,,
paris-nice:2026:1,1,1,,,161,,Lamperti Luke,,
paris-nice:2026:1,1,2,,,131,,Fretin Milan,,
paris-nice:2026:1,1,3,,,175,,Løland Sakarias Koller,,
paris-nice:2026:1,1,4,,,112,,Donaldson Robert,,
paris-nice:2026:1,1,5,,,13,,Pithie Laurence,,
paris-nice:2026:1,1,6,,,173,,Fredheim Stian,,
paris-nice:2026:1,1,7,,,127,,Vinokurov Nicolas,,
paris-nice:2026:1,1,8,,,41,,Ayuso Juan,,
paris-nice:2026:1,1,9,,,47,,Vacek Mathias,,
paris-nice:2026:1,1,10,,,186,,Houcou Emmanuel,,
paris-nice:2026:1,1,11,,,203,,Debruyne Ramses,,
paris-nice:2026:1,1,12,,,26,,Vauquelin Kévin,,
paris-nice:2026:1,1,13,,,92,,Askey Lewis,,
paris-nice:2026:1,1,14,,,77,,Milesi Lorenzo,,
paris-nice:2026:1,1,15,,,81,,Paret-Peintre Valentin,,
paris-nice:2026:1,1,16,,,141,,Rondel Mathys,,
paris-nice:2026:1,1,17,,,33,,Arrieta Igor,,
paris-nice:2026:1,1,18,,,75,,García Pierna Raúl,,
paris-nice:2026:1,1,19,,,6,,Piganzoli Davide,,
paris-nice:2026:1,1,20,,,71,,Romeo Iván,,
paris-nice:2026:1,1,21,,,63,,Costiou Ewen,,
paris-nice:2026:1,1,22,,,165,,Steinhauser Georg,,
paris-nice:2026:1,1,23,,,163,,Baudin Alex,,
paris-nice:2026:1,1,24,,,21,,Onley Oscar,,
paris-nice:2026:1,1,25,,,182,,Christen Fabio,,
paris-nice:2026:1,1,26,,,197,,Vercher Mattéo,,
paris-nice:2026:1,1,27,,,136,,Rouland Louis,,
paris-nice:2026:1,1,28,,,104,,Chamberlain Oscar,,
paris-nice:2026:1,1,29,,,126,,van Bekkum Darren,,
paris-nice:2026:1,1,30,,,24,,Rodríguez Carlos,,
paris-nice:2026:1,1,31,,,51,,Martinez Lenny,,
paris-nice:2026:1,1,32,,,164,,MacKellar Alastair,,
paris-nice:2026:1,1,33,,,167,,Walker Max,,
paris-nice:2026:1,1,34,,,196,,Le Berre Mathis,,
paris-nice:2026:1,1,35,,,76,,Hessmann Michel,,
paris-nice:2026:1,1,36,,,25,,Tarling Joshua,,
paris-nice:2026:1,1,37,,,213,,Giddings Joshua,,
paris-nice:2026:1,1,38,,,157,,van Uden Casper,,
paris-nice:2026:1,1,39,,,151,,Martinez Juan Guillermo,,
paris-nice:2026:1,1,40,,,46,,Söderqvist Jakob,,
paris-nice:2026:1,1,41,,,174,,Blume Levy William,,
paris-nice:2026:1,1,42,,,27,,Watson Samuel,,
paris-nice:2026:1,1,43,,,204,,Dehairs Simon,,
paris-nice:2026:1,1,44,,,202,,Ballerstedt Maurice,,
paris-nice:2026:1,1,45,,,217,,van Sintmaartensdijk Roel,,
paris-nice:2026:1,1,46,,,73,,Castrillo Pablo,,
paris-nice:2026:1,1,47,,,14,,Thornley Callum,,
paris-nice:2026:2,2,1,1,,161,,Lamperti Luke,,
paris-nice:2026:2,2,2,5,,13,,Pithie Laurence,,
paris-nice:2026:2,2,3,8,,41,,Ayuso Juan,,
paris-nice:2026:2,2,4,6,,173,,Fredheim Stian,,
paris-nice:2026:2,2,5,10,,186,,Houcou Emmanuel,,
paris-nice:2026:2,2,6,13,,92,,Askey Lewis,,
paris-nice:2026:2,2,7,7,,127,,Vinokurov Nicolas,,
paris-nice:2026:2,2,8,3,,175,,Løland Sakarias Koller,,
paris-nice:2026:2,2,9,12,,26,,Vauquelin Kévin,,
paris-nice:2026:2,2,10,16,,141,,Rondel Mathys,,
paris-nice:2026:2,2,11,20,,71,,Romeo Iván,,
paris-nice:2026:2,2,12,15,,81,,Paret-Peintre Valentin,,
paris-nice:2026:2,2,13,9,,47,,Vacek Mathias,,
paris-nice:2026:2,2,14,14,,77,,Milesi Lorenzo,,
paris-nice:2026:2,2,15,4,,112,,Donaldson Robert,,
paris-nice:2026:2,2,16,11,,203,,Debruyne Ramses,,
paris-nice:2026:2,2,17,22,,165,,Steinhauser Georg,,
paris-nice:2026:2,2,18,19,,6,,Piganzoli Davide,,
paris-nice:2026:2,2,19,21,,63,,Costiou Ewen,,
paris-nice:2026:2,2,20,18,,75,,García Pierna Raúl,,
paris-nice:2026:2,2,21,24,,21,,Onley Oscar,,
paris-nice:2026:2,2,22,30,,24,,Rodríguez Carlos,,
paris-nice:2026:2,2,23,17,,33,,Arrieta Igor,,
paris-nice:2026:2,2,24,28,,104,,Chamberlain Oscar,,
paris-nice:2026:2,2,25,31,,51,,Martinez Lenny,,
paris-nice:2026:2,2,26,27,,136,,Rouland Louis,,
paris-nice:2026:2,2,27,25,,182,,Christen Fabio,,
paris-nice:2026:2,2,28,23,,163,,Baudin Alex,,
paris-nice:2026:2,2,29,26,,197,,Vercher Mattéo,,
paris-nice:2026:2,2,30,29,,126,,van Bekkum Darren,,
paris-nice:2026:2,2,31,2,,131,,Fretin Milan,,
paris-nice:2026:2,2,32,33,,167,,Walker Max,,
paris-nice:2026:2,2,33,34,,196,,Le Berre Mathis,,
paris-nice:2026:2,2,34,32,,164,,MacKellar Alastair,,
paris-nice:2026:2,2,35,36,,25,,Tarling Joshua,,
paris-nice:2026:2,2,36,38,,157,,van Uden Casper,,
paris-nice:2026:2,2,37,37,,213,,Giddings Joshua,,
paris-nice:2026:2,2,38,39,,151,,Martinez Juan Guillermo,,
paris-nice:2026:2,2,39,35,,76,,Hessmann Michel,,
paris-nice:2026:2,2,40,42,,27,,Watson Samuel,,
paris-nice:2026:2,2,41,41,,174,,Blume Levy William,,
paris-nice:2026:2,2,42,40,,46,,Söderqvist Jakob,,
paris-nice:2026:2,2,43,43,,204,,Dehairs Simon,,
paris-nice:2026:2,2,44,47,,14,,Thornley Callum,,
paris-nice:2026:2,2,45,44,,202,,Ballerstedt Maurice,,
paris-nice:2026:2,2,46,45,,217,,van Sintmaartensdijk Roel,,
paris-nice:2026:2,2,47,46,,73,,Castrillo Pablo,,
paris-nice:2026:4,4,1,8,,165,,Steinhauser Georg,,
paris-nice:2026:4,4,2,2,,26,,Vauquelin Kévin,,
paris-nice:2026:4,4,3,16,,51,,Martinez Lenny,,
paris-nice:2026:4,4,4,20,,197,,Vercher Mattéo,,
paris-nice:2026:4,4,5,14,,141,,Rondel Mathys,,
paris-nice:2026:4,4,6,7,,163,,Baudin Alex,,
paris-nice:2026:4,4,7,3,,21,,Onley Oscar,,
paris-nice:2026:4,4,8,6,,47,,Vacek Mathias,,
paris-nice:2026:4,4,9,29,,25,,Tarling Joshua,,
paris-nice:2026:4,4,10,5,,13,,Pithie Laurence,,
paris-nice:2026:4,4,11,15,,81,,Paret-Peintre Valentin,,
paris-nice:2026:4,4,12,13,,112,,Donaldson Robert,,
paris-nice:2026:4,4,13,21,,167,,Walker Max,,
paris-nice:2026:4,4,14,41,,27,,Watson Samuel,,
paris-nice:2026:4,4,15,26,,161,,Lamperti Luke,,
paris-nice:2026:4,4,16,39,,213,,Giddings Joshua,,
paris-nice:2026:4,4,17,30,,173,,Fredheim Stian,,
paris-nice:2026:4,4,18,35,,126,,van Bekkum Darren,,
paris-nice:2026:4,4,19,40,,14,,Thornley Callum,,
paris-nice:2026:4,4,20,43,,76,,Hessmann Michel,,
paris-nice:2026:4,4,21,9,,71,,Romeo Iván,,
paris-nice:2026:4,4,22,18,,92,,Askey Lewis,,
paris-nice:2026:4,4,23,44,,174,,Blume Levy William,,
paris-nice:2026:4,4,24,27,,104,,Chamberlain Oscar,,
paris-nice:2026:4,4,25,19,,203,,Debruyne Ramses,,
paris-nice:2026:4,4,26,33,,196,,Le Berre Mathis,,
paris-nice:2026:4,4,27,11,,63,,Costiou Ewen,,
paris-nice:2026:4,4,28,38,,186,,Houcou Emmanuel,,
paris-nice:2026:4,4,29,24,,175,,Løland Sakarias Koller,,
paris-nice:2026:4,4,30,17,,182,,Christen Fabio,,
paris-nice:2026:4,4,31,25,,33,,Arrieta Igor,,
paris-nice:2026:4,4,32,23,,77,,Milesi Lorenzo,,
paris-nice:2026:4,4,33,12,,136,,Rouland Louis,,
paris-nice:2026:4,4,34,34,,46,,Söderqvist Jakob,,
paris-nice:2026:4,4,35,22,,127,,Vinokurov Nicolas,,
paris-nice:2026:4,4,36,28,,164,,MacKellar Alastair,,
paris-nice:2026:4,4,37,31,,131,,Fretin Milan,,
paris-nice:2026:4,4,38,32,,24,,Rodríguez Carlos,,
paris-nice:2026:4,4,39,36,,151,,Martinez Juan Guillermo,,
paris-nice:2026:4,4,40,37,,157,,van Uden Casper,,
paris-nice:2026:4,4,41,46,,204,,Dehairs Simon,,
paris-nice:2026:5,5,1,1,,165,,Steinhauser Georg,,
paris-nice:2026:5,5,2,2,,26,,Vauquelin Kévin,,
paris-nice:2026:5,5,3,3,,51,,Martinez Lenny,,
paris-nice:2026:5,5,4,5,,141,,Rondel Mathys,,
paris-nice:2026:5,5,5,6,,163,,Baudin Alex,,
paris-nice:2026:5,5,6,7,,21,,Onley Oscar,,
paris-nice:2026:5,5,7,4,,197,,Vercher Mattéo,,
paris-nice:2026:5,5,8,11,,81,,Paret-Peintre Valentin,,
paris-nice:2026:5,5,9,9,,25,,Tarling Joshua,,
paris-nice:2026:5,5,10,8,,47,,Vacek Mathias,,
paris-nice:2026:5,5,11,31,,33,,Arrieta Igor,,
paris-nice:2026:5,5,12,10,,13,,Pithie Laurence,,
paris-nice:2026:5,5,13,18,,126,,van Bekkum Darren,,
paris-nice:2026:5,5,14,38,,24,,Rodríguez Carlos,,
paris-nice:2026:5,5,15,35,,127,,Vinokurov Nicolas,,
paris-nice:2026:5,5,16,12,,112,,Donaldson Robert,,
paris-nice:2026:5,5,17,13,,167,,Walker Max,,
paris-nice:2026:5,5,18,14,,27,,Watson Samuel,,
paris-nice:2026:5,5,19,15,,161,,Lamperti Luke,,
paris-nice:2026:5,5,20,19,,14,,Thornley Callum,,
paris-nice:2026:5,5,21,21,,71,,Romeo Iván,,
paris-nice:2026:5,5,22,20,,76,,Hessmann Michel,,
paris-nice:2026:5,5,23,22,,92,,Askey Lewis,,
paris-nice:2026:5,5,24,23,,174,,Blume Levy William,,
paris-nice:2026:5,5,25,24,,104,,Chamberlain Oscar,,
paris-nice:2026:5,5,26,25,,203,,Debruyne Ramses,,
paris-nice:2026:5,5,27,26,,196,,Le Berre Mathis,,
paris-nice:2026:5,5,28,28,,186,,Houcou Emmanuel,,
paris-nice:2026:5,5,29,29,,175,,Løland Sakarias Koller,,
paris-nice:2026:5,5,30,30,,182,,Christen Fabio,,
paris-nice:2026:5,5,31,32,,77,,Milesi Lorenzo,,
paris-nice:2026:5,5,32,33,,136,,Rouland Louis,,
paris-nice:2026:5,5,33,34,,46,,Söderqvist Jakob,,
paris-nice:2026:5,5,34,16,,213,,Giddings Joshua,,
paris-nice:2026:5,5,35,36,,164,,MacKellar Alastair,,
paris-nice:2026:5,5,36,27,,63,,Costiou Ewen,,
paris-nice:2026:5,5,37,39,,151,,Martinez Juan Guillermo,,
paris-nice:2026:5,5,38,41,,204,,Dehairs Simon,,
paris-nice:2026:6,6,1,1,,165,,Steinhauser Georg,,
paris-nice:2026:6,6,2,2,,26,,Vauquelin Kévin,,
paris-nice:2026:6,6,3,3,,51,,Martinez Lenny,,
paris-nice:2026:6,6,4,4,,141,,Rondel Mathys,,
paris-nice:2026:6,6,5,5,,163,,Baudin Alex,,
paris-nice:2026:6,6,6,7,,197,,Vercher Mattéo,,
paris-nice:2026:6,6,7,8,,81,,Paret-Peintre Valentin,,
paris-nice:2026:6,6,8,10,,47,,Vacek Mathias,,
paris-nice:2026:6,6,9,9,,25,,Tarling Joshua,,
paris-nice:2026:6,6,10,12,,13,,Pithie Laurence,,
paris-nice:2026:6,6,11,11,,33,,Arrieta Igor,,
paris-nice:2026:6,6,12,15,,127,,Vinokurov Nicolas,,
paris-nice:2026:6,6,13,14,,24,,Rodríguez Carlos,,
paris-nice:2026:6,6,14,16,,112,,Donaldson Robert,,
paris-nice:2026:6,6,15,19,,161,,Lamperti Luke,,
paris-nice:2026:6,6,16,18,,27,,Watson Samuel,,
paris-nice:2026:6,6,17,17,,167,,Walker Max,,
paris-nice:2026:6,6,18,13,,126,,van Bekkum Darren,,
paris-nice:2026:6,6,19,23,,92,,Askey Lewis,,
paris-nice:2026:6,6,20,20,,14,,Thornley Callum,,
paris-nice:2026:6,6,21,24,,174,,Blume Levy William,,
paris-nice:2026:6,6,22,31,,77,,Milesi Lorenzo,,
paris-nice:2026:6,6,23,25,,104,,Chamberlain Oscar,,
paris-nice:2026:6,6,24,27,,196,,Le Berre Mathis,,
paris-nice:2026:6,6,25,26,,203,,Debruyne Ramses,,
paris-nice:2026:6,6,26,22,,76,,Hessmann Michel,,
paris-nice:2026:6,6,27,33,,46,,Söderqvist Jakob,,
paris-nice:2026:6,6,28,35,,164,,MacKellar Alastair,,
paris-nice:2026:6,6,29,28,,186,,Houcou Emmanuel,,
paris-nice:2026:6,6,30,36,,63,,Costiou Ewen,,
paris-nice:2026:6,6,31,34,,213,,Giddings Joshua,,
paris-nice:2026:6,6,32,29,,175,,Løland Sakarias Koller,,
paris-nice:2026:6,6,33,32,,136,,Rouland Louis,,
paris-nice:2026:6,6,34,37,,151,,Martinez Juan Guillermo,,
paris-nice:2026:7,7,1,1,,165,,Steinhauser Georg,,
paris-nice:2026:7,7,2,2,,26,,Vauquelin Kévin,,
paris-nice:2026:7,7,3,3,,51,,Martinez Lenny,,
paris-nice:2026:7,7,4,4,,141,,Rondel Mathys,,
paris-nice:2026:7,7,5,5,,163,,Baudin Alex,,
paris-nice:2026:7,7,6,6,,197,,Vercher Mattéo,,
paris-nice:2026:7,7,7,7,,81,,Paret-Peintre Valentin,,
paris-nice:2026:7,7,8,8,,47,,Vacek Mathias,,
paris-nice:2026:7,7,9,9,,25,,Tarling Joshua,,
paris-nice:2026:7,7,10,10,,13,,Pithie Laurence,,
paris-nice:2026:7,7,11,11,,33,,Arrieta Igor,,
paris-nice:2026:7,7,12,12,,127,,Vinokurov Nicolas,,
paris-nice:2026:7,7,13,13,,24,,Rodríguez Carlos,,
paris-nice:2026:7,7,14,14,,112,,Donaldson Robert,,
paris-nice:2026:7,7,15,15,,161,,Lamperti Luke,,
paris-nice:2026:7,7,16,16,,27,,Watson Samuel,,
paris-nice:2026:7,7,17,18,,126,,van Bekkum Darren,,
paris-nice:2026:7,7,18,17,,167,,Walker Max,,
paris-nice:2026:7,7,19,19,,92,,Askey Lewis,,
paris-nice:2026:7,7,20,21,,174,,Blume Levy William,,
paris-nice:2026:7,7,21,20,,14,,Thornley Callum,,
paris-nice:2026:7,7,22,22,,77,,Milesi Lorenzo,,
paris-nice:2026:7,7,23,23,,104,,Chamberlain Oscar,,
paris-nice:2026:7,7,24,24,,196,,Le Berre Mathis,,
paris-nice:2026:7,7,25,25,,203,,Debruyne Ramses,,
paris-nice:2026:7,7,26,27,,46,,Söderqvist Jakob,,
paris-nice:2026:7,7,27,29,,186,,Houcou Emmanuel,,
paris-nice:2026:7,7,28,26,,76,,Hessmann Michel,,
paris-nice:2026:7,7,29,28,,164,,MacKellar Alastair,,
paris-nice:2026:7,7,30,30,,63,,Costiou Ewen,,
paris-nice:2026:7,7,31,32,,175,,Løland Sakarias Koller,,
paris-nice:2026:7,7,32,33,,136,,Rouland Louis,,
paris-nice:2026:7,7,33,31,,213,,Giddings Joshua,,
paris-nice:2026:7,7,34,34,,151,,Martinez Juan Guillermo,,
paris-nice:2026:8,8,1,1,,165,,Steinhauser Georg,,
paris-nice:2026:8,8,2,2,,26,,Vauquelin Kévin,,
paris-nice:2026:8,8,3,3,,51,,Martinez Lenny,,
paris-nice:2026:8,8,4,4,,141,,Rondel Mathys,,
paris-nice:2026:8,8,5,5,,163,,Baudin Alex,,
paris-nice:2026:8,8,6,6,,197,,Vercher Mattéo,,
paris-nice:2026:8,8,7,7,,81,,Paret-Peintre Valentin,,
paris-nice:2026:8,8,8,12,,127,,Vinokurov Nicolas,,
paris-nice:2026:8,8,9,13,,24,,Rodríguez Carlos,,
paris-nice:2026:8,8,10,9,,25,,Tarling Joshua,,
paris-nice:2026:8,8,11,11,,33,,Arrieta Igor,,
paris-nice:2026:8,8,12,10,,13,,Pithie Laurence,,
paris-nice:2026:8,8,13,17,,126,,van Bekkum Darren,,
paris-nice:2026:8,8,14,8,,47,,Vacek Mathias,,
paris-nice:2026:8,8,15,14,,112,,Donaldson Robert,,
paris-nice:2026:8,8,16,16,,27,,Watson Samuel,,
paris-nice:2026:8,8,17,18,,167,,Walker Max,,
paris-nice:2026:8,8,18,25,,203,,Debruyne Ramses,,
paris-nice:2026:8,8,19,19,,92,,Askey Lewis,,
paris-nice:2026:8,8,20,24,,196,,Le Berre Mathis,,
paris-nice:2026:8,8,21,22,,77,,Milesi Lorenzo,,
paris-nice:2026:8,8,22,23,,104,,Chamberlain Oscar,,
paris-nice:2026:8,8,23,20,,174,,Blume Levy William,,
paris-nice:2026:8,8,24,28,,76,,Hessmann Michel,,
paris-nice:2026:8,8,25,29,,164,,MacKellar Alastair,,
paris-nice:2026:8,8,26,26,,46,,Söderqvist Jakob,,
paris-nice:2026:8,8,27,31,,175,,Løland Sakarias Koller,,
paris-nice:2026:8,8,28,34,,151,,Martinez Juan Guillermo,,
tirreno-adriatico:2026:1,1,1,,,75,,Sheffield Magnus,,
tirreno-adriatico:2026:1,1,2,,,11,,Tiberi Antonio,,
tirreno-adriatico:2026:1,1,3,,,211,,del Toro Isaac,,
tirreno-adriatico:2026:1,1,4,,,135,,Pellizzari Giulio,,
tirreno-adriatico:2026:1,1,5,,,212,,Christen Jan,,
tirreno-adriatico:2026:1,1,6,,,92,,Artz Huub,,
tirreno-adriatico:2026:1,1,7,,,214,,Giaimi Luca,,
tirreno-adriatico:2026:1,1,8,,,105,,Moro Manlio,,
tirreno-adriatico:2026:1,1,9,,,47,,Pedersen Rasmus Søjberg,,
tirreno-adriatico:2026:1,1,10,,,115,,Pinarello Alessandro,,
tirreno-adriatico:2026:1,1,11,,,172,,Bittner Pavel,,
tirreno-adriatico:2026:1,1,12,,,43,,Gudmestad Tord,,
tirreno-adriatico:2026:1,1,13,,,2,,Del Grosso Tibor,,
tirreno-adriatico:2026:1,1,14,,,14,,Ermakov Roman,,
tirreno-adriatico:2026:1,1,15,,,67,,Rolland Brieuc,,
tirreno-adriatico:2026:1,1,16,,,121,,Calzoni Walter,,
tirreno-adriatico:2026:1,1,17,,,7,,Verstrynge Emiel,,
tirreno-adriatico:2026:1,1,18,,,65,,Kench Josh,,
tirreno-adriatico:2026:1,1,19,,,64,,Germani Lorenzo,,
tirreno-adriatico:2026:1,1,20,,,177,,Peace Oliver,,
tirreno-adriatico:2026:1,1,21,,,93,,Berckmoes Jenno,,
tirreno-adriatico:2026:1,1,22,,,42,,Gautherat Pierre,,
tirreno-adriatico:2026:1,1,23,,,236,,Silva Guillermo Thomas,,
tirreno-adriatico:2026:1,1,24,,,34,,Fernández Samuel,,
tirreno-adriatico:2026:1,1,25,,,164,,De Pretto Davide,,
tirreno-adriatico:2026:1,1,26,,,15,,Miholjević Fran,,
tirreno-adriatico:2026:1,1,27,,,165,,Foldager Anders,,
tirreno-adriatico:2026:1,1,28,,,17,,Zambanini Edoardo,,
tirreno-adriatico:2026:1,1,29,,,41,,Andresen Tobias Lund,,
tirreno-adriatico:2026:1,1,30,,,197,,Rex Tim,,
tirreno-adriatico:2026:1,1,31,,,207,,Wilksch Hannes,,
tirreno-adriatico:2026:1,1,32,,,96,,Van Eetvelt Lennert,,
tirreno-adriatico:2026:1,1,33,,,151,,Magnier Paul,,
tirreno-adriatico:2026:1,1,34,,,173,,Faure Prost Alexy,,
tirreno-adriatico:2026:1,1,35,,,235,,Schrettl Marco,,
tirreno-adriatico:2026:1,1,36,,,237,,Toneatti Davide,,
tirreno-adriatico:2026:1,1,37,,,54,,Mihkels Madis,,
tirreno-adriatico:2026:1,1,38,,,184,,Crescioli Ludovico,,
tirreno-adriatico:2026:1,1,39,,,55,,Nerurkar Lukas,,
tirreno-adriatico:2026:1,1,40,,,91,,De Lie Arnaud,,
tirreno-adriatico:2026:1,1,41,,,23,,Stenico Mattia,,
tirreno-adriatico:2026:1,1,42,,,113,,Kogut Oded,,
tirreno-adriatico:2026:2,2,1,3,,211,,del Toro Isaac,,
tirreno-adriatico:2026:2,2,2,4,,135,,Pellizzari Giulio,,
tirreno-adriatico:2026:2,2,3,1,,75,,Sheffield Magnus,,
tirreno-adriatico:2026:2,2,4,2,,11,,Tiberi Antonio,,
tirreno-adriatico:2026:2,2,5,10,,115,,Pinarello Alessandro,,
tirreno-adriatico:2026:2,2,6,5,,212,,Christen Jan,,
tirreno-adriatico:2026:2,2,7,23,,236,,Silva Guillermo Thomas,,
tirreno-adriatico:2026:2,2,8,15,,67,,Rolland Brieuc,,
tirreno-adriatico:2026:2,2,9,21,,93,,Berckmoes Jenno,,
tirreno-adriatico:2026:2,2,10,28,,17,,Zambanini Edoardo,,
tirreno-adriatico:2026:2,2,11,13,,2,,Del Grosso Tibor,,
tirreno-adriatico:2026:2,2,12,17,,7,,Verstrynge Emiel,,
tirreno-adriatico:2026:2,2,13,36,,237,,Toneatti Davide,,
tirreno-adriatico:2026:2,2,14,22,,42,,Gautherat Pierre,,
tirreno-adriatico:2026:2,2,15,24,,34,,Fernández Samuel,,
tirreno-adriatico:2026:2,2,16,16,,121,,Calzoni Walter,,
tirreno-adriatico:2026:2,2,17,27,,165,,Foldager Anders,,
tirreno-adriatico:2026:2,2,18,25,,164,,De Pretto Davide,,
tirreno-adriatico:2026:2,2,19,38,,184,,Crescioli Ludovico,,
tirreno-adriatico:2026:2,2,20,20,,177,,Peace Oliver,,
tirreno-adriatico:2026:2,2,21,11,,172,,Bittner Pavel,,
tirreno-adriatico:2026:2,2,22,8,,105,,Moro Manlio,,
tirreno-adriatico:2026:2,2,23,41,,23,,Stenico Mattia,,
tirreno-adriatico:2026:2,2,24,9,,47,,Pedersen Rasmus Søjberg,,
tirreno-adriatico:2026:2,2,25,14,,14,,Ermakov Roman,,
tirreno-adriatico:2026:2,2,26,18,,65,,Kench Josh,,
tirreno-adriatico:2026:2,2,27,19,,64,,Germani Lorenzo,,
tirreno-adriatico:2026:2,2,28,26,,15,,Miholjević Fran,,
tirreno-adriatico:2026:2,2,29,31,,207,,Wilksch Hannes,,
tirreno-adriatico:2026:2,2,30,33,,151,,Magnier Paul,,
tirreno-adriatico:2026:2,2,31,7,,214,,Giaimi Luca,,
tirreno-adriatico:2026:2,2,32,6,,92,,Artz Huub,,
tirreno-adriatico:2026:2,2,33,35,,235,,Schrettl Marco,,
tirreno-adriatico:2026:2,2,34,37,,54,,Mihkels Madis,,
tirreno-adriatico:2026:2,2,35,39,,55,,Nerurkar Lukas,,
tirreno-adriatico:2026:2,2,36,30,,197,,Rex Tim,,
tirreno-adriatico:2026:2,2,37,34,,173,,Faure Prost Alexy,,
tirreno-adriatico:2026:2,2,38,12,,43,,Gudmestad Tord,,
tirreno-adriatico:2026:2,2,39,40,,91,,De Lie Arnaud,,
tirreno-adriatico:2026:2,2,40,29,,41,,Andresen Tobias Lund,,
tirreno-adriatico:2026:2,2,41,42,,113,,Kogut Oded,,
tirreno-adriatico:2026:3,3,1,1,,211,,del Toro Isaac,,
tirreno-adriatico:2026:3,3,2,2,,135,,Pellizzari Giulio,,
tirreno-adriatico:2026:3,3,3,3,,75,,Sheffield Magnus,,
tirreno-adriatico:2026:3,3,4,4,,11,,Tiberi Antonio,,
tirreno-adriatico:2026:3,3,5,5,,115,,Pinarello Alessandro,,
tirreno-adriatico:2026:3,3,6,6,,212,,Christen Jan,,
tirreno-adriatico:2026:3,3,7,7,,236,,Silva Guillermo Thomas,,
tirreno-adriatico:2026:3,3,8,8,,67,,Rolland Brieuc,,
tirreno-adriatico:2026:3,3,9,9,,93,,Berckmoes Jenno,,
tirreno-adriatico:2026:3,3,10,10,,17,,Zambanini Edoardo,,
tirreno-adriatico:2026:3,3,11,11,,2,,Del Grosso Tibor,,
tirreno-adriatico:2026:3,3,12,12,,7,,Verstrynge Emiel,,
tirreno-adriatico:2026:3,3,13,13,,237,,Toneatti Davide,,
tirreno-adriatico:2026:3,3,14,14,,42,,Gautherat Pierre,,
tirreno-adriatico:2026:3,3,15,15,,34,,Fernández Samuel,,
tirreno-adriatico:2026:3,3,16,16,,121,,Calzoni Walter,,
tirreno-adriatico:2026:3,3,17,17,,165,,Foldager Anders,,
tirreno-adriatico:2026:3,3,18,18,,164,,De Pretto Davide,,
tirreno-adriatico:2026:3,3,19,19,,184,,Crescioli Ludovico,,
tirreno-adriatico:2026:3,3,20,20,,177,,Peace Oliver,,
tirreno-adriatico:2026:3,3,21,21,,172,,Bittner Pavel,,
tirreno-adriatico:2026:3,3,22,22,,105,,Moro Manlio,,
tirreno-adriatico:2026:3,3,23,23,,23,,Stenico Mattia,,
tirreno-adriatico:2026:3,3,24,24,,47,,Pedersen Rasmus Søjberg,,
tirreno-adriatico:2026:3,3,25,25,,14,,Ermakov Roman,,
tirreno-adriatico:2026:3,3,26,26,,65,,Kench Josh,,
tirreno-adriatico:2026:3,3,27,27,,64,,Germani Lorenzo,,
tirreno-adriatico:2026:3,3,28,28,,15,,Miholjević Fran,,
tirreno-adriatico:2026:3,3,29,29,,207,,Wilksch Hannes,,
tirreno-adriatico:2026:3,3,30,30,,151,,Magnier Paul,,
tirreno-adriatico:2026:3,3,31,31,,214,,Giaimi Luca,,
tirreno-adriatico:2026:3,3,32,32,,92,,Artz Huub,,
tirreno-adriatico:2026:3,3,33,33,,235,,Schrettl Marco,,
tirreno-adriatico:2026:3,3,34,34,,54,,Mihkels Madis,,
tirreno-adriatico:2026:3,3,35,35,,55,,Nerurkar Lukas,,
tirreno-adriatico:2026:3,3,36,36,,197,,Rex Tim,,
tirreno-adriatico:2026:3,3,37,37,,173,,Faure Prost Alexy,,
tirreno-adriatico:2026:3,3,38,39,,91,,De Lie Arnaud,,
tirreno-adriatico:2026:3,3,39,38,,43,,Gudmestad Tord,,
tirreno-adriatico:2026:3,3,40,40,,41,,Andresen Tobias Lund,,
tirreno-adriatico:2026:3,3,41,41,,113,,Kogut Oded,,
tirreno-adriatico:2026:4,4,1,2,,135,,Pellizzari Giulio,,
tirreno-adriatico:2026:4,4,2,1,,211,,del Toro Isaac,,
tirreno-adriatico:2026:4,4,3,3,,75,,Sheffield Magnus,,
tirreno-adriatico:2026:4,4,4,4,,11,,Tiberi Antonio,,
tirreno-adriatico:2026:4,4,5,5,,115,,Pinarello Alessandro,,
tirreno-adriatico:2026:4,4,6,6,,212,,Christen Jan,,
tirreno-adriatico:2026:4,4,7,7,,236,,Silva Guillermo Thomas,,
tirreno-adriatico:2026:4,4,8,9,,93,,Berckmoes Jenno,,
tirreno-adriatico:2026:4,4,9,10,,17,,Zambanini Edoardo,,
tirreno-adriatico:2026:4,4,10,11,,2,,Del Grosso Tibor,,
tirreno-adriatico:2026:4,4,11,13,,237,,Toneatti Davide,,
tirreno-adriatico:2026:4,4,12,15,,34,,Fernández Samuel,,
tirreno-adriatico:2026:4,4,13,8,,67,,Rolland Brieuc,,
tirreno-adriatico:2026:4,4,14,19,,184,,Crescioli Ludovico,,
tirreno-adriatico:2026:4,4,15,16,,121,,Calzoni Walter,,
tirreno-adriatico:2026:4,4,16,21,,172,,Bittner Pavel,,
tirreno-adriatico:2026:4,4,17,12,,7,,Verstrynge Emiel,,
tirreno-adriatico:2026:4,4,18,33,,235,,Schrettl Marco,,
tirreno-adriatico:2026:4,4,19,23,,23,,Stenico Mattia,,
tirreno-adriatico:2026:4,4,20,32,,92,,Artz Huub,,
tirreno-adriatico:2026:4,4,21,34,,54,,Mihkels Madis,,
tirreno-adriatico:2026:4,4,22,27,,64,,Germani Lorenzo,,
tirreno-adriatico:2026:4,4,23,37,,173,,Faure Prost Alexy,,
tirreno-adriatico:2026:4,4,24,40,,41,,Andresen Tobias Lund,,
tirreno-adriatico:2026:4,4,25,18,,164,,De Pretto Davide,,
tirreno-adriatico:2026:4,4,26,25,,14,,Ermakov Roman,,
tirreno-adriatico:2026:4,4,27,26,,65,,Kench Josh,,
tirreno-adriatico:2026:4,4,28,14,,42,,Gautherat Pierre,,
tirreno-adriatico:2026:4,4,29,28,,15,,Miholjević Fran,,
tirreno-adriatico:2026:4,4,30,29,,207,,Wilksch Hannes,,
tirreno-adriatico:2026:4,4,31,35,,55,,Nerurkar Lukas,,
tirreno-adriatico:2026:4,4,32,17,,165,,Foldager Anders,,
tirreno-adriatico:2026:4,4,33,20,,177,,Peace Oliver,,
tirreno-adriatico:2026:4,4,34,22,,105,,Moro Manlio,,
tirreno-adriatico:2026:4,4,35,24,,47,,Pedersen Rasmus Søjberg,,
tirreno-adriatico:2026:4,4,36,30,,151,,Magnier Paul,,
tirreno-adriatico:2026:4,4,37,31,,214,,Giaimi Luca,,
tirreno-adriatico:2026:4,4,38,36,,197,,Rex Tim,,
tirreno-adriatico:2026:4,4,39,38,,91,,De Lie Arnaud,,
tirreno-adriatico:2026:4,4,40,39,,43,,Gudmestad Tord,,
tirreno-adriatico:2026:4,4,41,41,,113,,Kogut Oded,,
tirreno-adriatico:2026:5,5,1,2,,211,,del Toro Isaac,,
tirreno-adriatico:2026:5,5,2,1,,135,,Pellizzari Giulio,,
tirreno-adriatico:2026:5,5,3,5,,115,,Pinarello Alessandro,,
tirreno-adriatico:2026:5,5,4,3,,75,,Sheffield Magnus,,
tirreno-adriatico:2026:5,5,5,7,,236,,Silva Guillermo Thomas,,
tirreno-adriatico:2026:5,5,6,13,,67,,Rolland Brieuc,,
tirreno-adriatico:2026:5,5,7,4,,11,,Tiberi Antonio,,
tirreno-adriatico:2026:5,5,8,17,,7,,Verstrynge Emiel,,
tirreno-adriatico:2026:5,5,9,12,,34,,Fernández Samuel,,
tirreno-adriatico:2026:5,5,10,8,,93,,Berckmoes Jenno,,
tirreno-adriatico:2026:5,5,11,9,,17,,Zambanini Edoardo,,
tirreno-adriatico:2026:5,5,12,6,,212,,Christen Jan,,
tirreno-adriatico:2026:5,5,13,14,,184,,Crescioli Ludovico,,
tirreno-adriatico:2026:5,5,14,18,,235,,Schrettl Marco,,
tirreno-adriatico:2026:5,5,15,23,,173,,Faure Prost Alexy,,
tirreno-adriatico:2026:5,5,16,10,,2,,Del Grosso Tibor,,
tirreno-adriatico:2026:5,5,17,11,,237,,Toneatti Davide,,
tirreno-adriatico:2026:5,5,18,15,,121,,Calzoni Walter,,
tirreno-adriatico:2026:5,5,19,31,,55,,Nerurkar Lukas,,
tirreno-adriatico:2026:5,5,20,19,,23,,Stenico Mattia,,
tirreno-adriatico:2026:5,5,21,22,,64,,Germani Lorenzo,,
tirreno-adriatico:2026:5,5,22,16,,172,,Bittner Pavel,,
tirreno-adriatico:2026:5,5,23,24,,41,,Andresen Tobias Lund,,
tirreno-adriatico:2026:5,5,24,26,,14,,Ermakov Roman,,
tirreno-adriatico:2026:5,5,25,21,,54,,Mihkels Madis,,
tirreno-adriatico:2026:5,5,26,20,,92,,Artz Huub,,
tirreno-adriatico:2026:5,5,27,25,,164,,De Pretto Davide,,
tirreno-adriatico:2026:5,5,28,38,,197,,Rex Tim,,
tirreno-adriatico:2026:5,5,29,28,,42,,Gautherat Pierre,,
tirreno-adriatico:2026:5,5,30,29,,15,,Miholjević Fran,,
tirreno-adriatico:2026:5,5,31,30,,207,,Wilksch Hannes,,
tirreno-adriatico:2026:5,5,32,27,,65,,Kench Josh,,
tirreno-adriatico:2026:5,5,33,32,,165,,Foldager Anders,,
tirreno-adriatico:2026:5,5,34,33,,177,,Peace Oliver,,
tirreno-adriatico:2026:5,5,35,36,,151,,Magnier Paul,,
tirreno-adriatico:2026:5,5,36,34,,105,,Moro Manlio,,
tirreno-adriatico:2026:5,5,37,35,,47,,Pedersen Rasmus Søjberg,,
tirreno-adriatico:2026:5,5,38,37,,214,,Giaimi Luca,,
tirreno-adriatico:2026:5,5,39,39,,91,,De Lie Arnaud,,
tirreno-adriatico:2026:5,5,40,40,,43,,Gudmestad Tord,,
tirreno-adriatico:2026:5,5,41,41,,113,,Kogut Oded,,
tirreno-adriatico:2026:6,6,1,1,,211,,del Toro Isaac,,
tirreno-adriatico:2026:6,6,2,2,,135,,Pellizzari Giulio,,
tirreno-adriatico:2026:6,6,3,4,,75,,Sheffield Magnus,,
tirreno-adriatico:2026:6,6,4,3,,115,,Pinarello Alessandro,,
tirreno-adriatico:2026:6,6,5,5,,236,,Silva Guillermo Thomas,,
tirreno-adriatico:2026:6,6,6,6,,67,,Rolland Brieuc,,
tirreno-adriatico:2026:6,6,7,13,,184,,Crescioli Ludovico,,
tirreno-adriatico:2026:6,6,8,11,,17,,Zambanini Edoardo,,
tirreno-adriatico:2026:6,6,9,12,,212,,Christen Jan,,
tirreno-adriatico:2026:6,6,10,7,,11,,Tiberi Antonio,,
tirreno-adriatico:2026:6,6,11,8,,7,,Verstrynge Emiel,,
tirreno-adriatico:2026:6,6,12,9,,34,,Fernández Samuel,,
tirreno-adriatico:2026:6,6,13,18,,121,,Calzoni Walter,,
tirreno-adriatico:2026:6,6,14,19,,55,,Nerurkar Lukas,,
tirreno-adriatico:2026:6,6,15,10,,93,,Berckmoes Jenno,,
tirreno-adriatico:2026:6,6,16,14,,235,,Schrettl Marco,,
tirreno-adriatico:2026:6,6,17,15,,173,,Faure Prost Alexy,,
tirreno-adriatico:2026:6,6,18,17,,237,,Toneatti Davide,,
tirreno-adriatico:2026:6,6,19,28,,197,,Rex Tim,,
tirreno-adriatico:2026:6,6,20,16,,2,,Del Grosso Tibor,,
tirreno-adriatico:2026:6,6,21,34,,177,,Peace Oliver,,
tirreno-adriatico:2026:6,6,22,30,,15,,Miholjević Fran,,
tirreno-adriatico:2026:6,6,23,20,,23,,Stenico Mattia,,
tirreno-adriatico:2026:6,6,24,21,,64,,Germani Lorenzo,,
tirreno-adriatico:2026:6,6,25,22,,172,,Bittner Pavel,,
tirreno-adriatico:2026:6,6,26,24,,14,,Ermakov Roman,,
tirreno-adriatico:2026:6,6,27,25,,54,,Mihkels Madis,,
tirreno-adriatico:2026:6,6,28,31,,207,,Wilksch Hannes,,
tirreno-adriatico:2026:6,6,29,29,,42,,Gautherat Pierre,,
tirreno-adriatico:2026:6,6,30,23,,41,,Andresen Tobias Lund,,
tirreno-adriatico:2026:6,6,31,27,,164,,De Pretto Davide,,
tirreno-adriatico:2026:6,6,32,33,,165,,Foldager Anders,,
tirreno-adriatico:2026:6,6,33,32,,65,,Kench Josh,,
tirreno-adriatico:2026:6,6,34,26,,92,,Artz Huub,,
tirreno-adriatico:2026:6,6,35,36,,105,,Moro Manlio,,
tirreno-adriatico:2026:6,6,36,38,,214,,Giaimi Luca,,
tirreno-adriatico:2026:6,6,37,35,,151,,Magnier Paul,,
tirreno-adriatico:2026:6,6,38,37,,47,,Pedersen Rasmus Søjberg,,
tirreno-adriatico:2026:6,6,39,40,,43,,Gudmestad Tord,,
tirreno-adriatico:2026:6,6,40,39,,91,,De Lie Arnaud,,
tirreno-adriatico:2026:6,6,41,41,,113,,Kogut Oded,,
tirreno-adriatico:2026:7,7,1,1,,211,,del Toro Isaac,,
tirreno-adriatico:2026:7,7,2,2,,135,,Pellizzari Giulio,,
tirreno-adriatico:2026:7,7,3,3,,75,,Sheffield Magnus,,
tirreno-adriatico:2026:7,7,4,4,,115,,Pinarello Alessandro,,
tirreno-adriatico:2026:7,7,5,5,,236,,Silva Guillermo Thomas,,
tirreno-adriatico:2026:7,7,6,6,,67,,Rolland Brieuc,,
tirreno-adriatico:2026:7,7,7,7,,184,,Crescioli Ludovico,,
tirreno-adriatico:2026:7,7,8,8,,17,,Zambanini Edoardo,,
tirreno-adriatico:2026:7,7,9,9,,212,,Christen Jan,,
tirreno-adriatico:2026:7,7,10,10,,11,,Tiberi Antonio,,
tirreno-adriatico:2026:7,7,11,11,,7,,Verstrynge Emiel,,
tirreno-adriatico:2026:7,7,12,13,,121,,Calzoni Walter,,
tirreno-adriatico:2026:7,7,13,14,,55,,Nerurkar Lukas,,
tirreno-adriatico:2026:7,7,14,15,,93,,Berckmoes Jenno,,
tirreno-adriatico:2026:7,7,15,16,,235,,Schrettl Marco,,
tirreno-adriatico:2026:7,7,16,18,,237,,Toneatti Davide,,
tirreno-adriatico:2026:7,7,17,19,,197,,Rex Tim,,
tirreno-adriatico:2026:7,7,18,20,,2,,Del Grosso Tibor,,
tirreno-adriatico:2026:7,7,19,22,,15,,Miholjević Fran,,
tirreno-adriatico:2026:7,7,20,21,,177,,Peace Oliver,,
tirreno-adriatico:2026:7,7,21,24,,64,,Germani Lorenzo,,
tirreno-adriatico:2026:7,7,22,17,,173,,Faure Prost Alexy,,
tirreno-adriatico:2026:7,7,23,25,,172,,Bittner Pavel,,
tirreno-adriatico:2026:7,7,24,27,,54,,Mihkels Madis,,
tirreno-adriatico:2026:7,7,25,28,,207,,Wilksch Hannes,,
tirreno-adriatico:2026:7,7,26,29,,42,,Gautherat Pierre,,
tirreno-adriatico:2026:7,7,27,30,,41,,Andresen Tobias Lund,,
tirreno-adriatico:2026:7,7,28,32,,165,,Foldager Anders,,
tirreno-adriatico:2026:7,7,29,33,,65,,Kench Josh,,
tirreno-adriatico:2026:7,7,30,34,,92,,Artz Huub,,
tirreno-adriatico:2026:7,7,31,26,,14,,Ermakov Roman,,
tirreno-adriatico:2026:7,7,32,31,,164,,De Pretto Davide,,
tirreno-adriatico:2026:7,7,33,37,,151,,Magnier Paul,,
tirreno-adriatico:2026:7,7,34,40,,91,,De Lie Arnaud,,
tirreno-adriatico:2026:7,7,35,35,,105,,Moro Manlio,,
tirreno-adriatico:2026:7,7,36,36,,214,,Giaimi Luca,,
tirreno-adriatico:2026:7,7,37,41,,113,,Kogut Oded,,
tirreno-adriatico:2026:7,7,38,38,,47,,Pedersen Rasmus Søjberg,,
tirreno-adriatico:2026:7,7,39,39,,43,,Gudmestad Tord,,
tour-down-under:2026:1,1,1,5,,151,,Brennan Matthew,,
tour-down-under:2026:1,1,2,1,,47,,Leonard Michael,,
tour-down-under:2026:1,1,3,2,,123,,Raccagni Noviero Andrea,,
tour-down-under:2026:1,1,4,3,,35,,L'Hote Antoine,,
tour-down-under:2026:1,1,5,4,,32,,Chamberlain Oscar,,
tour-down-under:2026:1,1,6,6,,116,,Tuckwell Luke,,
tour-down-under:2026:1,1,7,7,,14,,Sentjens Sente,,
tour-down-under:2026:1,1,8,8,,22,,Eržen Žak,,
tour-down-under:2026:1,1,9,9,,166,,Ingebrigtsen Storm,,
tour-down-under:2026:1,1,10,10,,197,,Stevenson Lucas,,
tour-down-under:2026:1,1,11,11,,93,,Novák Pavel,,
tour-down-under:2026:1,1,12,13,,51,,Bower Lewis,,
tour-down-under:2026:1,1,13,14,,156,,Mattio Pietro,,
tour-down-under:2026:1,1,14,15,,134,,McKenzie Hamish,,
tour-down-under:2026:1,1,15,16,,54,,Fontaine Titouan,,
tour-down-under:2026:1,1,16,17,,157,,Rex Tim,,
tour-down-under:2026:1,1,17,18,,145,,Peace Oliver,,
tour-down-under:2026:1,1,18,19,,155,,Huising Menno,,
tour-down-under:2026:2,2,1,2,,47,,Leonard Michael,,
tour-down-under:2026:2,2,2,3,,123,,Raccagni Noviero Andrea,,
tour-down-under:2026:2,2,3,4,,35,,L'Hote Antoine,,
tour-down-under:2026:2,2,4,11,,93,,Novák Pavel,,
tour-down-under:2026:2,2,5,17,,145,,Peace Oliver,,
tour-down-under:2026:2,2,6,18,,155,,Huising Menno,,
tour-down-under:2026:2,2,7,6,,116,,Tuckwell Luke,,
tour-down-under:2026:2,2,8,5,,32,,Chamberlain Oscar,,
tour-down-under:2026:2,2,9,1,,151,,Brennan Matthew,,
tour-down-under:2026:2,2,10,7,,14,,Sentjens Sente,,
tour-down-under:2026:2,2,11,8,,22,,Eržen Žak,,
tour-down-under:2026:2,2,12,9,,166,,Ingebrigtsen Storm,,
tour-down-under:2026:2,2,13,10,,197,,Stevenson Lucas,,
tour-down-under:2026:2,2,14,12,,51,,Bower Lewis,,
tour-down-under:2026:2,2,15,13,,156,,Mattio Pietro,,
tour-down-under:2026:2,2,16,14,,134,,McKenzie Hamish,,
tour-down-under:2026:2,2,17,15,,54,,Fontaine Titouan,,
tour-down-under:2026:2,2,18,16,,157,,Rex Tim,,
tour-down-under:2026:3,3,1,1,,47,,Leonard Michael,,
tour-down-under:2026:3,3,2,2,,123,,Raccagni Noviero Andrea,,
tour-down-under:2026:3,3,3,4,,93,,Novák Pavel,,
tour-down-under:2026:3,3,4,5,,145,,Peace Oliver,,
tour-down-under:2026:3,3,5,3,,35,,L'Hote Antoine,,
tour-down-under:2026:3,3,6,6,,155,,Huising Menno,,
tour-down-under:2026:3,3,7,7,,116,,Tuckwell Luke,,
tour-down-under:2026:3,3,8,8,,32,,Chamberlain Oscar,,
tour-down-under:2026:3,3,9,9,,151,,Brennan Matthew,,
tour-down-under:2026:3,3,10,10,,14,,Sentjens Sente,,
tour-down-under:2026:3,3,11,11,,22,,Eržen Žak,,
tour-down-under:2026:3,3,12,14,,51,,Bower Lewis,,
tour-down-under:2026:3,3,13,16,,134,,McKenzie Hamish,,
tour-down-under:2026:3,3,14,13,,197,,Stevenson Lucas,,
tour-down-under:2026:3,3,15,12,,166,,Ingebrigtsen Storm,,
tour-down-under:2026:3,3,16,15,,156,,Mattio Pietro,,
tour-down-under:2026:3,3,17,17,,54,,Fontaine Titouan,,
tour-down-under:2026:3,3,18,18,,157,,Rex Tim,,
tour-down-under:2026:4,4,1,2,,123,,Raccagni Noviero Andrea,,
tour-down-under:2026:4,4,2,1,,47,,Leonard Michael,,
tour-down-under:2026:4,4,3,3,,93,,Novák Pavel,,
tour-down-under:2026:4,4,4,4,,145,,Peace Oliver,,
tour-down-under:2026:4,4,5,6,,155,,Huising Menno,,
tour-down-under:2026:4,4,6,7,,116,,Tuckwell Luke,,
tour-down-under:2026:4,4,7,8,,32,,Chamberlain Oscar,,
tour-down-under:2026:4,4,8,9,,151,,Brennan Matthew,,
tour-down-under:2026:4,4,9,11,,22,,Eržen Žak,,
tour-down-under:2026:4,4,10,13,,134,,McKenzie Hamish,,
tour-down-under:2026:4,4,11,12,,51,,Bower Lewis,,
tour-down-under:2026:4,4,12,14,,197,,Stevenson Lucas,,
tour-down-under:2026:4,4,13,16,,156,,Mattio Pietro,,
tour-down-under:2026:4,4,14,17,,54,,Fontaine Titouan,,
tour-down-under:2026:4,4,15,15,,166,,Ingebrigtsen Storm,,
tour-down-under:2026:4,4,16,18,,157,,Rex Tim,,
tour-down-under:2026:4,4,17,10,,14,,Sentjens Sente,,
tour-down-under:2026:5,5,1,1,,123,,Raccagni Noviero Andrea,,
tour-down-under:2026:5,5,2,2,,47,,Leonard Michael,,
tour-down-under:2026:5,5,3,4,,145,,Peace Oliver,,
tour-down-under:2026:5,5,4,6,,116,,Tuckwell Luke,,
tour-down-under:2026:5,5,5,3,,93,,Novák Pavel,,
tour-down-under:2026:5,5,6,8,,151,,Brennan Matthew,,
tour-down-under:2026:5,5,7,7,,32,,Chamberlain Oscar,,
tour-down-under:2026:5,5,8,13,,156,,Mattio Pietro,,
tour-down-under:2026:5,5,9,10,,134,,McKenzie Hamish,,
tour-down-under:2026:5,5,10,15,,166,,Ingebrigtsen Storm,,
tour-down-under:2026:5,5,11,11,,51,,Bower Lewis,,
tour-down-under:2026:5,5,12,9,,22,,Eržen Žak,,
tour-down-under:2026:5,5,13,17,,14,,Sentjens Sente,,
tour-down-under:2026:5,5,14,16,,157,,Rex Tim,,
uae-tour:2026:1,1,1,,,181,,del Toro Isaac,,
uae-tour:2026:1,1,2,,,21,,Tiberi Antonio,,
uae-tour:2026:1,1,3,,,167,,Tulett Ben,,
uae-tour:2026:1,1,4,,,81,,Van Eetvelt Lennert,,
uae-tour:2026:1,1,5,,,205,,Romele Alessandro,,
uae-tour:2026:1,1,6,,,96,,Pickrell Riley,,
uae-tour:2026:1,1,7,,,25,,Eulálio Afonso,,
uae-tour:2026:1,1,8,,,44,,Mihkels Madis,,
uae-tour:2026:1,1,9,,,64,,Svestad-Bårdseng Embret,,
uae-tour:2026:1,1,10,,,163,,Graat Tijmen,,
uae-tour:2026:1,1,11,,,176,,Rondel Mathys,,
uae-tour:2026:1,1,12,,,157,,van Uden Casper,,
uae-tour:2026:1,1,13,,,46,,Steinhauser Georg,,
uae-tour:2026:1,1,14,,,192,,Bévort Carl-Frederik,,
uae-tour:2026:1,1,15,,,102,,Castrillo Pablo,,
uae-tour:2026:1,1,16,,,105,,Novák Pavel,,
uae-tour:2026:1,1,17,,,42,,Beloki Markel,,
uae-tour:2026:1,1,18,,,104,,Moro Manlio,,
uae-tour:2026:1,1,19,,,4,,Fisher-Black Finn,,
uae-tour:2026:1,1,20,,,145,,Pickering Finlay,,
uae-tour:2026:1,1,21,,,135,,Lecerf Junior,,
uae-tour:2026:1,1,22,,,56,,Milan Matteo,,
uae-tour:2026:1,1,23,,,54,,Huens Axel,,
uae-tour:2026:1,1,24,,,166,,Nordhagen Jørgen,,
uae-tour:2026:1,1,25,,,83,,De Schuyteneer Steffen,,
uae-tour:2026:1,1,26,,,62,,Øxenberg Peter,,
uae-tour:2026:1,1,27,,,165,,Mattio Pietro,,
uae-tour:2026:1,1,28,,,45,,Schwarzbacher Matthias,,
uae-tour:2026:1,1,29,,,92,,Christian Sean,,
uae-tour:2026:1,1,30,,,7,,Thornley Callum,,
uae-tour:2026:1,1,31,,,95,,Caudell Ezra,,
uae-tour:2026:1,1,32,,,177,,Wilksch Hannes,,
uae-tour:2026:1,1,33,,,61,,Tarling Joshua,,
uae-tour:2026:1,1,34,,,5,,Herzog Emil,,
uae-tour:2026:1,1,35,,,103,,Milesi Lorenzo,,
uae-tour:2026:1,1,36,,,115,,Raisberg Nadav,,
uae-tour:2026:1,1,37,,,52,,Bower Lewis,,
uae-tour:2026:1,1,38,,,57,,Paleni Enzo,,
uae-tour:2026:1,1,39,,,47,,van der Lee Jardi Christiaan,,
uae-tour:2026:1,1,40,,,11,,Dehairs Simon,,
uae-tour:2026:1,1,41,,,85,,Ørn-Kristoff Felix,,
uae-tour:2026:1,1,42,,,137,,Vangheluwe Warre,,
uae-tour:2026:1,1,43,,,93,,Kessler Cole,,
uae-tour:2026:1,1,44,,,86,,van Sintmaartensdijk Roel,,
uae-tour:2026:1,1,45,,,123,,Houcou Emmanuel,,
uae-tour:2026:1,1,46,,,175,,Mikutis Aivaras,,
uae-tour:2026:1,1,47,,,37,,Pollefliet Gianluca,,
uae-tour:2026:1,1,48,,,84,,Gualdi Simone,,
uae-tour:2026:1,1,49,,,27,,Skerl Daniel,,
uae-tour:2026:1,1,50,,,43,,MacKellar Alastair,,
uae-tour:2026:1,1,51,,,63,,Shmidt Artem,,
uae-tour:2026:2,2,1,33,,61,,Tarling Joshua,,
uae-tour:2026:2,2,2,2,,21,,Tiberi Antonio,,
uae-tour:2026:2,2,3,1,,181,,del Toro Isaac,,
uae-tour:2026:2,2,4,26,,62,,Øxenberg Peter,,
uae-tour:2026:2,2,5,15,,102,,Castrillo Pablo,,
uae-tour:2026:2,2,6,19,,4,,Fisher-Black Finn,,
uae-tour:2026:2,2,7,30,,7,,Thornley Callum,,
uae-tour:2026:2,2,8,24,,166,,Nordhagen Jørgen,,
uae-tour:2026:2,2,9,17,,42,,Beloki Markel,,
uae-tour:2026:2,2,10,46,,175,,Mikutis Aivaras,,
uae-tour:2026:2,2,11,25,,83,,De Schuyteneer Steffen,,
uae-tour:2026:2,2,12,13,,46,,Steinhauser Georg,,
uae-tour:2026:2,2,13,35,,103,,Milesi Lorenzo,,
uae-tour:2026:2,2,14,3,,167,,Tulett Ben,,
uae-tour:2026:2,2,15,14,,192,,Bévort Carl-Frederik,,
uae-tour:2026:2,2,16,9,,64,,Svestad-Bårdseng Embret,,
uae-tour:2026:2,2,17,11,,176,,Rondel Mathys,,
uae-tour:2026:2,2,18,4,,81,,Van Eetvelt Lennert,,
uae-tour:2026:2,2,19,18,,104,,Moro Manlio,,
uae-tour:2026:2,2,20,38,,57,,Paleni Enzo,,
uae-tour:2026:2,2,21,10,,163,,Graat Tijmen,,
uae-tour:2026:2,2,22,41,,85,,Ørn-Kristoff Felix,,
uae-tour:2026:2,2,23,21,,135,,Lecerf Junior,,
uae-tour:2026:2,2,24,5,,205,,Romele Alessandro,,
uae-tour:2026:2,2,25,12,,157,,van Uden Casper,,
uae-tour:2026:2,2,26,23,,54,,Huens Axel,,
uae-tour:2026:2,2,27,28,,45,,Schwarzbacher Matthias,,
uae-tour:2026:2,2,28,43,,93,,Kessler Cole,,
uae-tour:2026:2,2,29,37,,52,,Bower Lewis,,
uae-tour:2026:2,2,30,44,,86,,van Sintmaartensdijk Roel,,
uae-tour:2026:2,2,31,20,,145,,Pickering Finlay,,
uae-tour:2026:2,2,32,45,,123,,Houcou Emmanuel,,
uae-tour:2026:2,2,33,31,,95,,Caudell Ezra,,
uae-tour:2026:2,2,34,8,,44,,Mihkels Madis,,
uae-tour:2026:2,2,35,39,,47,,van der Lee Jardi Christiaan,,
uae-tour:2026:2,2,36,42,,137,,Vangheluwe Warre,,
uae-tour:2026:2,2,37,27,,165,,Mattio Pietro,,
uae-tour:2026:2,2,38,36,,115,,Raisberg Nadav,,
uae-tour:2026:2,2,39,16,,105,,Novák Pavel,,
uae-tour:2026:2,2,40,22,,56,,Milan Matteo,,
uae-tour:2026:2,2,41,7,,25,,Eulálio Afonso,,
uae-tour:2026:2,2,42,32,,177,,Wilksch Hannes,,
uae-tour:2026:2,2,43,29,,92,,Christian Sean,,
uae-tour:2026:2,2,44,40,,11,,Dehairs Simon,,
uae-tour:2026:2,2,45,6,,96,,Pickrell Riley,,
uae-tour:2026:2,2,46,34,,5,,Herzog Emil,,
uae-tour:2026:2,2,47,48,,84,,Gualdi Simone,,
uae-tour:2026:2,2,48,51,,63,,Shmidt Artem,,
uae-tour:2026:2,2,49,47,,37,,Pollefliet Gianluca,,
uae-tour:2026:2,2,50,50,,43,,MacKellar Alastair,,
uae-tour:2026:2,2,51,49,,27,,Skerl Daniel,,
uae-tour:2026:3,3,1,2,,21,,Tiberi Antonio,,
uae-tour:2026:3,3,2,3,,181,,del Toro Isaac,,
uae-tour:2026:3,3,3,18,,81,,Van Eetvelt Lennert,,
uae-tour:2026:3,3,4,8,,166,,Nordhagen Jørgen,,
uae-tour:2026:3,3,5,17,,176,,Rondel Mathys,,
uae-tour:2026:3,3,6,21,,163,,Graat Tijmen,,
uae-tour:2026:3,3,7,16,,64,,Svestad-Bårdseng Embret,,
uae-tour:2026:3,3,8,5,,102,,Castrillo Pablo,,
uae-tour:2026:3,3,9,9,,42,,Beloki Markel,,
uae-tour:2026:3,3,10,12,,46,,Steinhauser Georg,,
uae-tour:2026:3,3,11,35,,47,,van der Lee Jardi Christiaan,,
uae-tour:2026:3,3,12,23,,135,,Lecerf Junior,,
uae-tour:2026:3,3,13,4,,62,,Øxenberg Peter,,
uae-tour:2026:3,3,14,41,,25,,Eulálio Afonso,,
uae-tour:2026:3,3,15,39,,105,,Novák Pavel,,
uae-tour:2026:3,3,16,14,,167,,Tulett Ben,,
uae-tour:2026:3,3,17,31,,145,,Pickering Finlay,,
uae-tour:2026:3,3,18,46,,5,,Herzog Emil,,
uae-tour:2026:3,3,19,20,,57,,Paleni Enzo,,
uae-tour:2026:3,3,20,47,,84,,Gualdi Simone,,
uae-tour:2026:3,3,21,42,,177,,Wilksch Hannes,,
uae-tour:2026:3,3,22,6,,4,,Fisher-Black Finn,,
uae-tour:2026:3,3,23,50,,43,,MacKellar Alastair,,
uae-tour:2026:3,3,24,1,,61,,Tarling Joshua,,
uae-tour:2026:3,3,25,13,,103,,Milesi Lorenzo,,
uae-tour:2026:3,3,26,36,,137,,Vangheluwe Warre,,
uae-tour:2026:3,3,27,26,,54,,Huens Axel,,
uae-tour:2026:3,3,28,34,,44,,Mihkels Madis,,
uae-tour:2026:3,3,29,38,,115,,Raisberg Nadav,,
uae-tour:2026:3,3,30,10,,175,,Mikutis Aivaras,,
uae-tour:2026:3,3,31,30,,86,,van Sintmaartensdijk Roel,,
uae-tour:2026:3,3,32,25,,157,,van Uden Casper,,
uae-tour:2026:3,3,33,48,,63,,Shmidt Artem,,
uae-tour:2026:3,3,34,7,,7,,Thornley Callum,,
uae-tour:2026:3,3,35,22,,85,,Ørn-Kristoff Felix,,
uae-tour:2026:3,3,36,19,,104,,Moro Manlio,,
uae-tour:2026:3,3,37,32,,123,,Houcou Emmanuel,,
uae-tour:2026:3,3,38,37,,165,,Mattio Pietro,,
uae-tour:2026:3,3,39,43,,92,,Christian Sean,,
uae-tour:2026:3,3,40,15,,192,,Bévort Carl-Frederik,,
uae-tour:2026:3,3,41,27,,45,,Schwarzbacher Matthias,,
uae-tour:2026:3,3,42,28,,93,,Kessler Cole,,
uae-tour:2026:3,3,43,33,,95,,Caudell Ezra,,
uae-tour:2026:3,3,44,29,,52,,Bower Lewis,,
uae-tour:2026:3,3,45,11,,83,,De Schuyteneer Steffen,,
uae-tour:2026:3,3,46,45,,96,,Pickrell Riley,,
uae-tour:2026:3,3,47,44,,11,,Dehairs Simon,,
uae-tour:2026:3,3,48,24,,205,,Romele Alessandro,,
uae-tour:2026:3,3,49,40,,56,,Milan Matteo,,
uae-tour:2026:3,3,50,49,,37,,Pollefliet Gianluca,,
uae-tour:2026:3,3,51,51,,27,,Skerl Daniel,,
uae-tour:2026:4,4,1,1,,21,,Tiberi Antonio,,
uae-tour:2026:4,4,2,2,,181,,del Toro Isaac,,
uae-tour:2026:4,4,3,3,,81,,Van Eetvelt Lennert,,
uae-tour:2026:4,4,4,4,,166,,Nordhagen Jørgen,,
uae-tour:2026:4,4,5,5,,176,,Rondel Mathys,,
uae-tour:2026:4,4,6,6,,163,,Graat Tijmen,,
uae-tour:2026:4,4,7,7,,64,,Svestad-Bårdseng Embret,,
uae-tour:2026:4,4,8,8,,102,,Castrillo Pablo,,
uae-tour:2026:4,4,9,9,,42,,Beloki Markel,,
uae-tour:2026:4,4,10,10,,46,,Steinhauser Georg,,
uae-tour:2026:4,4,11,11,,47,,van der Lee Jardi Christiaan,,
uae-tour:2026:4,4,12,12,,135,,Lecerf Junior,,
uae-tour:2026:4,4,13,13,,62,,Øxenberg Peter,,
uae-tour:2026:4,4,14,14,,25,,Eulálio Afonso,,
uae-tour:2026:4,4,15,15,,105,,Novák Pavel,,
uae-tour:2026:4,4,16,16,,167,,Tulett Ben,,
uae-tour:2026:4,4,17,18,,5,,Herzog Emil,,
uae-tour:2026:4,4,18,19,,57,,Paleni Enzo,,
uae-tour:2026:4,4,19,20,,84,,Gualdi Simone,,
uae-tour:2026:4,4,20,21,,177,,Wilksch Hannes,,
uae-tour:2026:4,4,21,22,,4,,Fisher-Black Finn,,
uae-tour:2026:4,4,22,23,,43,,MacKellar Alastair,,
uae-tour:2026:4,4,23,24,,61,,Tarling Joshua,,
uae-tour:2026:4,4,24,25,,103,,Milesi Lorenzo,,
uae-tour:2026:4,4,25,26,,137,,Vangheluwe Warre,,
uae-tour:2026:4,4,26,27,,54,,Huens Axel,,
uae-tour:2026:4,4,27,28,,44,,Mihkels Madis,,
uae-tour:2026:4,4,28,30,,175,,Mikutis Aivaras,,
uae-tour:2026:4,4,29,31,,86,,van Sintmaartensdijk Roel,,
uae-tour:2026:4,4,30,32,,157,,van Uden Casper,,
uae-tour:2026:4,4,31,29,,115,,Raisberg Nadav,,
uae-tour:2026:4,4,32,34,,7,,Thornley Callum,,
uae-tour:2026:4,4,33,35,,85,,Ørn-Kristoff Felix,,
uae-tour:2026:4,4,34,33,,63,,Shmidt Artem,,
uae-tour:2026:4,4,35,36,,104,,Moro Manlio,,
uae-tour:2026:4,4,36,37,,123,,Houcou Emmanuel,,
uae-tour:2026:4,4,37,38,,165,,Mattio Pietro,,
uae-tour:2026:4,4,38,39,,92,,Christian Sean,,
uae-tour:2026:4,4,39,40,,192,,Bévort Carl-Frederik,,
uae-tour:2026:4,4,40,41,,45,,Schwarzbacher Matthias,,
uae-tour:2026:4,4,41,42,,93,,Kessler Cole,,
uae-tour:2026:4,4,42,43,,95,,Caudell Ezra,,
uae-tour:2026:4,4,43,45,,83,,De Schuyteneer Steffen,,
uae-tour:2026:4,4,44,46,,96,,Pickrell Riley,,
uae-tour:2026:4,4,45,44,,52,,Bower Lewis,,
uae-tour:2026:4,4,46,48,,205,,Romele Alessandro,,
uae-tour:2026:4,4,47,49,,56,,Milan Matteo,,
uae-tour:2026:4,4,48,47,,11,,Dehairs Simon,,
uae-tour:2026:4,4,49,50,,37,,Pollefliet Gianluca,,
uae-tour:2026:4,4,50,51,,27,,Skerl Daniel,,
uae-tour:2026:5,5,1,1,,21,,Tiberi Antonio,,
uae-tour:2026:5,5,2,2,,181,,del Toro Isaac,,
uae-tour:2026:5,5,3,3,,81,,Van Eetvelt Lennert,,
uae-tour:2026:5,5,4,4,,166,,Nordhagen Jørgen,,
uae-tour:2026:5,5,5,5,,176,,Rondel Mathys,,
uae-tour:2026:5,5,6,6,,163,,Graat Tijmen,,
uae-tour:2026:5,5,7,7,,64,,Svestad-Bårdseng Embret,,
uae-tour:2026:5,5,8,8,,102,,Castrillo Pablo,,
uae-tour:2026:5,5,9,9,,42,,Beloki Markel,,
uae-tour:2026:5,5,10,10,,46,,Steinhauser Georg,,
uae-tour:2026:5,5,11,11,,47,,van der Lee Jardi Christiaan,,
uae-tour:2026:5,5,12,14,,25,,Eulálio Afonso,,
uae-tour:2026:5,5,13,12,,135,,Lecerf Junior,,
uae-tour:2026:5,5,14,15,,105,,Novák Pavel,,
uae-tour:2026:5,5,15,16,,167,,Tulett Ben,,
uae-tour:2026:5,5,16,13,,62,,Øxenberg Peter,,
uae-tour:2026:5,5,17,18,,57,,Paleni Enzo,,
uae-tour:2026:5,5,18,17,,5,,Herzog Emil,,
uae-tour:2026:5,5,19,19,,84,,Gualdi Simone,,
uae-tour:2026:5,5,20,20,,177,,Wilksch Hannes,,
uae-tour:2026:5,5,21,21,,4,,Fisher-Black Finn,,
uae-tour:2026:5,5,22,22,,43,,MacKellar Alastair,,
uae-tour:2026:5,5,23,23,,61,,Tarling Joshua,,
uae-tour:2026:5,5,24,24,,103,,Milesi Lorenzo,,
uae-tour:2026:5,5,25,26,,54,,Huens Axel,,
uae-tour:2026:5,5,26,27,,44,,Mihkels Madis,,
uae-tour:2026:5,5,27,25,,137,,Vangheluwe Warre,,
uae-tour:2026:5,5,28,28,,175,,Mikutis Aivaras,,
uae-tour:2026:5,5,29,29,,86,,van Sintmaartensdijk Roel,,
uae-tour:2026:5,5,30,30,,157,,van Uden Casper,,
uae-tour:2026:5,5,31,31,,115,,Raisberg Nadav,,
uae-tour:2026:5,5,32,32,,7,,Thornley Callum,,
uae-tour:2026:5,5,33,33,,85,,Ørn-Kristoff Felix,,
uae-tour:2026:5,5,34,34,,63,,Shmidt Artem,,
uae-tour:2026:5,5,35,35,,104,,Moro Manlio,,
uae-tour:2026:5,5,36,36,,123,,Houcou Emmanuel,,
uae-tour:2026:5,5,37,37,,165,,Mattio Pietro,,
uae-tour:2026:5,5,38,38,,92,,Christian Sean,,
uae-tour:2026:5,5,39,39,,192,,Bévort Carl-Frederik,,
uae-tour:2026:5,5,40,40,,45,,Schwarzbacher Matthias,,
uae-tour:2026:5,5,41,41,,93,,Kessler Cole,,
uae-tour:2026:5,5,42,42,,95,,Caudell Ezra,,
uae-tour:2026:5,5,43,43,,83,,De Schuyteneer Steffen,,
uae-tour:2026:5,5,44,44,,96,,Pickrell Riley,,
uae-tour:2026:5,5,45,45,,52,,Bower Lewis,,
uae-tour:2026:5,5,46,46,,205,,Romele Alessandro,,
uae-tour:2026:5,5,47,47,,56,,Milan Matteo,,
uae-tour:2026:5,5,48,48,,11,,Dehairs Simon,,
uae-tour:2026:5,5,49,49,,37,,Pollefliet Gianluca,,
uae-tour:2026:5,5,50,50,,27,,Skerl Daniel,,
uae-tour:2026:6,6,1,2,,181,,del Toro Isaac,,
uae-tour:2026:6,6,2,1,,21,,Tiberi Antonio,,
uae-tour:2026:6,6,3,3,,81,,Van Eetvelt Lennert,,
uae-tour:2026:6,6,4,4,,166,,Nordhagen Jørgen,,
uae-tour:2026:6,6,5,5,,176,,Rondel Mathys,,
uae-tour:2026:6,6,6,6,,163,,Graat Tijmen,,
uae-tour:2026:6,6,7,7,,64,,Svestad-Bårdseng Embret,,
uae-tour:2026:6,6,8,10,,46,,Steinhauser Georg,,
uae-tour:2026:6,6,9,8,,102,,Castrillo Pablo,,
uae-tour:2026:6,6,10,11,,47,,van der Lee Jardi Christiaan,,
uae-tour:2026:6,6,11,13,,135,,Lecerf Junior,,
uae-tour:2026:6,6,12,9,,42,,Beloki Markel,,
uae-tour:2026:6,6,13,14,,105,,Novák Pavel,,
uae-tour:2026:6,6,14,15,,167,,Tulett Ben,,
uae-tour:2026:6,6,15,19,,84,,Gualdi Simone,,
uae-tour:2026:6,6,16,16,,62,,Øxenberg Peter,,
uae-tour:2026:6,6,17,20,,177,,Wilksch Hannes,,
uae-tour:2026:6,6,18,17,,57,,Paleni Enzo,,
uae-tour:2026:6,6,19,12,,25,,Eulálio Afonso,,
uae-tour:2026:6,6,20,21,,4,,Fisher-Black Finn,,
uae-tour:2026:6,6,21,24,,103,,Milesi Lorenzo,,
uae-tour:2026:6,6,22,18,,5,,Herzog Emil,,
uae-tour:2026:6,6,23,22,,43,,MacKellar Alastair,,
uae-tour:2026:6,6,24,23,,61,,Tarling Joshua,,
uae-tour:2026:6,6,25,28,,175,,Mikutis Aivaras,,
uae-tour:2026:6,6,26,34,,63,,Shmidt Artem,,
uae-tour:2026:6,6,27,37,,165,,Mattio Pietro,,
uae-tour:2026:6,6,28,25,,54,,Huens Axel,,
uae-tour:2026:6,6,29,27,,137,,Vangheluwe Warre,,
uae-tour:2026:6,6,30,31,,115,,Raisberg Nadav,,
uae-tour:2026:6,6,31,26,,44,,Mihkels Madis,,
uae-tour:2026:6,6,32,35,,104,,Moro Manlio,,
uae-tour:2026:6,6,33,38,,92,,Christian Sean,,
uae-tour:2026:6,6,34,41,,93,,Kessler Cole,,
uae-tour:2026:6,6,35,30,,157,,van Uden Casper,,
uae-tour:2026:6,6,36,42,,95,,Caudell Ezra,,
uae-tour:2026:6,6,37,29,,86,,van Sintmaartensdijk Roel,,
uae-tour:2026:6,6,38,36,,123,,Houcou Emmanuel,,
uae-tour:2026:6,6,39,43,,83,,De Schuyteneer Steffen,,
uae-tour:2026:6,6,40,32,,7,,Thornley Callum,,
uae-tour:2026:6,6,41,33,,85,,Ørn-Kristoff Felix,,
uae-tour:2026:6,6,42,45,,52,,Bower Lewis,,
uae-tour:2026:6,6,43,39,,192,,Bévort Carl-Frederik,,
uae-tour:2026:6,6,44,40,,45,,Schwarzbacher Matthias,,
uae-tour:2026:6,6,45,44,,96,,Pickrell Riley,,
uae-tour:2026:6,6,46,46,,205,,Romele Alessandro,,
uae-tour:2026:6,6,47,49,,37,,Pollefliet Gianluca,,
uae-tour:2026:6,6,48,48,,11,,Dehairs Simon,,
uae-tour:2026:6,6,49,47,,56,,Milan Matteo,,
uae-tour:2026:6,6,50,50,,27,,Skerl Daniel,,
uae-tour:2026:7,7,1,1,,181,,del Toro Isaac,,
uae-tour:2026:7,7,2,2,,21,,Tiberi Antonio,,
uae-tour:2026:7,7,3,3,,81,,Van Eetvelt Lennert,,
uae-tour:2026:7,7,4,4,,166,,Nordhagen Jørgen,,
uae-tour:2026:7,7,5,5,,176,,Rondel Mathys,,
uae-tour:2026:7,7,6,6,,163,,Graat Tijmen,,
uae-tour:2026:7,7,7,7,,64,,Svestad-Bårdseng Embret,,
uae-tour:2026:7,7,8,8,,46,,Steinhauser Georg,,
uae-tour:2026:7,7,9,9,,102,,Castrillo Pablo,,
uae-tour:2026:7,7,10,11,,135,,Lecerf Junior,,
uae-tour:2026:7,7,11,10,,47,,van der Lee Jardi Christiaan,,
uae-tour:2026:7,7,12,12,,42,,Beloki Markel,,
uae-tour:2026:7,7,13,13,,105,,Novák Pavel,,
uae-tour:2026:7,7,14,14,,167,,Tulett Ben,,
uae-tour:2026:7,7,15,15,,84,,Gualdi Simone,,
uae-tour:2026:7,7,16,16,,62,,Øxenberg Peter,,
uae-tour:2026:7,7,17,17,,177,,Wilksch Hannes,,
uae-tour:2026:7,7,18,18,,57,,Paleni Enzo,,
uae-tour:2026:7,7,19,19,,25,,Eulálio Afonso,,
uae-tour:2026:7,7,20,20,,4,,Fisher-Black Finn,,
uae-tour:2026:7,7,21,21,,103,,Milesi Lorenzo,,
uae-tour:2026:7,7,22,22,,5,,Herzog Emil,,
uae-tour:2026:7,7,23,24,,61,,Tarling Joshua,,
uae-tour:2026:7,7,24,25,,175,,Mikutis Aivaras,,
uae-tour:2026:7,7,25,26,,63,,Shmidt Artem,,
uae-tour:2026:7,7,26,23,,43,,MacKellar Alastair,,
uae-tour:2026:7,7,27,27,,165,,Mattio Pietro,,
uae-tour:2026:7,7,28,28,,54,,Huens Axel,,
uae-tour:2026:7,7,29,29,,137,,Vangheluwe Warre,,
uae-tour:2026:7,7,30,31,,44,,Mihkels Madis,,
uae-tour:2026:7,7,31,30,,115,,Raisberg Nadav,,
uae-tour:2026:7,7,32,32,,104,,Moro Manlio,,
uae-tour:2026:7,7,33,33,,92,,Christian Sean,,
uae-tour:2026:7,7,34,35,,157,,van Uden Casper,,
uae-tour:2026:7,7,35,36,,95,,Caudell Ezra,,
uae-tour:2026:7,7,36,34,,93,,Kessler Cole,,
uae-tour:2026:7,7,37,37,,86,,van Sintmaartensdijk Roel,,
uae-tour:2026:7,7,38,38,,123,,Houcou Emmanuel,,
uae-tour:2026:7,7,39,39,,83,,De Schuyteneer Steffen,,
uae-tour:2026:7,7,40,41,,85,,Ørn-Kristoff Felix,,
uae-tour:2026:7,7,41,42,,52,,Bower Lewis,,
uae-tour:2026:7,7,42,40,,7,,Thornley Callum,,
uae-tour:2026:7,7,43,43,,192,,Bévort Carl-Frederik,,
uae-tour:2026:7,7,44,44,,45,,Schwarzbacher Matthias,,
uae-tour:2026:7,7,45,45,,96,,Pickrell Riley,,
uae-tour:2026:7,7,46,46,,205,,Romele Alessandro,,
uae-tour:2026:7,7,47,47,,37,,Pollefliet Gianluca,,
uae-tour:2026:7,7,48,49,,56,,Milan Matteo,,
uae-tour:2026:7,7,49,48,,11,,Dehairs Simon,,
uae-tour:2026:7,7,50,50,,27,,Skerl Daniel,,
volta-a-catalunya:2026:1,1,1,,,161,,Gualdi Simone,,
volta-a-catalunya:2026:1,1,2,,,91,,Martinez Lenny,,
volta-a-catalunya:2026:1,1,3,,,55,,Raccagni Noviero Andrea,,
volta-a-catalunya:2026:1,1,4,,,66,,L'Hote Antoine,,
volta-a-catalunya:2026:1,1,5,,,63,,Bisiaux Léo,,
volta-a-catalunya:2026:1,1,6,,,132,,Uijtdebroeks Cian,,
volta-a-catalunya:2026:1,1,7,,,105,,Svarre Tobias,,
volta-a-catalunya:2026:1,1,8,,,154,,Rolland Brieuc,,
volta-a-catalunya:2026:1,1,9,,,25,,Nordhagen Jørgen,,
volta-a-catalunya:2026:1,1,10,,,113,,Beloki Markel,,
volta-a-catalunya:2026:1,1,11,,,182,,Castellon Jan,,
volta-a-catalunya:2026:1,1,12,,,17,,Pericas Adrià,,
volta-a-catalunya:2026:1,1,13,,,94,,Omrzel Jakob,,
volta-a-catalunya:2026:1,1,14,,,152,,Decomble Maxime,,
volta-a-catalunya:2026:1,1,15,,,184,,Guardeño Jaume,,
volta-a-catalunya:2026:1,1,16,,,64,,Isidore Noa,,
volta-a-catalunya:2026:1,1,17,,,85,,Remijn Senna,,
volta-a-catalunya:2026:1,1,18,,,205,,Fernández Samuel,,
volta-a-catalunya:2026:1,1,19,,,187,,Darder Sergi,,
volta-a-catalunya:2026:1,1,20,,,114,,Leonard Michael,,
volta-a-catalunya:2026:1,1,21,,,162,,Kockelmann Mathieu,,
volta-a-catalunya:2026:1,1,22,,,117,,Rafferty Darren,,
volta-a-catalunya:2026:1,1,23,,,115,,Hobbs Noah,,
volta-a-catalunya:2026:1,1,24,,,27,,Huising Menno,,
volta-a-catalunya:2026:1,1,25,,,203,,Aguirre Yago,,
volta-a-catalunya:2026:1,1,26,,,136,,Novák Pavel,,
volta-a-catalunya:2026:1,1,27,,,4,,Tuckwell Luke,,
volta-a-catalunya:2026:1,1,28,,,197,,Aznar Hugo,,
volta-a-catalunya:2026:1,1,29,,,227,,Flórez Samuel,,
volta-a-catalunya:2026:2,2,1,3,,55,,Raccagni Noviero Andrea,,
volta-a-catalunya:2026:2,2,2,4,,66,,L'Hote Antoine,,
volta-a-catalunya:2026:2,2,3,2,,91,,Martinez Lenny,,
volta-a-catalunya:2026:2,2,4,6,,132,,Uijtdebroeks Cian,,
volta-a-catalunya:2026:2,2,5,1,,161,,Gualdi Simone,,
volta-a-catalunya:2026:2,2,6,8,,154,,Rolland Brieuc,,
volta-a-catalunya:2026:2,2,7,13,,94,,Omrzel Jakob,,
volta-a-catalunya:2026:2,2,8,11,,182,,Castellon Jan,,
volta-a-catalunya:2026:2,2,9,9,,25,,Nordhagen Jørgen,,
volta-a-catalunya:2026:2,2,10,5,,63,,Bisiaux Léo,,
volta-a-catalunya:2026:2,2,11,15,,184,,Guardeño Jaume,,
volta-a-catalunya:2026:2,2,12,7,,105,,Svarre Tobias,,
volta-a-catalunya:2026:2,2,13,14,,152,,Decomble Maxime,,
volta-a-catalunya:2026:2,2,14,10,,113,,Beloki Markel,,
volta-a-catalunya:2026:2,2,15,12,,17,,Pericas Adrià,,
volta-a-catalunya:2026:2,2,16,16,,64,,Isidore Noa,,
volta-a-catalunya:2026:2,2,17,17,,85,,Remijn Senna,,
volta-a-catalunya:2026:2,2,18,19,,187,,Darder Sergi,,
volta-a-catalunya:2026:2,2,19,21,,162,,Kockelmann Mathieu,,
volta-a-catalunya:2026:2,2,20,22,,117,,Rafferty Darren,,
volta-a-catalunya:2026:2,2,21,18,,205,,Fernández Samuel,,
volta-a-catalunya:2026:2,2,22,20,,114,,Leonard Michael,,
volta-a-catalunya:2026:2,2,23,23,,115,,Hobbs Noah,,
volta-a-catalunya:2026:2,2,24,24,,27,,Huising Menno,,
volta-a-catalunya:2026:2,2,25,27,,4,,Tuckwell Luke,,
volta-a-catalunya:2026:2,2,26,29,,227,,Flórez Samuel,,
volta-a-catalunya:2026:2,2,27,26,,136,,Novák Pavel,,
volta-a-catalunya:2026:2,2,28,25,,203,,Aguirre Yago,,
volta-a-catalunya:2026:2,2,29,28,,197,,Aznar Hugo,,
volta-a-catalunya:2026:3,3,1,2,,66,,L'Hote Antoine,,
volta-a-catalunya:2026:3,3,2,1,,55,,Raccagni Noviero Andrea,,
volta-a-catalunya:2026:3,3,3,5,,161,,Gualdi Simone,,
volta-a-catalunya:2026:3,3,4,3,,91,,Martinez Lenny,,
volta-a-catalunya:2026:3,3,5,4,,132,,Uijtdebroeks Cian,,
volta-a-catalunya:2026:3,3,6,6,,154,,Rolland Brieuc,,
volta-a-catalunya:2026:3,3,7,8,,182,,Castellon Jan,,
volta-a-catalunya:2026:3,3,8,7,,94,,Omrzel Jakob,,
volta-a-catalunya:2026:3,3,9,11,,184,,Guardeño Jaume,,
volta-a-catalunya:2026:3,3,10,9,,25,,Nordhagen Jørgen,,
volta-a-catalunya:2026:3,3,11,10,,63,,Bisiaux Léo,,
volta-a-catalunya:2026:3,3,12,13,,152,,Decomble Maxime,,
volta-a-catalunya:2026:3,3,13,15,,17,,Pericas Adrià,,
volta-a-catalunya:2026:3,3,14,14,,113,,Beloki Markel,,
volta-a-catalunya:2026:3,3,15,16,,64,,Isidore Noa,,
volta-a-catalunya:2026:3,3,16,17,,85,,Remijn Senna,,
volta-a-catalunya:2026:3,3,17,23,,115,,Hobbs Noah,,
volta-a-catalunya:2026:3,3,18,20,,117,,Rafferty Darren,,
volta-a-catalunya:2026:3,3,19,24,,27,,Huising Menno,,
volta-a-catalunya:2026:3,3,20,12,,105,,Svarre Tobias,,
volta-a-catalunya:2026:3,3,21,22,,114,,Leonard Michael,,
volta-a-catalunya:2026:3,3,22,21,,205,,Fernández Samuel,,
volta-a-catalunya:2026:3,3,23,25,,4,,Tuckwell Luke,,
volta-a-catalunya:2026:3,3,24,19,,162,,Kockelmann Mathieu,,
volta-a-catalunya:2026:3,3,25,18,,187,,Darder Sergi,,
volta-a-catalunya:2026:3,3,26,26,,227,,Flórez Samuel,,
volta-a-catalunya:2026:3,3,27,28,,203,,Aguirre Yago,,
volta-a-catalunya:2026:3,3,28,27,,136,,Novák Pavel,,
volta-a-catalunya:2026:3,3,29,29,,197,,Aznar Hugo,,
volta-a-catalunya:2026:4,4,1,3,,161,,Gualdi Simone,,
volta-a-catalunya:2026:4,4,2,2,,55,,Raccagni Noviero Andrea,,
volta-a-catalunya:2026:4,4,3,1,,66,,L'Hote Antoine,,
volta-a-catalunya:2026:4,4,4,9,,184,,Guardeño Jaume,,
volta-a-catalunya:2026:4,4,5,5,,132,,Uijtdebroeks Cian,,
volta-a-catalunya:2026:4,4,6,7,,182,,Castellon Jan,,
volta-a-catalunya:2026:4,4,7,6,,154,,Rolland Brieuc,,
volta-a-catalunya:2026:4,4,8,4,,91,,Martinez Lenny,,
volta-a-catalunya:2026:4,4,9,8,,94,,Omrzel Jakob,,
volta-a-catalunya:2026:4,4,10,11,,63,,Bisiaux Léo,,
volta-a-catalunya:2026:4,4,11,10,,25,,Nordhagen Jørgen,,
volta-a-catalunya:2026:4,4,12,12,,152,,Decomble Maxime,,
volta-a-catalunya:2026:4,4,13,13,,17,,Pericas Adrià,,
volta-a-catalunya:2026:4,4,14,14,,113,,Beloki Markel,,
volta-a-catalunya:2026:4,4,15,15,,64,,Isidore Noa,,
volta-a-catalunya:2026:4,4,16,16,,85,,Remijn Senna,,
volta-a-catalunya:2026:4,4,17,17,,115,,Hobbs Noah,,
volta-a-catalunya:2026:4,4,18,18,,117,,Rafferty Darren,,
volta-a-catalunya:2026:4,4,19,19,,27,,Huising Menno,,
volta-a-catalunya:2026:4,4,20,20,,105,,Svarre Tobias,,
volta-a-catalunya:2026:4,4,21,23,,4,,Tuckwell Luke,,
volta-a-catalunya:2026:4,4,22,21,,114,,Leonard Michael,,
volta-a-catalunya:2026:4,4,23,24,,162,,Kockelmann Mathieu,,
volta-a-catalunya:2026:4,4,24,22,,205,,Fernández Samuel,,
volta-a-catalunya:2026:4,4,25,25,,187,,Darder Sergi,,
volta-a-catalunya:2026:4,4,26,26,,227,,Flórez Samuel,,
volta-a-catalunya:2026:4,4,27,27,,203,,Aguirre Yago,,
volta-a-catalunya:2026:4,4,28,28,,136,,Novák Pavel,,
volta-a-catalunya:2026:4,4,29,29,,197,,Aznar Hugo,,
volta-a-catalunya:2026:5,5,1,8,,91,,Martinez Lenny,,
volta-a-catalunya:2026:5,5,2,5,,132,,Uijtdebroeks Cian,,
volta-a-catalunya:2026:5,5,3,6,,182,,Castellon Jan,,
volta-a-catalunya:2026:5,5,4,10,,63,,Bisiaux Léo,,
volta-a-catalunya:2026:5,5,5,4,,184,,Guardeño Jaume,,
volta-a-catalunya:2026:5,5,6,1,,161,,Gualdi Simone,,
volta-a-catalunya:2026:5,5,7,12,,152,,Decomble Maxime,,
volta-a-catalunya:2026:5,5,8,9,,94,,Omrzel Jakob,,
volta-a-catalunya:2026:5,5,9,13,,17,,Pericas Adrià,,
volta-a-catalunya:2026:5,5,10,22,,114,,Leonard Michael,,
volta-a-catalunya:2026:5,5,11,18,,117,,Rafferty Darren,,
volta-a-catalunya:2026:5,5,12,11,,25,,Nordhagen Jørgen,,
volta-a-catalunya:2026:5,5,13,14,,113,,Beloki Markel,,
volta-a-catalunya:2026:5,5,14,2,,55,,Raccagni Noviero Andrea,,
volta-a-catalunya:2026:5,5,15,3,,66,,L'Hote Antoine,,
volta-a-catalunya:2026:5,5,16,7,,154,,Rolland Brieuc,,
volta-a-catalunya:2026:5,5,17,16,,85,,Remijn Senna,,
volta-a-catalunya:2026:5,5,18,19,,27,,Huising Menno,,
volta-a-catalunya:2026:5,5,19,20,,105,,Svarre Tobias,,
volta-a-catalunya:2026:5,5,20,21,,4,,Tuckwell Luke,,
volta-a-catalunya:2026:5,5,21,24,,205,,Fernández Samuel,,
volta-a-catalunya:2026:5,5,22,25,,187,,Darder Sergi,,
volta-a-catalunya:2026:5,5,23,26,,227,,Flórez Samuel,,
volta-a-catalunya:2026:5,5,24,28,,136,,Novák Pavel,,
volta-a-catalunya:2026:5,5,25,27,,203,,Aguirre Yago,,
volta-a-catalunya:2026:5,5,26,29,,197,,Aznar Hugo,,
volta-a-catalunya:2026:6,6,1,1,,91,,Martinez Lenny,,
volta-a-catalunya:2026:6,6,2,2,,132,,Uijtdebroeks Cian,,
volta-a-catalunya:2026:6,6,3,5,,184,,Guardeño Jaume,,
volta-a-catalunya:2026:6,6,4,3,,182,,Castellon Jan,,
volta-a-catalunya:2026:6,6,5,8,,94,,Omrzel Jakob,,
volta-a-catalunya:2026:6,6,6,9,,17,,Pericas Adrià,,
volta-a-catalunya:2026:6,6,7,4,,63,,Bisiaux Léo,,
volta-a-catalunya:2026:6,6,8,13,,113,,Beloki Markel,,
volta-a-catalunya:2026:6,6,9,12,,25,,Nordhagen Jørgen,,
volta-a-catalunya:2026:6,6,10,6,,161,,Gualdi Simone,,
volta-a-catalunya:2026:6,6,11,11,,117,,Rafferty Darren,,
volta-a-catalunya:2026:6,6,12,7,,152,,Decomble Maxime,,
volta-a-catalunya:2026:6,6,13,14,,55,,Raccagni Noviero Andrea,,
volta-a-catalunya:2026:6,6,14,15,,66,,L'Hote Antoine,,
volta-a-catalunya:2026:6,6,15,16,,154,,Rolland Brieuc,,
volta-a-catalunya:2026:6,6,16,20,,4,,Tuckwell Luke,,
volta-a-catalunya:2026:6,6,17,10,,114,,Leonard Michael,,
volta-a-catalunya:2026:6,6,18,19,,105,,Svarre Tobias,,
volta-a-catalunya:2026:6,6,19,17,,85,,Remijn Senna,,
volta-a-catalunya:2026:6,6,20,18,,27,,Huising Menno,,
volta-a-catalunya:2026:6,6,21,24,,136,,Novák Pavel,,
volta-a-catalunya:2026:6,6,22,21,,205,,Fernández Samuel,,
volta-a-catalunya:2026:6,6,23,22,,187,,Darder Sergi,,
volta-a-catalunya:2026:6,6,24,23,,227,,Flórez Samuel,,
volta-a-catalunya:2026:6,6,25,25,,203,,Aguirre Yago,,
volta-a-catalunya:2026:6,6,26,26,,197,,Aznar Hugo,,
volta-a-catalunya:2026:7,7,1,1,,91,,Martinez Lenny,,
volta-a-catalunya:2026:7,7,2,2,,132,,Uijtdebroeks Cian,,
volta-a-catalunya:2026:7,7,3,3,,184,,Guardeño Jaume,,
volta-a-catalunya:2026:7,7,4,4,,182,,Castellon Jan,,
volta-a-catalunya:2026:7,7,5,5,,94,,Omrzel Jakob,,
volta-a-catalunya:2026:7,7,6,6,,17,,Pericas Adrià,,
volta-a-catalunya:2026:7,7,7,10,,161,,Gualdi Simone,,
volta-a-catalunya:2026:7,7,8,12,,152,,Decomble Maxime,,
volta-a-catalunya:2026:7,7,9,7,,63,,Bisiaux Léo,,
volta-a-catalunya:2026:7,7,10,9,,25,,Nordhagen Jørgen,,
volta-a-catalunya:2026:7,7,11,11,,117,,Rafferty Darren,,
volta-a-catalunya:2026:7,7,12,8,,113,,Beloki Markel,,
volta-a-catalunya:2026:7,7,13,14,,66,,L'Hote Antoine,,
volta-a-catalunya:2026:7,7,14,15,,154,,Rolland Brieuc,,
volta-a-catalunya:2026:7,7,15,13,,55,,Raccagni Noviero Andrea,,
volta-a-catalunya:2026:7,7,16,18,,105,,Svarre Tobias,,
volta-a-catalunya:2026:7,7,17,16,,4,,Tuckwell Luke,,
volta-a-catalunya:2026:7,7,18,19,,85,,Remijn Senna,,
volta-a-catalunya:2026:7,7,19,23,,187,,Darder Sergi,,
volta-a-catalunya:2026:7,7,20,21,,136,,Novák Pavel,,
volta-a-catalunya:2026:7,7,21,22,,205,,Fernández Samuel,,
volta-a-catalunya:2026:7,7,22,24,,227,,Flórez Samuel,,
volta-a-catalunya:2026:7,7,23,25,,203,,Aguirre Yago,,
volta-a-catalunya:2026:7,7,24,26,,197,,Aznar Hugo,,
