Race UID,Bib,Pcs Id,Team Pcs Id,Rider,Flag
itzulia-basque-country:2026,1,mikel-landa,soudal-quick-step-2026,LANDA Mikel,es
itzulia-basque-country:2026,2,ayco-bastiaens,soudal-quick-step-2026,BASTIAENS Ayco,be
itzulia-basque-country:2026,3,steff-cras,soudal-quick-step-2026,CRAS Steff,be
itzulia-basque-country:2026,4,mauri-vansevenant,soudal-quick-step-2026,VANSEVENANT Mauri,be
itzulia-basque-country:2026,5,martin-svrcek,soudal-quick-step-2026,SVRČEK Martin,sk
itzulia-basque-country:2026,6,ilan-van-wilder,soudal-quick-step-2026,VAN WILDER Ilan,be
itzulia-basque-country:2026,7,ethan-hayter,soudal-quick-step-2026,HAYTER Ethan,gb
itzulia-basque-country:2026,11,clement-champoussin,xds-astana-team-2026,CHAMPOUSSIN Clément,fr
itzulia-basque-country:2026,12,lorenzo-fortunato,xds-astana-team-2026,FORTUNATO Lorenzo,it
itzulia-basque-country:2026,13,sergio-higuita,xds-astana-team-2026,HIGUITA Sergio,co
itzulia-basque-country:2026,14,harold-tejada,xds-astana-team-2026,TEJADA Harold,co
itzulia-basque-country:2026,15,nicola-conci,xds-astana-team-2026,CONCI Nicola,it
itzulia-basque-country:2026,16,christian-scaroni,xds-astana-team-2026,SCARONI Christian,it
itzulia-basque-country:2026,17,simone-velasco,xds-astana-team-2026,VELASCO Simone,it
itzulia-basque-country:2026,21,guillaume-martin,groupama-fdj-united-2026,MARTIN Guillaume,fr
itzulia-basque-country:2026,22,clement-braz-afonso,groupama-fdj-united-2026,BRAZ AFONSO Clément,fr
itzulia-basque-country:2026,23,maxime-decomble,groupama-fdj-united-2026,DECOMBLE Maxime,fr
itzulia-basque-country:2026,24,kevin-geniets,groupama-fdj-united-2026,GENIETS Kevin,lu
itzulia-basque-country:2026,25,quentin-pacher,groupama-fdj-united-2026,PACHER Quentin,fr
itzulia-basque-country:2026,26,enzo-paleni,groupama-fdj-united-2026,PALENI Enzo,fr
itzulia-basque-country:2026,27,remy-rochas,groupama-fdj-united-2026,ROCHAS Rémy,fr
itzulia-basque-country:2026,31,isaac-del-toro,uae-team-emirates-xrg-2026,DEL TORO Isaac,mx
itzulia-basque-country:2026,32,brandon-mcnulty,uae-team-emirates-xrg-2026,MCNULTY Brandon,us
itzulia-basque-country:2026,33,igor-arrieta-lizarraga,uae-team-emirates-xrg-2026,ARRIETA Igor,es
itzulia-basque-country:2026,34,felix-grossschartner,uae-team-emirates-xrg-2026,GROßSCHARTNER Felix,at
itzulia-basque-country:2026,35,domen-novak,uae-team-emirates-xrg-2026,NOVAK Domen,si
itzulia-basque-country:2026,36,adria-pericas-capdevila,uae-team-emirates-xrg-2026,PERICAS Adrià,es
itzulia-basque-country:2026,37,marc-soler,uae-team-emirates-xrg-2026,SOLER Marc,es
itzulia-basque-country:2026,41,juan-ayuso-pesquera,lidl-trek-2026,AYUSO Juan,es
itzulia-basque-country:2026,42,bauke-mollema,lidl-trek-2026,MOLLEMA Bauke,nl
itzulia-basque-country:2026,43,andrea-bagioli,lidl-trek-2026,BAGIOLI Andrea,it
itzulia-basque-country:2026,44,julien-bernard,lidl-trek-2026,BERNARD Julien,fr
itzulia-basque-country:2026,45,carlos-verona,lidl-trek-2026,VERONA Carlos,es
itzulia-basque-country:2026,46,mattias-skjelmose-jensen,lidl-trek-2026,SKJELMOSE Mattias,dk
itzulia-basque-country:2026,47,quinn-simmons,lidl-trek-2026,SIMMONS Quinn,us
itzulia-basque-country:2026,51,primoz-roglic,red-bull-bora-hansgrohe-2026,ROGLIČ Primož,si
itzulia-basque-country:2026,52,haimar-etxeberria,red-bull-bora-hansgrohe-2026,ETXEBERRIA Haimar,es
itzulia-basque-country:2026,53,florian-lipowitz,red-bull-bora-hansgrohe-2026,LIPOWITZ Florian,de
itzulia-basque-country:2026,54,finn-fisher-black,red-bull-bora-hansgrohe-2026,FISHER-BLACK Finn,nz
itzulia-basque-country:2026,55,gianni-moscon,red-bull-bora-hansgrohe-2026,MOSCON Gianni,it
itzulia-basque-country:2026,56,luke-tuckwell,red-bull-bora-hansgrohe-2026,TUCKWELL Luke,au
itzulia-basque-country:2026,57,emil-herzog,red-bull-bora-hansgrohe-2026,HERZOG Emil,de
itzulia-basque-country:2026,61,paul-seixas,decathlon-cma-cgm-team-2026,SEIXAS Paul,fr
itzulia-basque-country:2026,62,matthew-riccitello,decathlon-cma-cgm-team-2026,RICCITELLO Matthew,us
itzulia-basque-country:2026,63,leo-bisiaux,decathlon-cma-cgm-team-2026,BISIAUX Léo,fr
itzulia-basque-country:2026,64,jordan-labrosse,decathlon-cma-cgm-team-2026,LABROSSE Jordan,fr
itzulia-basque-country:2026,65,nicolas-prodhomme,decathlon-cma-cgm-team-2026,PRODHOMME Nicolas,fr
itzulia-basque-country:2026,66,johannes-staune-mittet,decathlon-cma-cgm-team-2026,STAUNE-MITTET Johannes,no
itzulia-basque-country:2026,67,aurelien-paret-peintre,decathlon-cma-cgm-team-2026,PARET-PEINTRE Aurélien,fr
itzulia-basque-country:2026,71,ander-okamika,burgos-burpellet-bh-2026,OKAMIKA Ander,es
itzulia-basque-country:2026,72,lorenzo-quartucci,burgos-burpellet-bh-2026,QUARTUCCI Lorenzo,it
itzulia-basque-country:2026,73,jose-luis-faura-asensio,burgos-burpellet-bh-2026,FAURA José Luis,es
itzulia-basque-country:2026,74,sinuhe-fernandez-rodriguez,burgos-burpellet-bh-2026,FERNÁNDEZ Sinuhé,es
itzulia-basque-country:2026,75,carlos-garcia-pierna,burgos-burpellet-bh-2026,GARCÍA PIERNA Carlos,es
itzulia-basque-country:2026,76,jose-manuel-diaz-gallego,burgos-burpellet-bh-2026,DÍAZ José Manuel,es
itzulia-basque-country:2026,77,adrian-fajardo,burgos-burpellet-bh-2026,FAJARDO Adrián,es
itzulia-basque-country:2026,81,inigo-elosegui,equipo-kern-pharma-2026,ELOSEGUI Iñigo,es
itzulia-basque-country:2026,82,ivan-cobo-cayon,equipo-kern-pharma-2026,COBO Iván,es
itzulia-basque-country:2026,83,nil-gimeno,equipo-kern-pharma-2026,GIMENO Nil,es
itzulia-basque-country:2026,84,unai-iribar-jauregi,equipo-kern-pharma-2026,IRIBAR Unai,es
itzulia-basque-country:2026,85,unai-ramos,equipo-kern-pharma-2026,RAMOS Unai,es
itzulia-basque-country:2026,86,jorge-gutierrez-gonzalez,equipo-kern-pharma-2026,GUTIÉRREZ Jorge,es
itzulia-basque-country:2026,87,ibon-ruiz,equipo-kern-pharma-2026,RUIZ Ibon,es
itzulia-basque-country:2026,91,cian-uijtdebroeks,movistar-team-2026,UIJTDEBROEKS Cian,be
itzulia-basque-country:2026,92,jorge-arcas,movistar-team-2026,ARCAS Jorge,es
itzulia-basque-country:2026,93,juan-pedro-lopez,movistar-team-2026,LÓPEZ Juan Pedro,es
itzulia-basque-country:2026,94,raul-garcia-pierna,movistar-team-2026,GARCÍA PIERNA Raúl,es
itzulia-basque-country:2026,95,natnael-tesfatsion,movistar-team-2026,TESFATSION Natnael,er
itzulia-basque-country:2026,96,roger-adria,movistar-team-2026,ADRIÀ Roger,es
itzulia-basque-country:2026,97,javier-romo,movistar-team-2026,ROMO Javier,es
itzulia-basque-country:2026,101,frank-van-den-broek,team-picnic-postnl-2026,VAN DEN BROEK Frank,nl
itzulia-basque-country:2026,102,matthew-dinham,team-picnic-postnl-2026,DINHAM Matthew,au
itzulia-basque-country:2026,103,alexy-faure-prost,team-picnic-postnl-2026,FAURE PROST Alexy,fr
itzulia-basque-country:2026,104,james-knox,team-picnic-postnl-2026,KNOX James,gb
itzulia-basque-country:2026,105,bjoern-koerdt,team-picnic-postnl-2026,KOERDT Bjorn,gb
itzulia-basque-country:2026,106,guillermo-juan-martinez,team-picnic-postnl-2026,MARTINEZ Juan Guillermo,co
itzulia-basque-country:2026,107,mattia-gaffuri,team-picnic-postnl-2026,GAFFURI Mattia,it
itzulia-basque-country:2026,111,pello-bilbao,bahrain-victorious-2026,BILBAO Pello,es
itzulia-basque-country:2026,112,roman-ermakov,bahrain-victorious-2026,ERMAKOV Roman,si
itzulia-basque-country:2026,113,rainer-kepplinger,bahrain-victorious-2026,KEPPLINGER Rainer,at
itzulia-basque-country:2026,114,alberto-bruttomesso,bahrain-victorious-2026,BRUTTOMESSO Alberto,it
itzulia-basque-country:2026,115,oliver-stockwell,bahrain-victorious-2026,STOCKWELL Oliver,gb
itzulia-basque-country:2026,116,antonio-tiberi,bahrain-victorious-2026,TIBERI Antonio,it
itzulia-basque-country:2026,117,attila-valter,bahrain-victorious-2026,VALTER Attila,hu
itzulia-basque-country:2026,121,hugo-houle,alpecin-premier-tech-2026,HOULE Hugo,ca
itzulia-basque-country:2026,122,ramses-debruyne,alpecin-premier-tech-2026,DEBRUYNE Ramses,be
itzulia-basque-country:2026,123,lennert-belmans,alpecin-premier-tech-2026,BELMANS Lennert,be
itzulia-basque-country:2026,124,emiel-verstrynge,alpecin-premier-tech-2026,VERSTRYNGE Emiel,be
itzulia-basque-country:2026,125,aaron-dockx,alpecin-premier-tech-2026,DOCKX Aaron,be
itzulia-basque-country:2026,126,gal-glivar,alpecin-premier-tech-2026,GLIVAR Gal,si
itzulia-basque-country:2026,127,luca-vergallito,alpecin-premier-tech-2026,VERGALLITO Luca,it
itzulia-basque-country:2026,131,julian-alaphilippe,tudor-pro-cycling-team-2026,ALAPHILIPPE Julian,fr
itzulia-basque-country:2026,132,fabian-weiss,tudor-pro-cycling-team-2026,WEISS Fabian,ch
itzulia-basque-country:2026,133,marco-brenner,tudor-pro-cycling-team-2026,BRENNER Marco,de
itzulia-basque-country:2026,134,jacob-eriksson,tudor-pro-cycling-team-2026,ERIKSSON Jacob,se
itzulia-basque-country:2026,135,yannis-voisard,tudor-pro-cycling-team-2026,VOISARD Yannis,ch
itzulia-basque-country:2026,136,hannes-wilksch,tudor-pro-cycling-team-2026,WILKSCH Hannes,de
itzulia-basque-country:2026,137,luc-wirtgen,tudor-pro-cycling-team-2026,WIRTGEN Luc,lu
itzulia-basque-country:2026,141,ion-izagirre,cofidis-2026,IZAGIRRE Ion,es
itzulia-basque-country:2026,142,alex-aranburu,cofidis-2026,ARANBURU Alex,es
itzulia-basque-country:2026,143,emanuel-buchmann,cofidis-2026,BUCHMANN Emanuel,de
itzulia-basque-country:2026,144,jamie-meehan,cofidis-2026,MEEHAN Jamie,ie
itzulia-basque-country:2026,145,yael-joalland,cofidis-2026,JOALLAND Yaël,fr
itzulia-basque-country:2026,146,jan-maas,cofidis-2026,MAAS Jan,nl
itzulia-basque-country:2026,147,paul-ourselin,cofidis-2026,OURSELIN Paul,fr
itzulia-basque-country:2026,151,fernando-barcelo,caja-rural-seguros-rga-2026,BARCELÓ Fernando,es
itzulia-basque-country:2026,152,jan-castellon,caja-rural-seguros-rga-2026,CASTELLON Jan,es
itzulia-basque-country:2026,153,samuel-fernandez-garcia,caja-rural-seguros-rga-2026,FERNÁNDEZ Samuel,es
itzulia-basque-country:2026,154,alex-molenaar,caja-rural-seguros-rga-2026,MOLENAAR Alex,nl
itzulia-basque-country:2026,155,julen-arriola-bengoa-beitia,caja-rural-seguros-rga-2026,ARRIOLABENGOA Julen,es
itzulia-basque-country:2026,156,joan-bou,caja-rural-seguros-rga-2026,BOU Joan,es
itzulia-basque-country:2026,157,joseba-lopez-cuesta,caja-rural-seguros-rga-2026,LÓPEZ Joseba,es
itzulia-basque-country:2026,161,gari-ugarte,euskaltel-euskadi-2026,UGARTE Gari,es
itzulia-basque-country:2026,162,mikel-bizkarra,euskaltel-euskadi-2026,BIZKARRA Mikel,es
itzulia-basque-country:2026,163,txomin-juaristi,euskaltel-euskadi-2026,JUARISTI Txomin,es
itzulia-basque-country:2026,164,jonathan-lastra,euskaltel-euskadi-2026,LASTRA Jonathan,es
itzulia-basque-country:2026,165,nicolas-alustiza,euskaltel-euskadi-2026,ALUSTIZA Nicolás,es
itzulia-basque-country:2026,166,gotzon-martin,euskaltel-euskadi-2026,MARTÍN Gotzon,es
itzulia-basque-country:2026,167,iker-mintegi-claver,euskaltel-euskadi-2026,MINTEGI Iker,es
itzulia-basque-country:2026,171,ben-healy,ef-education-easypost-2026,HEALY Ben,ie
itzulia-basque-country:2026,172,markel-beloki,ef-education-easypost-2026,BELOKI Markel,es
itzulia-basque-country:2026,173,james-shaw,ef-education-easypost-2026,SHAW James,gb
itzulia-basque-country:2026,174,lukas-nerurkar,ef-education-easypost-2026,NERURKAR Lukas,gb
itzulia-basque-country:2026,175,jardi-christiaan-van-der-lee,ef-education-easypost-2026,VAN DER LEE Jardi Christiaan,nl
itzulia-basque-country:2026,176,alex-baudin,ef-education-easypost-2026,BAUDIN Alex,fr
itzulia-basque-country:2026,177,michael-leonard1,ef-education-easypost-2026,LEONARD Michael,ca
itzulia-basque-country:2026,181,andrew-august,ineos-grenadiers-2026,AUGUST Andrew,us
itzulia-basque-country:2026,182,lucas-hamilton,ineos-grenadiers-2026,HAMILTON Lucas,au
itzulia-basque-country:2026,183,kevin-vauquelin,ineos-grenadiers-2026,VAUQUELIN Kévin,fr
itzulia-basque-country:2026,184,victor-langellotti,ineos-grenadiers-2026,LANGELLOTTI Victor,mc
itzulia-basque-country:2026,185,axel-laurance,ineos-grenadiers-2026,LAURANCE Axel,fr
itzulia-basque-country:2026,186,peter-oxenberg-hansen,ineos-grenadiers-2026,ØXENBERG Peter,dk
itzulia-basque-country:2026,187,brandon-smith-rivera-vargas,ineos-grenadiers-2026,RIVERA Brandon Smith,co
itzulia-basque-country:2026,191,bruno-armirail,team-visma-lease-a-bike-2026,ARMIRAIL Bruno,fr
itzulia-basque-country:2026,192,tijmen-graat,team-visma-lease-a-bike-2026,GRAAT Tijmen,nl
itzulia-basque-country:2026,193,menno-huising,team-visma-lease-a-bike-2026,HUISING Menno,nl
itzulia-basque-country:2026,194,ben-tulett,team-visma-lease-a-bike-2026,TULETT Ben,gb
itzulia-basque-country:2026,195,steven-kruijswijk,team-visma-lease-a-bike-2026,KRUIJSWIJK Steven,nl
itzulia-basque-country:2026,196,tim-rex,team-visma-lease-a-bike-2026,REX Tim,be
itzulia-basque-country:2026,197,filippo-fiorelli,team-visma-lease-a-bike-2026,FIORELLI Filippo,it
itzulia-basque-country:2026,201,magnus-cort-nielsen,uno-x-mobility-2026,CORT Magnus,dk
itzulia-basque-country:2026,202,tobias-halland-johannessen,uno-x-mobility-2026,JOHANNESSEN Tobias Halland,no
itzulia-basque-country:2026,203,anders-halland-johannessen,uno-x-mobility-2026,JOHANNESSEN Anders Halland,no
itzulia-basque-country:2026,204,andreas-kron,uno-x-mobility-2026,KRON Andreas,dk
itzulia-basque-country:2026,205,johannes-kulset,uno-x-mobility-2026,KULSET Johannes,no
itzulia-basque-country:2026,206,martin-tjotta,uno-x-mobility-2026,TJØTTA Martin,no
itzulia-basque-country:2026,207,torstein-traeen,uno-x-mobility-2026,TRÆEN Torstein,no
itzulia-basque-country:2026,211,mathieu-kockelmann,lotto-intermarche-2026,KOCKELMANN Mathieu,lu
itzulia-basque-country:2026,212,matthew-fox2,lotto-intermarche-2026,FOX Matthew,au
itzulia-basque-country:2026,213,felix-orn-kristoff,lotto-intermarche-2026,ØRN-KRISTOFF Felix,no
itzulia-basque-country:2026,214,robin-orins,lotto-intermarche-2026,ORINS Robin,be
itzulia-basque-country:2026,215,reuben-thompson,lotto-intermarche-2026,THOMPSON Reuben,nz
itzulia-basque-country:2026,216,baptiste-veistroffer,lotto-intermarche-2026,VEISTROFFER Baptiste,fr
itzulia-basque-country:2026,217,georg-zimmermann,lotto-intermarche-2026,ZIMMERMANN Georg,de
paris-nice:2026,1,jonas-vingegaard,team-visma-lease-a-bike-2026,VINGEGAARD Jonas,dk
paris-nice:2026,2,edoardo-affini,team-visma-lease-a-bike-2026,AFFINI Edoardo,it
paris-nice:2026,3,bruno-armirail,team-visma-lease-a-bike-2026,ARMIRAIL Bruno,fr
paris-nice:2026,4,victor-campenaerts,team-visma-lease-a-bike-2026,CAMPENAERTS Victor,be
paris-nice:2026,5,wilco-kelderman,team-visma-lease-a-bike-2026,KELDERMAN Wilco,nl
paris-nice:2026,6,davide-piganzoli,team-visma-lease-a-bike-2026,PIGANZOLI Davide,it
paris-nice:2026,7,axel-zingle,team-visma-lease-a-bike-2026,ZINGLE Axel,fr
paris-nice:2026,11,daniel-felipe-martinez,red-bull-bora-hansgrohe-2026,MARTÍNEZ Daniel Felipe,co
paris-nice:2026,12,nico-denz,red-bull-bora-hansgrohe-2026,DENZ Nico,de
paris-nice:2026,13,laurence-pithie,red-bull-bora-hansgrohe-2026,PITHIE Laurence,nz
paris-nice:2026,14,callum-thornley,red-bull-bora-hansgrohe-2026,THORNLEY Callum,gb
paris-nice:2026,15,tim-van-dijke,red-bull-bora-hansgrohe-2026,VAN DIJKE Tim,nl
paris-nice:2026,16,mick-van-dijke,red-bull-bora-hansgrohe-2026,VAN DIJKE Mick,nl
paris-nice:2026,17,aleksandr-vlasov,red-bull-bora-hansgrohe-2026,VLASOV Aleksandr,ru
paris-nice:2026,21,oscar-onley,ineos-grenadiers-2026,ONLEY Oscar,gb
paris-nice:2026,22,dorian-godon,ineos-grenadiers-2026,GODON Dorian,fr
paris-nice:2026,23,michal-kwiatkowski,ineos-grenadiers-2026,KWIATKOWSKI Michał,pl
paris-nice:2026,24,carlos-rodriguez-cano,ineos-grenadiers-2026,RODRÍGUEZ Carlos,es
paris-nice:2026,25,joshua-tarling,ineos-grenadiers-2026,TARLING Joshua,gb
paris-nice:2026,26,kevin-vauquelin,ineos-grenadiers-2026,VAUQUELIN Kévin,fr
paris-nice:2026,27,samuel-watson,ineos-grenadiers-2026,WATSON Samuel,gb
paris-nice:2026,31,brandon-mcnulty,uae-team-emirates-xrg-2026,MCNULTY Brandon,us
paris-nice:2026,32,ivo-emanuel-alves,uae-team-emirates-xrg-2026,OLIVEIRA Ivo,pt
paris-nice:2026,33,igor-arrieta-lizarraga,uae-team-emirates-xrg-2026,ARRIETA Igor,es
paris-nice:2026,34,rune-herregodts,uae-team-emirates-xrg-2026,HERREGODTS Rune,be
paris-nice:2026,35,nils-politt,uae-team-emirates-xrg-2026,POLITT Nils,de
paris-nice:2026,36,pavel-sivakov,uae-team-emirates-xrg-2026,SIVAKOV Pavel,fr
paris-nice:2026,37,marc-soler,uae-team-emirates-xrg-2026,SOLER Marc,es
paris-nice:2026,41,juan-ayuso-pesquera,lidl-trek-2026,AYUSO Juan,es
paris-nice:2026,42,julien-bernard,lidl-trek-2026,BERNARD Julien,fr
paris-nice:2026,43,lennard-kamna,lidl-trek-2026,KÄMNA Lennard,de
paris-nice:2026,44,soren-kragh-andersen,lidl-trek-2026,KRAGH ANDERSEN Søren,dk
paris-nice:2026,45,toms-skujins,lidl-trek-2026,SKUJIŅŠ Toms,lv
paris-nice:2026,46,jakob-soderqvist,lidl-trek-2026,SÖDERQVIST Jakob,se
paris-nice:2026,47,mathias-vacek,lidl-trek-2026,VACEK Mathias,cz
paris-nice:2026,51,lenny-martinez,bahrain-victorious-2026,MARTINEZ Lenny,fr
paris-nice:2026,52,nikias-arndt,bahrain-victorious-2026,ARNDT Nikias,de
paris-nice:2026,53,phil-bauhaus,bahrain-victorious-2026,BAUHAUS Phil,de
paris-nice:2026,54,damiano-caruso,bahrain-victorious-2026,CARUSO Damiano,it
paris-nice:2026,55,kamil-gradek,bahrain-victorious-2026,GRADEK Kamil,pl
paris-nice:2026,56,mathijs-paasschens,bahrain-victorious-2026,PAASSCHENS Mathijs,nl
paris-nice:2026,57,robert-stannard,bahrain-victorious-2026,STANNARD Robert,au
paris-nice:2026,61,david-gaudu,groupama-fdj-united-2026,GAUDU David,fr
paris-nice:2026,62,remi-cavagna,groupama-fdj-united-2026,CAVAGNA Rémi,fr
paris-nice:2026,63,ewen-costiou,groupama-fdj-united-2026,COSTIOU Ewen,fr
paris-nice:2026,64,johan-jacobs,groupama-fdj-united-2026,JACOBS Johan,ch
paris-nice:2026,65,rudy-molard,groupama-fdj-united-2026,MOLARD Rudy,fr
paris-nice:2026,66,quentin-pacher,groupama-fdj-united-2026,PACHER Quentin,fr
paris-nice:2026,67,clement-russo,groupama-fdj-united-2026,RUSSO Clément,fr
paris-nice:2026,71,ivan-romeo,movistar-team-2026,ROMEO Iván,es
paris-nice:2026,72,orluis-aular,movistar-team-2026,AULAR Orluis,ve
paris-nice:2026,73,pablo-castrillo-zapater,movistar-team-2026,CASTRILLO Pablo,es
paris-nice:2026,74,jefferson-cepeda-hernandez,movistar-team-2026,CEPEDA Jefferson Alveiro,ec
paris-nice:2026,75,raul-garcia-pierna,movistar-team-2026,GARCÍA PIERNA Raúl,es
paris-nice:2026,76,michel-hessmann,movistar-team-2026,HESSMANN Michel,de
paris-nice:2026,77,lorenzo-milesi,movistar-team-2026,MILESI Lorenzo,it
paris-nice:2026,81,valentin-paret-peintre,soudal-quick-step-2026,PARET-PEINTRE Valentin,fr
paris-nice:2026,82,steff-cras,soudal-quick-step-2026,CRAS Steff,be
paris-nice:2026,83,pascal-eenkhoorn,soudal-quick-step-2026,EENKHOORN Pascal,nl
paris-nice:2026,84,casper-pedersen,soudal-quick-step-2026,PEDERSEN Casper,dk
paris-nice:2026,85,jasper-stuyven,soudal-quick-step-2026,STUYVEN Jasper,be
paris-nice:2026,86,fabio-van-den-bossche,soudal-quick-step-2026,VAN DEN BOSSCHE Fabio,be
paris-nice:2026,87,bert-van-lerberghe,soudal-quick-step-2026,VAN LERBERGHE Bert,be
paris-nice:2026,91,biniam-girmay,nsn-cycling-team-2026,GIRMAY Biniam,er
paris-nice:2026,92,lewis-askey,nsn-cycling-team-2026,ASKEY Lewis,gb
paris-nice:2026,93,guillaume-boivin,nsn-cycling-team-2026,BOIVIN Guillaume,ca
paris-nice:2026,94,matis-louvel,nsn-cycling-team-2026,LOUVEL Matis,fr
paris-nice:2026,95,ryan-mullen,nsn-cycling-team-2026,MULLEN Ryan,ie
paris-nice:2026,96,riley-sheehan,nsn-cycling-team-2026,SHEEHAN Riley,us
paris-nice:2026,97,tom-van-asbroeck,nsn-cycling-team-2026,VAN ASBROECK Tom,be
paris-nice:2026,101,nicolas-prodhomme,decathlon-cma-cgm-team-2026,PRODHOMME Nicolas,fr
paris-nice:2026,102,stefan-bissegger,decathlon-cma-cgm-team-2026,BISSEGGER Stefan,ch
paris-nice:2026,103,cees-bol,decathlon-cma-cgm-team-2026,BOL Cees,nl
paris-nice:2026,104,oscar-chamberlain,decathlon-cma-cgm-team-2026,CHAMBERLAIN Oscar,au
paris-nice:2026,105,sander-de-pestel,decathlon-cma-cgm-team-2026,DE PESTEL Sander,be
paris-nice:2026,106,daan-hoole,decathlon-cma-cgm-team-2026,HOOLE Daan,nl
paris-nice:2026,107,callum-scotson,decathlon-cma-cgm-team-2026,SCOTSON Callum,au
paris-nice:2026,111,pascal-ackermann,team-jayco-alula-2026,ACKERMANN Pascal,de
paris-nice:2026,112,robert-donaldson,team-jayco-alula-2026,DONALDSON Robert,gb
paris-nice:2026,113,luke-durbridge,team-jayco-alula-2026,DURBRIDGE Luke,au
paris-nice:2026,114,patrick-gamper,team-jayco-alula-2026,GAMPER Patrick,at
paris-nice:2026,115,luka-mezgec,team-jayco-alula-2026,MEZGEC Luka,si
paris-nice:2026,116,kelland-brien,team-jayco-alula-2026,O'BRIEN Kelland,au
paris-nice:2026,117,jasha-sutterlin,team-jayco-alula-2026,SÜTTERLIN Jasha,de
paris-nice:2026,121,harold-tejada,xds-astana-team-2026,TEJADA Harold,co
paris-nice:2026,122,nicola-conci,xds-astana-team-2026,CONCI Nicola,it
paris-nice:2026,123,yevgeniy-fedorov,xds-astana-team-2026,FEDOROV Yevgeniy,kz
paris-nice:2026,124,max-kanter,xds-astana-team-2026,KANTER Max,de
paris-nice:2026,125,mike-teunissen,xds-astana-team-2026,TEUNISSEN Mike,nl
paris-nice:2026,126,darren-van-bekkum,xds-astana-team-2026,VAN BEKKUM Darren,nl
paris-nice:2026,127,nicolas-vinokurov,xds-astana-team-2026,VINOKUROV Nicolas,kz
paris-nice:2026,131,milan-fretin,cofidis-2026,FRETIN Milan,be
paris-nice:2026,132,piet-allegaert,cofidis-2026,ALLEGAERT Piet,be
paris-nice:2026,133,bryan-coquard,cofidis-2026,COQUARD Bryan,fr
paris-nice:2026,134,ion-izagirre,cofidis-2026,IZAGIRRE Ion,es
paris-nice:2026,135,alex-kirsch,cofidis-2026,KIRSCH Alex,lu
paris-nice:2026,136,louis-rouland,cofidis-2026,ROULAND Louis,fr
paris-nice:2026,137,benjamin-thomas-2,cofidis-2026,THOMAS Benjamin,fr
paris-nice:2026,141,mathys-rondel,tudor-pro-cycling-team-2026,RONDEL Mathys,fr
paris-nice:2026,142,william-barta,tudor-pro-cycling-team-2026,BARTA Will,us
paris-nice:2026,143,marco-haller,tudor-pro-cycling-team-2026,HALLER Marco,at
paris-nice:2026,144,petr-kelemen,tudor-pro-cycling-team-2026,KELEMEN Petr,cz
paris-nice:2026,145,arthur-kluckers,tudor-pro-cycling-team-2026,KLUCKERS Arthur,lu
paris-nice:2026,146,rick-pluimers,tudor-pro-cycling-team-2026,PLUIMERS Rick,nl
paris-nice:2026,147,matteo-trentin,tudor-pro-cycling-team-2026,TRENTIN Matteo,it
paris-nice:2026,151,guillermo-juan-martinez,team-picnic-postnl-2026,MARTINEZ Juan Guillermo,co
paris-nice:2026,152,timo-de-jong,team-picnic-postnl-2026,DE JONG Timo,nl
paris-nice:2026,153,chris-hamilton,team-picnic-postnl-2026,HAMILTON Chris,au
paris-nice:2026,154,niklas-markl,team-picnic-postnl-2026,MÄRKL Niklas,de
paris-nice:2026,155,tim-naberman,team-picnic-postnl-2026,NABERMAN Tim,nl
paris-nice:2026,156,timo-roosen,team-picnic-postnl-2026,ROOSEN Timo,nl
paris-nice:2026,157,casper-van-uden,team-picnic-postnl-2026,VAN UDEN Casper,nl
paris-nice:2026,161,luke-lamperti,ef-education-easypost-2026,LAMPERTI Luke,us
paris-nice:2026,162,kasper-asgreen,ef-education-easypost-2026,ASGREEN Kasper,dk
paris-nice:2026,163,alex-baudin,ef-education-easypost-2026,BAUDIN Alex,fr
paris-nice:2026,164,alastair-mackellar,ef-education-easypost-2026,MACKELLAR Alastair,au
paris-nice:2026,165,georg-steinhauser,ef-education-easypost-2026,STEINHAUSER Georg,de
paris-nice:2026,166,marijn-van-den-berg,ef-education-easypost-2026,VAN DEN BERG Marijn,nl
paris-nice:2026,167,max-walker,ef-education-easypost-2026,WALKER Max,gb
paris-nice:2026,171,andreas-leknessund,uno-x-mobility-2026,LEKNESSUND Andreas,no
paris-nice:2026,172,sven-erik-bystrom,uno-x-mobility-2026,BYSTRØM Sven Erik,no
paris-nice:2026,173,stian-fredheim,uno-x-mobility-2026,FREDHEIM Stian,no
paris-nice:2026,174,william-blume-levy,uno-x-mobility-2026,BLUME LEVY William,dk
paris-nice:2026,175,sakarias-koller-loland,uno-x-mobility-2026,LØLAND Sakarias Koller,no
paris-nice:2026,176,rasmus-tiller,uno-x-mobility-2026,TILLER Rasmus,no
paris-nice:2026,177,torstein-traeen,uno-x-mobility-2026,TRÆEN Torstein,no
paris-nice:2026,181,edward-irl-dunbar,pinarello-q365-pro-cycling-team-2026,DUNBAR Eddie,ie
paris-nice:2026,182,fabio-christen,pinarello-q365-pro-cycling-team-2026,CHRISTEN Fabio,ch
paris-nice:2026,183,aime-de-gendt,pinarello-q365-pro-cycling-team-2026,DE GENDT Aimé,be
paris-nice:2026,184,david-de-la-cruz,pinarello-q365-pro-cycling-team-2026,DE LA CRUZ David,es
paris-nice:2026,185,frederik-frison,pinarello-q365-pro-cycling-team-2026,FRISON Frederik,be
paris-nice:2026,186,emmanuel-houcou,pinarello-q365-pro-cycling-team-2026,HOUCOU Emmanuel,fr
paris-nice:2026,187,nickolas-zukowsky,pinarello-q365-pro-cycling-team-2026,ZUKOWSKY Nickolas,ca
paris-nice:2026,191,anthony-turgis,totalenergies-2026,TURGIS Anthony,fr
paris-nice:2026,192,florian-dauphin,totalenergies-2026,DAUPHIN Florian,fr
paris-nice:2026,193,joris-delbove,totalenergies-2026,DELBOVE Joris,fr
paris-nice:2026,194,alexandre-delettre,totalenergies-2026,DELETTRE Alexandre,fr
paris-nice:2026,195,sandy-dujardin,totalenergies-2026,DUJARDIN Sandy,fr
paris-nice:2026,196,mathis-le-berre,totalenergies-2026,LE BERRE Mathis,fr
paris-nice:2026,197,matheo-vercher,totalenergies-2026,VERCHER Mattéo,fr
paris-nice:2026,201,jensen-plowright,alpecin-premier-tech-2026,PLOWRIGHT Jensen,au
paris-nice:2026,202,maurice-ballerstedt,alpecin-premier-tech-2026,BALLERSTEDT Maurice,de
paris-nice:2026,203,ramses-debruyne,alpecin-premier-tech-2026,DEBRUYNE Ramses,be
paris-nice:2026,204,simon-dehairs,alpecin-premier-tech-2026,DEHAIRS Simon,be
paris-nice:2026,205,lindsay-de-vylder,alpecin-premier-tech-2026,DE VYLDER Lindsay,be
paris-nice:2026,206,jonas-geens,alpecin-premier-tech-2026,GEENS Jonas,be
paris-nice:2026,207,tim-marsman,alpecin-premier-tech-2026,MARSMAN Tim,nl
paris-nice:2026,211,milan-menten,lotto-intermarche-2026,MENTEN Milan,be
paris-nice:2026,212,vito-braet,lotto-intermarche-2026,BRAET Vito,be
paris-nice:2026,213,joshua-giddings,lotto-intermarche-2026,GIDDINGS Joshua,gb
paris-nice:2026,214,sebastien-grignard,lotto-intermarche-2026,GRIGNARD Sébastien,be
paris-nice:2026,215,jonas-rutsch,lotto-intermarche-2026,RUTSCH Jonas,de
paris-nice:2026,216,luca-van-boven,lotto-intermarche-2026,VAN BOVEN Luca,be
paris-nice:2026,217,roel-van-sintmaartensdijk,lotto-intermarche-2026,VAN SINTMAARTENSDIJK Roel,nl
tirreno-adriatico:2026,1,mathieu-van-der-poel,alpecin-premier-tech-2026,VAN DER POEL Mathieu,nl
tirreno-adriatico:2026,2,tibor-del-grosso,alpecin-premier-tech-2026,DEL GROSSO Tibor,nl
tirreno-adriatico:2026,3,silvan-dillier,alpecin-premier-tech-2026,DILLIER Silvan,ch
tirreno-adriatico:2026,4,michael-gogl,alpecin-premier-tech-2026,GOGL Michael,at
tirreno-adriatico:2026,5,jasper-philipsen,alpecin-premier-tech-2026,PHILIPSEN Jasper,be
tirreno-adriatico:2026,6,edward-planckaert,alpecin-premier-tech-2026,PLANCKAERT Edward,be
tirreno-adriatico:2026,7,emiel-verstrynge,alpecin-premier-tech-2026,VERSTRYNGE Emiel,be
tirreno-adriatico:2026,11,antonio-tiberi,bahrain-victorious-2026,TIBERI Antonio,it
tirreno-adriatico:2026,12,pello-bilbao,bahrain-victorious-2026,BILBAO Pello,es
tirreno-adriatico:2026,13,santiago-buitrago-sanchez,bahrain-victorious-2026,BUITRAGO Santiago,co
tirreno-adriatico:2026,14,roman-ermakov,bahrain-victorious-2026,ERMAKOV Roman,ru
tirreno-adriatico:2026,15,fran-miholjevic,bahrain-victorious-2026,MIHOLJEVIĆ Fran,hr
tirreno-adriatico:2026,16,attila-valter,bahrain-victorious-2026,VALTER Attila,hu
tirreno-adriatico:2026,17,edoardo-zambanini,bahrain-victorious-2026,ZAMBANINI Edoardo,it
tirreno-adriatico:2026,21,martin-marcellusi,bardiani-csf-7-saber-2026,MARCELLUSI Martin,it
tirreno-adriatico:2026,22,filippo-magli2,bardiani-csf-7-saber-2026,MAGLI Filippo,it
tirreno-adriatico:2026,23,mattia-stenico,bardiani-csf-7-saber-2026,STENICO Mattia,it
tirreno-adriatico:2026,24,manuele-tarozzi,bardiani-csf-7-saber-2026,TAROZZI Manuele,it
tirreno-adriatico:2026,25,alex-tolio,bardiani-csf-7-saber-2026,TOLIO Alex,it
tirreno-adriatico:2026,26,enrico-zanoncello,bardiani-csf-7-saber-2026,ZANONCELLO Enrico,it
tirreno-adriatico:2026,31,fernando-gaviria,caja-rural-seguros-rga-2026,GAVIRIA Fernando,co
tirreno-adriatico:2026,32,fernando-barcelo,caja-rural-seguros-rga-2026,BARCELÓ Fernando,es
tirreno-adriatico:2026,33,joan-bou,caja-rural-seguros-rga-2026,BOU Joan,es
tirreno-adriatico:2026,34,samuel-fernandez-garcia,caja-rural-seguros-rga-2026,FERNÁNDEZ Samuel,es
tirreno-adriatico:2026,35,alex-molenaar,caja-rural-seguros-rga-2026,MOLENAAR Alex,nl
tirreno-adriatico:2026,36,stefano-oldani,caja-rural-seguros-rga-2026,OLDANI Stefano,it
tirreno-adriatico:2026,37,jakub-otruba,caja-rural-seguros-rga-2026,OTRUBA Jakub,cz
tirreno-adriatico:2026,41,tobias-lund-andresen,decathlon-cma-cgm-team-2026,ANDRESEN Tobias Lund,dk
tirreno-adriatico:2026,42,pierre-gautherat,decathlon-cma-cgm-team-2026,GAUTHERAT Pierre,fr
tirreno-adriatico:2026,43,tord-gudmestad,decathlon-cma-cgm-team-2026,GUDMESTAD Tord,no
tirreno-adriatico:2026,44,paul-lapeira,decathlon-cma-cgm-team-2026,LAPEIRA Paul,fr
tirreno-adriatico:2026,45,gregor-muhlberger,decathlon-cma-cgm-team-2026,MÜHLBERGER Gregor,at
tirreno-adriatico:2026,46,oliver-naesen,decathlon-cma-cgm-team-2026,NAESEN Oliver,be
tirreno-adriatico:2026,47,rasmus-sojbergpedersen,decathlon-cma-cgm-team-2026,PEDERSEN Rasmus Søjberg,dk
tirreno-adriatico:2026,51,richard-carapaz,ef-education-easypost-2026,CARAPAZ Richard,ec
tirreno-adriatico:2026,52,vincenzo-albanese,ef-education-easypost-2026,ALBANESE Vincenzo,it
tirreno-adriatico:2026,53,ben-healy,ef-education-easypost-2026,HEALY Ben,ie
tirreno-adriatico:2026,54,madis-mihkels,ef-education-easypost-2026,MIHKELS Madis,ee
tirreno-adriatico:2026,55,lukas-nerurkar,ef-education-easypost-2026,NERURKAR Lukas,gb
tirreno-adriatico:2026,56,james-shaw,ef-education-easypost-2026,SHAW James,gb
tirreno-adriatico:2026,57,michael-valgren-andersen,ef-education-easypost-2026,VALGREN Michael,dk
tirreno-adriatico:2026,61,valentin-madouas,groupama-fdj-united-2026,MADOUAS Valentin,fr
tirreno-adriatico:2026,62,clement-braz-afonso,groupama-fdj-united-2026,BRAZ AFONSO Clément,fr
tirreno-adriatico:2026,63,kevin-geniets,groupama-fdj-united-2026,GENIETS Kevin,lu
tirreno-adriatico:2026,64,lorenzo-germani,groupama-fdj-united-2026,GERMANI Lorenzo,it
tirreno-adriatico:2026,65,josh-kench,groupama-fdj-united-2026,KENCH Josh,nz
tirreno-adriatico:2026,66,remy-rochas,groupama-fdj-united-2026,ROCHAS Rémy,fr
tirreno-adriatico:2026,67,brieuc-rolland,groupama-fdj-united-2026,ROLLAND Brieuc,fr
tirreno-adriatico:2026,71,filippo-ganna,ineos-grenadiers-2026,GANNA Filippo,it
tirreno-adriatico:2026,72,thymen-arensman,ineos-grenadiers-2026,ARENSMAN Thymen,nl
tirreno-adriatico:2026,73,jack-haig,ineos-grenadiers-2026,HAIG Jack,au
tirreno-adriatico:2026,74,brandon-smith-rivera-vargas,ineos-grenadiers-2026,RIVERA Brandon Smith,co
tirreno-adriatico:2026,75,magnus-sheffield,ineos-grenadiers-2026,SHEFFIELD Magnus,us
tirreno-adriatico:2026,76,connor-swift,ineos-grenadiers-2026,SWIFT Connor,gb
tirreno-adriatico:2026,77,sam-welsford,ineos-grenadiers-2026,WELSFORD Sam,au
tirreno-adriatico:2026,81,giulio-ciccone,lidl-trek-2026,CICCONE Giulio,it
tirreno-adriatico:2026,82,andrea-bagioli,lidl-trek-2026,BAGIOLI Andrea,it
tirreno-adriatico:2026,83,simone-consonni,lidl-trek-2026,CONSONNI Simone,it
tirreno-adriatico:2026,84,amanuel-ghebreigzabhier,lidl-trek-2026,GHEBREIGZABHIER Amanuel,er
tirreno-adriatico:2026,85,jonathan-milan,lidl-trek-2026,MILAN Jonathan,it
tirreno-adriatico:2026,86,edward-theuns,lidl-trek-2026,THEUNS Edward,be
tirreno-adriatico:2026,87,max-walscheid,lidl-trek-2026,WALSCHEID Max,de
tirreno-adriatico:2026,91,arnaud-de-lie,lotto-intermarche-2026,DE LIE Arnaud,be
tirreno-adriatico:2026,92,huub-artz,lotto-intermarche-2026,ARTZ Huub,nl
tirreno-adriatico:2026,93,jenno-berckmoes,lotto-intermarche-2026,BERCKMOES Jenno,be
tirreno-adriatico:2026,94,cedric-beullens,lotto-intermarche-2026,BEULLENS Cedric,be
tirreno-adriatico:2026,95,liam-slock,lotto-intermarche-2026,SLOCK Liam,be
tirreno-adriatico:2026,96,lennert-van-eetvelt,lotto-intermarche-2026,VAN EETVELT Lennert,be
tirreno-adriatico:2026,97,georg-zimmermann,lotto-intermarche-2026,ZIMMERMANN Georg,de
tirreno-adriatico:2026,101,nairo-quintana,movistar-team-2026,QUINTANA Nairo,co
tirreno-adriatico:2026,102,roger-adria,movistar-team-2026,ADRIÀ Roger,es
tirreno-adriatico:2026,103,jorge-arcas,movistar-team-2026,ARCAS Jorge,es
tirreno-adriatico:2026,104,ivan-garcia-cortina,movistar-team-2026,GARCÍA CORTINA Iván,es
tirreno-adriatico:2026,105,manlio-moro,movistar-team-2026,MORO Manlio,it
tirreno-adriatico:2026,106,javier-romo,movistar-team-2026,ROMO Javier,es
tirreno-adriatico:2026,107,albert-torres,movistar-team-2026,TORRES Albert,es
tirreno-adriatico:2026,111,corbin-strong,nsn-cycling-team-2026,STRONG Corbin,nz
tirreno-adriatico:2026,112,marco-frigo,nsn-cycling-team-2026,FRIGO Marco,it
tirreno-adriatico:2026,113,oded-kogut,nsn-cycling-team-2026,KOGUT Oded,il
tirreno-adriatico:2026,114,krists-neilands,nsn-cycling-team-2026,NEILANDS Krists,lv
tirreno-adriatico:2026,115,alessandro-pinarello,nsn-cycling-team-2026,PINARELLO Alessandro,it
tirreno-adriatico:2026,116,nick-schultz,nsn-cycling-team-2026,SCHULTZ Nick,au
tirreno-adriatico:2026,117,dion-smith,nsn-cycling-team-2026,SMITH Dion,nz
tirreno-adriatico:2026,121,walter-calzoni,pinarello-q365-pro-cycling-team-2026,CALZONI Walter,it
tirreno-adriatico:2026,122,xabier-mikel-azparren-irurzun,pinarello-q365-pro-cycling-team-2026,AZPARREN Xabier Mikel,es
tirreno-adriatico:2026,123,sjoerd-bax,pinarello-q365-pro-cycling-team-2026,BAX Sjoerd,nl
tirreno-adriatico:2026,124,mark-donovan,pinarello-q365-pro-cycling-team-2026,DONOVAN Mark,gb
tirreno-adriatico:2026,125,david-gonzalez-lopez,pinarello-q365-pro-cycling-team-2026,GONZÁLEZ David,es
tirreno-adriatico:2026,126,xandro-meurisse,pinarello-q365-pro-cycling-team-2026,MEURISSE Xandro,be
tirreno-adriatico:2026,127,nicolo-parisini,pinarello-q365-pro-cycling-team-2026,PARISINI Nicolò,it
tirreno-adriatico:2026,131,primoz-roglic,red-bull-bora-hansgrohe-2026,ROGLIČ Primož,si
tirreno-adriatico:2026,132,giovanni-aleotti,red-bull-bora-hansgrohe-2026,ALEOTTI Giovanni,it
tirreno-adriatico:2026,133,jai-hindley,red-bull-bora-hansgrohe-2026,HINDLEY Jai,au
tirreno-adriatico:2026,134,gianni-moscon,red-bull-bora-hansgrohe-2026,MOSCON Gianni,it
tirreno-adriatico:2026,135,giulio-pellizzari,red-bull-bora-hansgrohe-2026,PELLIZZARI Giulio,it
tirreno-adriatico:2026,136,jan-tratnik,red-bull-bora-hansgrohe-2026,TRATNIK Jan,si
tirreno-adriatico:2026,137,danny-van-poppel,red-bull-bora-hansgrohe-2026,VAN POPPEL Danny,nl
tirreno-adriatico:2026,141,alessandro-iacchi,solution-tech-nippo-rali-2026,IACCHI Alessandro,it
tirreno-adriatico:2026,142,alexandre-balmer,solution-tech-nippo-rali-2026,BALMER Alexandre,ch
tirreno-adriatico:2026,143,kamiel-bonneu,solution-tech-nippo-rali-2026,BONNEU Kamiel,be
tirreno-adriatico:2026,144,roberto-gonzalez,solution-tech-nippo-rali-2026,GONZÁLEZ Roberto Carlos,pa
tirreno-adriatico:2026,145,felix-james-meo,solution-tech-nippo-rali-2026,MEO Felix James,nz
tirreno-adriatico:2026,146,carlos-samudio,solution-tech-nippo-rali-2026,SAMUDIO Carlos,pa
tirreno-adriatico:2026,147,attilio-viviani,solution-tech-nippo-rali-2026,VIVIANI Attilio,it
tirreno-adriatico:2026,151,paul-magnier,soudal-quick-step-2026,MAGNIER Paul,fr
tirreno-adriatico:2026,152,ethan-hayter,soudal-quick-step-2026,HAYTER Ethan,gb
tirreno-adriatico:2026,153,ayco-bastiaens,soudal-quick-step-2026,BASTIAENS Ayco,be
tirreno-adriatico:2026,154,laurenz-rex,soudal-quick-step-2026,REX Laurenz,be
tirreno-adriatico:2026,155,dries-van-gestel,soudal-quick-step-2026,VAN GESTEL Dries,be
tirreno-adriatico:2026,156,ilan-van-wilder,soudal-quick-step-2026,VAN WILDER Ilan,be
tirreno-adriatico:2026,157,louis-vervaeke,soudal-quick-step-2026,VERVAEKE Louis,be
tirreno-adriatico:2026,161,andrea-vendrame,team-jayco-alula-2026,VENDRAME Andrea,it
tirreno-adriatico:2026,162,alessandro-covi,team-jayco-alula-2026,COVI Alessandro,it
tirreno-adriatico:2026,163,dries-de-bondt,team-jayco-alula-2026,DE BONDT Dries,be
tirreno-adriatico:2026,164,davide-de-pretto,team-jayco-alula-2026,DE PRETTO Davide,it
tirreno-adriatico:2026,165,anders-foldager,team-jayco-alula-2026,FOLDAGER Anders,dk
tirreno-adriatico:2026,166,alan-hatherly,team-jayco-alula-2026,HATHERLY Alan,za
tirreno-adriatico:2026,167,christopher-juul-jensen,team-jayco-alula-2026,JUUL-JENSEN Christopher,dk
tirreno-adriatico:2026,171,john-degenkolb,team-picnic-postnl-2026,DEGENKOLB John,de
tirreno-adriatico:2026,172,pavel-bittner,team-picnic-postnl-2026,BITTNER Pavel,cz
tirreno-adriatico:2026,173,alexy-faure-prost,team-picnic-postnl-2026,FAURE PROST Alexy,fr
tirreno-adriatico:2026,174,sean-flynn,team-picnic-postnl-2026,FLYNN Sean,gb
tirreno-adriatico:2026,175,mattia-gaffuri,team-picnic-postnl-2026,GAFFURI Mattia,it
tirreno-adriatico:2026,176,julius-van-den-berg,team-picnic-postnl-2026,VAN DEN BERG Julius,nl
tirreno-adriatico:2026,177,oliver-peace,team-picnic-postnl-2026,PEACE Oliver,gb
tirreno-adriatico:2026,181,mirco-maestri,team-polti-visitmalta-2026,MAESTRI Mirco,it
tirreno-adriatico:2026,182,davide-bais,team-polti-visitmalta-2026,BAIS Davide,it
tirreno-adriatico:2026,183,mattia-bais,team-polti-visitmalta-2026,BAIS Mattia,it
tirreno-adriatico:2026,184,ludovico-crescioli,team-polti-visitmalta-2026,CRESCIOLI Ludovico,it
tirreno-adriatico:2026,185,giovanni-lonardi,team-polti-visitmalta-2026,LONARDI Giovanni,it
tirreno-adriatico:2026,186,diego-pablo-sevilla,team-polti-visitmalta-2026,SEVILLA Diego Pablo,es
tirreno-adriatico:2026,187,alessandro-tonelli,team-polti-visitmalta-2026,TONELLI Alessandro,it
tirreno-adriatico:2026,191,wout-van-aert,team-visma-lease-a-bike-2026,VAN AERT Wout,be
tirreno-adriatico:2026,192,owain-doull,team-visma-lease-a-bike-2026,DOULL Owain,gb
tirreno-adriatico:2026,193,filippo-fiorelli,team-visma-lease-a-bike-2026,FIORELLI Filippo,it
tirreno-adriatico:2026,194,matteo-jorgenson,team-visma-lease-a-bike-2026,JORGENSON Matteo,us
tirreno-adriatico:2026,195,timo-kielich,team-visma-lease-a-bike-2026,KIELICH Timo,be
tirreno-adriatico:2026,196,steven-kruijswijk,team-visma-lease-a-bike-2026,KRUIJSWIJK Steven,nl
tirreno-adriatico:2026,197,tim-rex,team-visma-lease-a-bike-2026,REX Tim,be
tirreno-adriatico:2026,201,julian-alaphilippe,tudor-pro-cycling-team-2026,ALAPHILIPPE Julian,fr
tirreno-adriatico:2026,202,sebastian-kolze-changizi,tudor-pro-cycling-team-2026,KOLZE CHANGIZI Sebastian,dk
tirreno-adriatico:2026,203,robin-froidevaux,tudor-pro-cycling-team-2026,FROIDEVAUX Robin,ch
tirreno-adriatico:2026,204,luca-mozzato,tudor-pro-cycling-team-2026,MOZZATO Luca,it
tirreno-adriatico:2026,205,michael-storer,tudor-pro-cycling-team-2026,STORER Michael,au
tirreno-adriatico:2026,206,lawrence-warbasse,tudor-pro-cycling-team-2026,WARBASSE Larry,us
tirreno-adriatico:2026,207,hannes-wilksch,tudor-pro-cycling-team-2026,WILKSCH Hannes,de
tirreno-adriatico:2026,211,isaac-del-toro,uae-team-emirates-xrg-2026,DEL TORO Isaac,mx
tirreno-adriatico:2026,212,jan-christen,uae-team-emirates-xrg-2026,CHRISTEN Jan,ch
tirreno-adriatico:2026,213,benoit-cosnefroy,uae-team-emirates-xrg-2026,COSNEFROY Benoît,fr
tirreno-adriatico:2026,214,luca-giaimi,uae-team-emirates-xrg-2026,GIAIMI Luca,it
tirreno-adriatico:2026,215,felix-grossschartner,uae-team-emirates-xrg-2026,GROßSCHARTNER Felix,at
tirreno-adriatico:2026,216,domen-novak,uae-team-emirates-xrg-2026,NOVAK Domen,si
tirreno-adriatico:2026,217,kevin-vermaerke,uae-team-emirates-xrg-2026,VERMAERKE Kevin,us
tirreno-adriatico:2026,221,anders-halland-johannessen,uno-x-mobility-2026,JOHANNESSEN Anders Halland,no
tirreno-adriatico:2026,222,jonas-abrahamsen,uno-x-mobility-2026,ABRAHAMSEN Jonas,no
tirreno-adriatico:2026,223,markus-hoelgaard,uno-x-mobility-2026,HOELGAARD Markus,no
tirreno-adriatico:2026,224,adne-holter,uno-x-mobility-2026,HOLTER Ådne,no
tirreno-adriatico:2026,225,tobias-halland-johannessen,uno-x-mobility-2026,JOHANNESSEN Tobias Halland,no
tirreno-adriatico:2026,226,andreas-kron,uno-x-mobility-2026,KRON Andreas,dk
tirreno-adriatico:2026,227,anders-skaarseth,uno-x-mobility-2026,SKAARSETH Anders,no
tirreno-adriatico:2026,231,alberto-bettiol,xds-astana-team-2026,BETTIOL Alberto,it
tirreno-adriatico:2026,232,clement-champoussin,xds-astana-team-2026,CHAMPOUSSIN Clément,fr
tirreno-adriatico:2026,233,anton-kuzmin,xds-astana-team-2026,KUZMIN Anton,kz
tirreno-adriatico:2026,234,arjen-livyns,xds-astana-team-2026,LIVYNS Arjen,be
tirreno-adriatico:2026,235,marco-schrettl,xds-astana-team-2026,SCHRETTL Marco,at
tirreno-adriatico:2026,236,guillermo-thomas-silva-coussan,xds-astana-team-2026,SILVA Guillermo Thomas,uy
tirreno-adriatico:2026,237,davide-toneatti,xds-astana-team-2026,TONEATTI Davide,it
tour-de-romandie:2026,1,tadej-pogacar,uae-team-emirates-xrg-2026,POGAČAR Tadej,si
tour-de-romandie:2026,2,felix-grossschartner,uae-team-emirates-xrg-2026,GROßSCHARTNER Felix,at
tour-de-romandie:2026,3,vegard-stake-laengen,uae-team-emirates-xrg-2026,LAENGEN Vegard Stake,no
tour-de-romandie:2026,4,domen-novak,uae-team-emirates-xrg-2026,NOVAK Domen,si
tour-de-romandie:2026,5,ivo-emanuel-alves,uae-team-emirates-xrg-2026,OLIVEIRA Ivo,pt
tour-de-romandie:2026,6,pavel-sivakov,uae-team-emirates-xrg-2026,SIVAKOV Pavel,fr
tour-de-romandie:2026,7,kevin-vermaerke,uae-team-emirates-xrg-2026,VERMAERKE Kevin,us
tour-de-romandie:2026,11,jorgen-nordhagen,team-visma-lease-a-bike-2026,NORDHAGEN Jørgen,no
tour-de-romandie:2026,12,tijmen-graat,team-visma-lease-a-bike-2026,GRAAT Tijmen,nl
tour-de-romandie:2026,13,menno-huising,team-visma-lease-a-bike-2026,HUISING Menno,nl
tour-de-romandie:2026,14,steven-kruijswijk,team-visma-lease-a-bike-2026,KRUIJSWIJK Steven,nl
tour-de-romandie:2026,15,pietro-mattio,team-visma-lease-a-bike-2026,MATTIO Pietro,it
tour-de-romandie:2026,16,anton-schiffer,team-visma-lease-a-bike-2026,SCHIFFER Anton,de
tour-de-romandie:2026,17,axel-zingle,team-visma-lease-a-bike-2026,ZINGLE Axel,fr
tour-de-romandie:2026,21,florian-lipowitz,red-bull-bora-hansgrohe-2026,LIPOWITZ Florian,de
tour-de-romandie:2026,22,adrien-boichis,red-bull-bora-hansgrohe-2026,BOICHIS Adrien,fr
tour-de-romandie:2026,23,finn-fisher-black,red-bull-bora-hansgrohe-2026,FISHER-BLACK Finn,nz
tour-de-romandie:2026,24,daniel-felipe-martinez,red-bull-bora-hansgrohe-2026,MARTÍNEZ Daniel Felipe,co
tour-de-romandie:2026,25,primoz-roglic,red-bull-bora-hansgrohe-2026,ROGLIČ Primož,si
tour-de-romandie:2026,26,jan-tratnik,red-bull-bora-hansgrohe-2026,TRATNIK Jan,si
tour-de-romandie:2026,27,luke-tuckwell,red-bull-bora-hansgrohe-2026,TUCKWELL Luke,au
tour-de-romandie:2026,31,bauke-mollema,lidl-trek-2026,MOLLEMA Bauke,nl
tour-de-romandie:2026,32,tao-geoghegan-hart,lidl-trek-2026,GEOGHEGAN HART Tao,gb
tour-de-romandie:2026,33,patrick-konrad,lidl-trek-2026,KONRAD Patrick,at
tour-de-romandie:2026,34,jacopo-mosca,lidl-trek-2026,MOSCA Jacopo,it
tour-de-romandie:2026,35,sam-oomen,lidl-trek-2026,OOMEN Sam,nl
tour-de-romandie:2026,36,albert-withen-philipsen,lidl-trek-2026,WITHEN PHILIPSEN Albert,dk
tour-de-romandie:2026,37,jakob-soderqvist,lidl-trek-2026,SÖDERQVIST Jakob,se
tour-de-romandie:2026,41,georg-steinhauser,ef-education-easypost-2026,STEINHAUSER Georg,de
tour-de-romandie:2026,42,samuele-battistella,ef-education-easypost-2026,BATTISTELLA Samuele,it
tour-de-romandie:2026,43,jefferson-alexander-cepeda,ef-education-easypost-2026,CEPEDA Jefferson Alexander,ec
tour-de-romandie:2026,44,michael-leonard1,ef-education-easypost-2026,LEONARD Michael,ca
tour-de-romandie:2026,45,lukas-nerurkar,ef-education-easypost-2026,NERURKAR Lukas,gb
tour-de-romandie:2026,46,sean-quinn,ef-education-easypost-2026,QUINN Sean,us
tour-de-romandie:2026,51,oscar-onley,ineos-grenadiers-2026,ONLEY Oscar,gb
tour-de-romandie:2026,52,andrew-august,ineos-grenadiers-2026,AUGUST Andrew,us
tour-de-romandie:2026,53,laurens-de-plus,ineos-grenadiers-2026,DE PLUS Laurens,be
tour-de-romandie:2026,54,dorian-godon,ineos-grenadiers-2026,GODON Dorian,fr
tour-de-romandie:2026,55,bob-jungels,ineos-grenadiers-2026,JUNGELS Bob,lu
tour-de-romandie:2026,56,carlos-rodriguez-cano,ineos-grenadiers-2026,RODRÍGUEZ Carlos,es
tour-de-romandie:2026,57,ben-swift,ineos-grenadiers-2026,SWIFT Ben,gb
tour-de-romandie:2026,61,clement-champoussin,xds-astana-team-2026,CHAMPOUSSIN Clément,fr
tour-de-romandie:2026,62,lorenzo-fortunato,xds-astana-team-2026,FORTUNATO Lorenzo,it
tour-de-romandie:2026,63,sergio-higuita,xds-astana-team-2026,HIGUITA Sergio,co
tour-de-romandie:2026,64,florian-samuel-kajamini,xds-astana-team-2026,KAJAMINI Florian Samuel,it
tour-de-romandie:2026,65,cristian-rodriguez,xds-astana-team-2026,RODRÍGUEZ Cristián,es
tour-de-romandie:2026,66,marco-schrettl,xds-astana-team-2026,SCHRETTL Marco,at
tour-de-romandie:2026,67,davide-toneatti,xds-astana-team-2026,TONEATTI Davide,it
tour-de-romandie:2026,71,lenny-martinez,bahrain-victorious-2026,MARTINEZ Lenny,fr
tour-de-romandie:2026,72,damiano-caruso,bahrain-victorious-2026,CARUSO Damiano,it
tour-de-romandie:2026,73,kamil-gradek,bahrain-victorious-2026,GRADEK Kamil,pl
tour-de-romandie:2026,74,robert-stannard,bahrain-victorious-2026,STANNARD Robert,au
tour-de-romandie:2026,75,antonio-tiberi,bahrain-victorious-2026,TIBERI Antonio,it
tour-de-romandie:2026,76,attila-valter,bahrain-victorious-2026,VALTER Attila,hu
tour-de-romandie:2026,77,vlad-van-mechelen,bahrain-victorious-2026,VAN MECHELEN Vlad,be
tour-de-romandie:2026,81,maxime-decomble,groupama-fdj-united-2026,DECOMBLE Maxime,fr
tour-de-romandie:2026,82,clement-berthet,groupama-fdj-united-2026,BERTHET Clément,fr
tour-de-romandie:2026,83,remi-cavagna,groupama-fdj-united-2026,CAVAGNA Rémi,fr
tour-de-romandie:2026,84,david-gaudu,groupama-fdj-united-2026,GAUDU David,fr
tour-de-romandie:2026,85,lorenzo-germani,groupama-fdj-united-2026,GERMANI Lorenzo,it
tour-de-romandie:2026,86,josh-kench,groupama-fdj-united-2026,KENCH Josh,nz
tour-de-romandie:2026,87,remy-rochas,groupama-fdj-united-2026,ROCHAS Rémy,fr
tour-de-romandie:2026,91,luke-plapp,team-jayco-alula-2026,PLAPP Luke,au
tour-de-romandie:2026,92,filippo-conca,team-jayco-alula-2026,CONCA Filippo,it
tour-de-romandie:2026,93,davide-de-pretto,team-jayco-alula-2026,DE PRETTO Davide,it
tour-de-romandie:2026,94,patrick-gamper,team-jayco-alula-2026,GAMPER Patrick,at
tour-de-romandie:2026,95,asbjorn-hellemose,team-jayco-alula-2026,HELLEMOSE Asbjørn,dk
tour-de-romandie:2026,96,hamish-mckenzie,team-jayco-alula-2026,MCKENZIE Hamish,au
tour-de-romandie:2026,97,mauro-schmid,team-jayco-alula-2026,SCHMID Mauro,ch
tour-de-romandie:2026,101,valentin-paret-peintre,soudal-quick-step-2026,PARET-PEINTRE Valentin,fr
tour-de-romandie:2026,102,steff-cras,soudal-quick-step-2026,CRAS Steff,be
tour-de-romandie:2026,103,gil-gelders,soudal-quick-step-2026,GELDERS Gil,be
tour-de-romandie:2026,104,junior-lecerf,soudal-quick-step-2026,LECERF Junior,be
tour-de-romandie:2026,105,casper-pedersen,soudal-quick-step-2026,PEDERSEN Casper,dk
tour-de-romandie:2026,106,maximilian-schachmann,soudal-quick-step-2026,SCHACHMANN Maximilian,de
tour-de-romandie:2026,107,louis-vervaeke,soudal-quick-step-2026,VERVAEKE Louis,be
tour-de-romandie:2026,111,george-bennett,nsn-cycling-team-2026,BENNETT George,nz
tour-de-romandie:2026,112,itamar-einhorn,nsn-cycling-team-2026,EINHORN Itamar,il
tour-de-romandie:2026,113,marco-frigo,nsn-cycling-team-2026,FRIGO Marco,it
tour-de-romandie:2026,114,nadav-raisberg,nsn-cycling-team-2026,RAISBERG Nadav,il
tour-de-romandie:2026,115,rotem-tene,nsn-cycling-team-2026,TENE Rotem,il
tour-de-romandie:2026,116,floris-van-tricht,nsn-cycling-team-2026,VAN TRICHT Floris,be
tour-de-romandie:2026,121,yannis-voisard,tudor-pro-cycling-team-2026,VOISARD Yannis,ch
tour-de-romandie:2026,122,marco-brenner,tudor-pro-cycling-team-2026,BRENNER Marco,de
tour-de-romandie:2026,123,robin-donze,tudor-pro-cycling-team-2026,DONZÉ Robin,ch
tour-de-romandie:2026,124,jacob-eriksson,tudor-pro-cycling-team-2026,ERIKSSON Jacob,se
tour-de-romandie:2026,125,marius-mayrhofer,tudor-pro-cycling-team-2026,MAYRHOFER Marius,de
tour-de-romandie:2026,126,joel-suter,tudor-pro-cycling-team-2026,SUTER Joel,ch
tour-de-romandie:2026,127,roland-thalmann,tudor-pro-cycling-team-2026,THALMANN Roland,ch
tour-de-romandie:2026,131,warren-barguil,team-picnic-postnl-2026,BARGUIL Warren,fr
tour-de-romandie:2026,132,dillon-corkery,team-picnic-postnl-2026,CORKERY Dillon,ie
tour-de-romandie:2026,133,robbe-dhondt,team-picnic-postnl-2026,DHONDT Robbe,be
tour-de-romandie:2026,134,alexy-faure-prost,team-picnic-postnl-2026,FAURE PROST Alexy,fr
tour-de-romandie:2026,135,mattia-gaffuri,team-picnic-postnl-2026,GAFFURI Mattia,it
tour-de-romandie:2026,136,oliver-peace,team-picnic-postnl-2026,PEACE Oliver,gb
tour-de-romandie:2026,137,henri-francois-renard-haquin,team-picnic-postnl-2026,RENARD-HAQUIN Henri-François,fr
tour-de-romandie:2026,141,pablo-castrillo-zapater,movistar-team-2026,CASTRILLO Pablo,es
tour-de-romandie:2026,142,jorge-arcas,movistar-team-2026,ARCAS Jorge,es
tour-de-romandie:2026,143,jefferson-cepeda-hernandez,movistar-team-2026,CEPEDA Jefferson Alveiro,ec
tour-de-romandie:2026,144,davide-formolo,movistar-team-2026,FORMOLO Davide,it
tour-de-romandie:2026,145,filip-maciejuk,movistar-team-2026,MACIEJUK Filip,pl
tour-de-romandie:2026,146,pavel-novak,movistar-team-2026,NOVÁK Pavel,cz
tour-de-romandie:2026,147,nairo-quintana,movistar-team-2026,QUINTANA Nairo,co
tour-down-under:2026,1,jhonatan-narvaez,uae-team-emirates-xrg-2026,NARVÁEZ Jhonatan,ec
tour-down-under:2026,2,mikkel-bjerg,uae-team-emirates-xrg-2026,BJERG Mikkel,dk
tour-down-under:2026,3,vegard-stake-laengen,uae-team-emirates-xrg-2026,LAENGEN Vegard Stake,no
tour-down-under:2026,4,juan-sebastian-molano,uae-team-emirates-xrg-2026,MOLANO Juan Sebastián,co
tour-down-under:2026,5,ivo-emanuel-alves,uae-team-emirates-xrg-2026,OLIVEIRA Ivo,pt
tour-down-under:2026,6,jay-vine,uae-team-emirates-xrg-2026,VINE Jay,au
tour-down-under:2026,7,adam-yates,uae-team-emirates-xrg-2026,YATES Adam,gb
tour-down-under:2026,11,jensen-plowright,alpecin-premier-tech-2026,PLOWRIGHT Jensen,au
tour-down-under:2026,12,maurice-ballerstedt,alpecin-premier-tech-2026,BALLERSTEDT Maurice,de
tour-down-under:2026,13,gal-glivar,alpecin-premier-tech-2026,GLIVAR Gal,si
tour-down-under:2026,14,sente-sentjens,alpecin-premier-tech-2026,SENTJENS Sente,be
tour-down-under:2026,15,tim-marsman,alpecin-premier-tech-2026,MARSMAN Tim,nl
tour-down-under:2026,16,francesco-busatto,alpecin-premier-tech-2026,BUSATTO Francesco,it
tour-down-under:2026,17,michael-gogl,alpecin-premier-tech-2026,GOGL Michael,at
tour-down-under:2026,21,santiago-buitrago-sanchez,bahrain-victorious-2026,BUITRAGO Santiago,co
tour-down-under:2026,22,zak-erzen,bahrain-victorious-2026,ERŽEN Žak,si
tour-down-under:2026,23,fran-miholjevic,bahrain-victorious-2026,MIHOLJEVIĆ Fran,hr
tour-down-under:2026,24,robert-stannard,bahrain-victorious-2026,STANNARD Robert,au
tour-down-under:2026,25,oliver-stockwell,bahrain-victorious-2026,STOCKWELL Oliver,gb
tour-down-under:2026,26,max-van-der-meulen,bahrain-victorious-2026,VAN DER MEULEN Max,nl
tour-down-under:2026,27,edoardo-zambanini,bahrain-victorious-2026,ZAMBANINI Edoardo,it
tour-down-under:2026,31,tobias-lund-andresen,decathlon-cma-cgm-team-2026,ANDRESEN Tobias Lund,dk
tour-down-under:2026,32,oscar-chamberlain,decathlon-cma-cgm-team-2026,CHAMBERLAIN Oscar,au
tour-down-under:2026,33,pierre-gautherat,decathlon-cma-cgm-team-2026,GAUTHERAT Pierre,fr
tour-down-under:2026,34,tord-gudmestad,decathlon-cma-cgm-team-2026,GUDMESTAD Tord,no
tour-down-under:2026,35,antoine-l-hote,decathlon-cma-cgm-team-2026,L'HOTE Antoine,fr
tour-down-under:2026,36,nicolas-prodhomme,decathlon-cma-cgm-team-2026,PRODHOMME Nicolas,fr
tour-down-under:2026,37,callum-scotson,decathlon-cma-cgm-team-2026,SCOTSON Callum,au
tour-down-under:2026,41,jefferson-alexander-cepeda,ef-education-easypost-2026,CEPEDA Jefferson Alexander,ec
tour-down-under:2026,42,jardi-christiaan-van-der-lee,ef-education-easypost-2026,VAN DER LEE Jardi Christiaan,nl
tour-down-under:2026,43,harry-sweeny,ef-education-easypost-2026,SWEENY Harry,au
tour-down-under:2026,44,max-walker,ef-education-easypost-2026,WALKER Max,gb
tour-down-under:2026,45,alastair-mackellar,ef-education-easypost-2026,MACKELLAR Alastair,au
tour-down-under:2026,46,luke-lamperti,ef-education-easypost-2026,LAMPERTI Luke,us
tour-down-under:2026,47,michael-leonard1,ef-education-easypost-2026,LEONARD Michael,ca
tour-down-under:2026,51,lewis-bower,groupama-fdj-united-2026,BOWER Lewis,nz
tour-down-under:2026,52,remi-cavagna,groupama-fdj-united-2026,CAVAGNA Rémi,fr
tour-down-under:2026,53,tom-donnenwirth,groupama-fdj-united-2026,DONNENWIRTH Tom,fr
tour-down-under:2026,54,titouan-fontaine,groupama-fdj-united-2026,FONTAINE Titouan,fr
tour-down-under:2026,55,kevin-geniets,groupama-fdj-united-2026,GENIETS Kevin,lu
tour-down-under:2026,56,guillaume-martin,groupama-fdj-united-2026,MARTIN Guillaume,fr
tour-down-under:2026,57,enzo-paleni,groupama-fdj-united-2026,PALENI Enzo,fr
tour-down-under:2026,61,jack-haig,ineos-grenadiers-2026,HAIG Jack,au
tour-down-under:2026,62,lucas-hamilton,ineos-grenadiers-2026,HAMILTON Lucas,au
tour-down-under:2026,63,michal-kwiatkowski,ineos-grenadiers-2026,KWIATKOWSKI Michał,pl
tour-down-under:2026,64,embret-svestad-bardseng,ineos-grenadiers-2026,SVESTAD-BÅRDSENG Embret,no
tour-down-under:2026,65,ben-swift,ineos-grenadiers-2026,SWIFT Ben,gb
tour-down-under:2026,66,samuel-watson,ineos-grenadiers-2026,WATSON Samuel,gb
tour-down-under:2026,67,sam-welsford,ineos-grenadiers-2026,WELSFORD Sam,au
tour-down-under:2026,71,andrea-bagioli,lidl-trek-2026,BAGIOLI Andrea,it
tour-down-under:2026,72,amanuel-ghebreigzabhier,lidl-trek-2026,GHEBREIGZABHIER Amanuel,er
tour-down-under:2026,73,patrick-konrad,lidl-trek-2026,KONRAD Patrick,at
tour-down-under:2026,74,jacopo-mosca,lidl-trek-2026,MOSCA Jacopo,it
tour-down-under:2026,75,sam-oomen,lidl-trek-2026,OOMEN Sam,nl
tour-down-under:2026,76,matteo-sobrero,lidl-trek-2026,SOBRERO Matteo,it
tour-down-under:2026,77,tim-torn-teutenberg,lidl-trek-2026,TEUTENBERG Tim Torn,de
tour-down-under:2026,81,matthew-fox2,lotto-intermarche-2026,FOX Matthew,au
tour-down-under:2026,82,jonas-rutsch,lotto-intermarche-2026,RUTSCH Jonas,de
tour-down-under:2026,83,lionel-taminiaux,lotto-intermarche-2026,TAMINIAUX Lionel,be
tour-down-under:2026,84,reuben-thompson,lotto-intermarche-2026,THOMPSON Reuben,nz
tour-down-under:2026,85,baptiste-veistroffer,lotto-intermarche-2026,VEISTROFFER Baptiste,fr
tour-down-under:2026,86,lennert-van-eetvelt,lotto-intermarche-2026,VAN EETVELT Lennert,be
tour-down-under:2026,87,georg-zimmermann,lotto-intermarche-2026,ZIMMERMANN Georg,de
tour-down-under:2026,91,jefferson-cepeda-hernandez,movistar-team-2026,CEPEDA Jefferson Alveiro,ec
tour-down-under:2026,92,manlio-moro,movistar-team-2026,MORO Manlio,it
tour-down-under:2026,93,pavel-novak,movistar-team-2026,NOVÁK Pavel,cz
tour-down-under:2026,94,javier-romo,movistar-team-2026,ROMO Javier,es
tour-down-under:2026,95,gonzalo-serrano,movistar-team-2026,SERRANO Gonzalo,es
tour-down-under:2026,96,natnael-tesfatsion,movistar-team-2026,TESFATSION Natnael,er
tour-down-under:2026,97,albert-torres,movistar-team-2026,TORRES Albert,es
tour-down-under:2026,101,george-bennett,nsn-cycling-team-2026,BENNETT George,nz
tour-down-under:2026,102,simon-clarke,nsn-cycling-team-2026,CLARKE Simon,au
tour-down-under:2026,103,brady-gilmore,nsn-cycling-team-2026,GILMORE Brady,au
tour-down-under:2026,104,nick-schultz,nsn-cycling-team-2026,SCHULTZ Nick,au
tour-down-under:2026,105,jake-stewart,nsn-cycling-team-2026,STEWART Jake,gb
tour-down-under:2026,106,corbin-strong,nsn-cycling-team-2026,STRONG Corbin,nz
tour-down-under:2026,107,ethan-vernon,nsn-cycling-team-2026,VERNON Ethan,gb
tour-down-under:2026,111,jarrad-drizners,red-bull-bora-hansgrohe-2026,DRIZNERS Jarrad,au
tour-down-under:2026,112,haimar-etxeberria,red-bull-bora-hansgrohe-2026,ETXEBERRIA Haimar,es
tour-down-under:2026,113,finn-fisher-black,red-bull-bora-hansgrohe-2026,FISHER-BLACK Finn,nz
tour-down-under:2026,114,laurence-pithie,red-bull-bora-hansgrohe-2026,PITHIE Laurence,nz
tour-down-under:2026,115,callum-thornley,red-bull-bora-hansgrohe-2026,THORNLEY Callum,gb
tour-down-under:2026,116,luke-tuckwell,red-bull-bora-hansgrohe-2026,TUCKWELL Luke,au
tour-down-under:2026,117,danny-van-poppel,red-bull-bora-hansgrohe-2026,VAN POPPEL Danny,nl
tour-down-under:2026,121,alberto-dainese,soudal-quick-step-2026,DAINESE Alberto,it
tour-down-under:2026,122,pascal-eenkhoorn,soudal-quick-step-2026,EENKHOORN Pascal,nl
tour-down-under:2026,123,andrea-raccagni-noviero,soudal-quick-step-2026,RACCAGNI NOVIERO Andrea,it
tour-down-under:2026,124,pepijn-reinderink,soudal-quick-step-2026,REINDERINK Pepijn,nl
tour-down-under:2026,125,casper-pedersen,soudal-quick-step-2026,PEDERSEN Casper,dk
tour-down-under:2026,126,fabio-van-den-bossche,soudal-quick-step-2026,VAN DEN BOSSCHE Fabio,be
tour-down-under:2026,127,filippo-zana,soudal-quick-step-2026,ZANA Filippo,it
tour-down-under:2026,131,ben-o-connor,team-jayco-alula-2026,O'CONNOR Ben,au
tour-down-under:2026,132,luke-durbridge,team-jayco-alula-2026,DURBRIDGE Luke,au
tour-down-under:2026,133,rudy-porter,team-jayco-alula-2026,PORTER Rudy,au
tour-down-under:2026,134,hamish-mckenzie,team-jayco-alula-2026,MCKENZIE Hamish,au
tour-down-under:2026,135,kelland-brien,team-jayco-alula-2026,O'BRIEN Kelland,au
tour-down-under:2026,136,luke-plapp,team-jayco-alula-2026,PLAPP Luke,au
tour-down-under:2026,137,mauro-schmid,team-jayco-alula-2026,SCHMID Mauro,ch
tour-down-under:2026,141,matthew-dinham,team-picnic-postnl-2026,DINHAM Matthew,au
tour-down-under:2026,142,chris-hamilton,team-picnic-postnl-2026,HAMILTON Chris,au
tour-down-under:2026,143,james-knox,team-picnic-postnl-2026,KNOX James,gb
tour-down-under:2026,144,niklas-markl,team-picnic-postnl-2026,MÄRKL Niklas,de
tour-down-under:2026,145,oliver-peace,team-picnic-postnl-2026,PEACE Oliver,gb
tour-down-under:2026,146,henri-francois-renard-haquin,team-picnic-postnl-2026,RENARD-HAQUIN Henri-François,fr
tour-down-under:2026,147,casper-van-uden,team-picnic-postnl-2026,VAN UDEN Casper,nl
tour-down-under:2026,151,matthew-brennan,team-visma-lease-a-bike-2026,BRENNAN Matthew,gb
tour-down-under:2026,152,filippo-fiorelli,team-visma-lease-a-bike-2026,FIORELLI Filippo,it
tour-down-under:2026,153,per-strand-hagenes,team-visma-lease-a-bike-2026,HAGENES Per Strand,no
tour-down-under:2026,154,anton-schiffer,team-visma-lease-a-bike-2026,SCHIFFER Anton,de
tour-down-under:2026,155,menno-huising,team-visma-lease-a-bike-2026,HUISING Menno,nl
tour-down-under:2026,156,pietro-mattio,team-visma-lease-a-bike-2026,MATTIO Pietro,it
tour-down-under:2026,157,tim-rex,team-visma-lease-a-bike-2026,REX Tim,be
tour-down-under:2026,161,andreas-kron,uno-x-mobility-2026,KRON Andreas,dk
tour-down-under:2026,162,anthon-charmig,uno-x-mobility-2026,CHARMIG Anthon,dk
tour-down-under:2026,163,anders-skaarseth,uno-x-mobility-2026,SKAARSETH Anders,no
tour-down-under:2026,164,stian-fredheim,uno-x-mobility-2026,FREDHEIM Stian,no
tour-down-under:2026,165,erik-nordsaeter-resell,uno-x-mobility-2026,RESELL Erik Nordsæter,no
tour-down-under:2026,166,storm-ingebrigtsen,uno-x-mobility-2026,INGEBRIGTSEN Storm,no
tour-down-under:2026,167,martin-urianstad,uno-x-mobility-2026,URIANSTAD BUGGE Martin,no
tour-down-under:2026,171,florian-samuel-kajamini,xds-astana-team-2026,KAJAMINI Florian Samuel,it
tour-down-under:2026,172,alessandro-romele,xds-astana-team-2026,ROMELE Alessandro,it
tour-down-under:2026,173,marco-schrettl,xds-astana-team-2026,SCHRETTL Marco,at
tour-down-under:2026,174,darren-van-bekkum,xds-astana-team-2026,VAN BEKKUM Darren,nl
tour-down-under:2026,175,simone-velasco,xds-astana-team-2026,VELASCO Simone,it
tour-down-under:2026,176,davide-toneatti,xds-astana-team-2026,TONEATTI Davide,it
tour-down-under:2026,177,aaron-gate,xds-astana-team-2026,GATE Aaron,nz
tour-down-under:2026,181,marco-brenner,tudor-pro-cycling-team-2026,BRENNER Marco,de
tour-down-under:2026,182,marius-mayrhofer,tudor-pro-cycling-team-2026,MAYRHOFER Marius,de
tour-down-under:2026,183,joel-suter,tudor-pro-cycling-team-2026,SUTER Joel,ch
tour-down-under:2026,184,florian-stork,tudor-pro-cycling-team-2026,STORK Florian,de
tour-down-under:2026,185,petr-kelemen,tudor-pro-cycling-team-2026,KELEMEN Petr,cz
tour-down-under:2026,186,luc-wirtgen,tudor-pro-cycling-team-2026,WIRTGEN Luc,lu
tour-down-under:2026,187,maikel-zijlaard,tudor-pro-cycling-team-2026,ZIJLAARD Maikel,nl
tour-down-under:2026,191,damien-howson,australia-2026,HOWSON Damien,au
tour-down-under:2026,192,chris-harper,australia-2026,HARPER Chris,au
tour-down-under:2026,193,patrick-eddy,australia-2026,EDDY Patrick,au
tour-down-under:2026,194,liam-walsh,australia-2026,WALSH Liam,au
tour-down-under:2026,195,oliver-bleddyn,australia-2026,BLEDDYN Oliver,au
tour-down-under:2026,196,matthew-greenwood,australia-2026,GREENWOOD Matthew,au
tour-down-under:2026,197,lucas-stevenson,australia-2026,STEVENSON Lucas,au
uae-tour:2026,1,remco-evenepoel,red-bull-bora-hansgrohe-2026,EVENEPOEL Remco,be
uae-tour:2026,2,mattia-cattaneo,red-bull-bora-hansgrohe-2026,CATTANEO Mattia,it
uae-tour:2026,3,jarrad-drizners,red-bull-bora-hansgrohe-2026,DRIZNERS Jarrad,au
uae-tour:2026,4,finn-fisher-black,red-bull-bora-hansgrohe-2026,FISHER-BLACK Finn,nz
uae-tour:2026,5,emil-herzog,red-bull-bora-hansgrohe-2026,HERZOG Emil,de
uae-tour:2026,6,gianni-moscon,red-bull-bora-hansgrohe-2026,MOSCON Gianni,it
uae-tour:2026,7,callum-thornley,red-bull-bora-hansgrohe-2026,THORNLEY Callum,gb
uae-tour:2026,11,simon-dehairs,alpecin-premier-tech-2026,DEHAIRS Simon,be
uae-tour:2026,12,silvan-dillier,alpecin-premier-tech-2026,DILLIER Silvan,ch
uae-tour:2026,13,jonas-geens,alpecin-premier-tech-2026,GEENS Jonas,be
uae-tour:2026,14,jonas-rickaert,alpecin-premier-tech-2026,RICKAERT Jonas,be
uae-tour:2026,15,florian-senechal,alpecin-premier-tech-2026,SÉNÉCHAL Florian,fr
uae-tour:2026,16,gerben-thijssen,alpecin-premier-tech-2026,THIJSSEN Gerben,be
uae-tour:2026,17,luca-vergallito,alpecin-premier-tech-2026,VERGALLITO Luca,it
uae-tour:2026,21,antonio-tiberi,bahrain-victorious-2026,TIBERI Antonio,it
uae-tour:2026,22,nikias-arndt,bahrain-victorious-2026,ARNDT Nikias,de
uae-tour:2026,23,damiano-caruso,bahrain-victorious-2026,CARUSO Damiano,it
uae-tour:2026,24,rainer-kepplinger,bahrain-victorious-2026,KEPPLINGER Rainer,at
uae-tour:2026,25,afonso-eulalio,bahrain-victorious-2026,EULÁLIO Afonso,pt
uae-tour:2026,26,mathijs-paasschens,bahrain-victorious-2026,PAASSCHENS Mathijs,nl
uae-tour:2026,27,daniel-skerl,bahrain-victorious-2026,SKERL Daniel,it
uae-tour:2026,31,felix-gall,decathlon-cma-cgm-team-2026,GALL Felix,at
uae-tour:2026,32,stefan-bissegger,decathlon-cma-cgm-team-2026,BISSEGGER Stefan,ch
uae-tour:2026,33,cees-bol,decathlon-cma-cgm-team-2026,BOL Cees,nl
uae-tour:2026,34,robbe-ghys,decathlon-cma-cgm-team-2026,GHYS Robbe,be
uae-tour:2026,35,daan-hoole,decathlon-cma-cgm-team-2026,HOOLE Daan,nl
uae-tour:2026,36,gregor-muhlberger,decathlon-cma-cgm-team-2026,MÜHLBERGER Gregor,at
uae-tour:2026,37,gianluca-pollefliet,decathlon-cma-cgm-team-2026,POLLEFLIET Gianluca,be
uae-tour:2026,41,sean-quinn,ef-education-easypost-2026,QUINN Sean,us
uae-tour:2026,42,markel-beloki,ef-education-easypost-2026,BELOKI Markel,es
uae-tour:2026,43,alastair-mackellar,ef-education-easypost-2026,MACKELLAR Alastair,au
uae-tour:2026,44,madis-mihkels,ef-education-easypost-2026,MIHKELS Madis,ee
uae-tour:2026,45,matthias-schwarzbacher,ef-education-easypost-2026,SCHWARZBACHER Matthias,sk
uae-tour:2026,46,georg-steinhauser,ef-education-easypost-2026,STEINHAUSER Georg,de
uae-tour:2026,47,jardi-christiaan-van-der-lee,ef-education-easypost-2026,VAN DER LEE Jardi Christiaan,nl
uae-tour:2026,51,david-gaudu,groupama-fdj-united-2026,GAUDU David,fr
uae-tour:2026,52,lewis-bower,groupama-fdj-united-2026,BOWER Lewis,nz
uae-tour:2026,53,remi-cavagna,groupama-fdj-united-2026,CAVAGNA Rémi,fr
uae-tour:2026,54,axel-huens,groupama-fdj-united-2026,HUENS Axel,fr
uae-tour:2026,55,johan-jacobs,groupama-fdj-united-2026,JACOBS Johan,ch
uae-tour:2026,56,matteo-milan,groupama-fdj-united-2026,MILAN Matteo,it
uae-tour:2026,57,enzo-paleni,groupama-fdj-united-2026,PALENI Enzo,fr
uae-tour:2026,61,joshua-tarling,ineos-grenadiers-2026,TARLING Joshua,gb
uae-tour:2026,62,peter-oxenberg-hansen,ineos-grenadiers-2026,ØXENBERG Peter,dk
uae-tour:2026,63,artem-shmidt,ineos-grenadiers-2026,SHMIDT Artem,us
uae-tour:2026,64,embret-svestad-bardseng,ineos-grenadiers-2026,SVESTAD-BÅRDSENG Embret,no
uae-tour:2026,65,ben-swift,ineos-grenadiers-2026,SWIFT Ben,gb
uae-tour:2026,66,connor-swift,ineos-grenadiers-2026,SWIFT Connor,gb
uae-tour:2026,67,sam-welsford,ineos-grenadiers-2026,WELSFORD Sam,au
uae-tour:2026,71,jonathan-milan,lidl-trek-2026,MILAN Jonathan,it
uae-tour:2026,72,simone-consonni,lidl-trek-2026,CONSONNI Simone,it
uae-tour:2026,73,derek-gee,lidl-trek-2026,GEE-WEST Derek,ca
uae-tour:2026,74,amanuel-ghebreigzabhier,lidl-trek-2026,GHEBREIGZABHIER Amanuel,er
uae-tour:2026,75,patrick-konrad,lidl-trek-2026,KONRAD Patrick,at
uae-tour:2026,76,edward-theuns,lidl-trek-2026,THEUNS Edward,be
uae-tour:2026,77,max-walscheid,lidl-trek-2026,WALSCHEID Max,de
uae-tour:2026,81,lennert-van-eetvelt,lotto-intermarche-2026,VAN EETVELT Lennert,be
uae-tour:2026,82,jasper-de-buyst,lotto-intermarche-2026,DE BUYST Jasper,be
uae-tour:2026,83,steffen-de-schuyteneer,lotto-intermarche-2026,DE SCHUYTENEER Steffen,be
uae-tour:2026,84,simone-gualdi,lotto-intermarche-2026,GUALDI Simone,it
uae-tour:2026,85,felix-orn-kristoff,lotto-intermarche-2026,ØRN-KRISTOFF Felix,no
uae-tour:2026,86,roel-van-sintmaartensdijk,lotto-intermarche-2026,VAN SINTMAARTENSDIJK Roel,nl
uae-tour:2026,87,baptiste-veistroffer,lotto-intermarche-2026,VEISTROFFER Baptiste,fr
uae-tour:2026,91,stefan-de-bod,modern-adventure-pro-cycling-2026,DE BOD Stefan,za
uae-tour:2026,92,sean-christian,modern-adventure-pro-cycling-2026,CHRISTIAN Sean,us
uae-tour:2026,93,cole-kessler,modern-adventure-pro-cycling-2026,KESSLER Cole,us
uae-tour:2026,94,byron-munton,modern-adventure-pro-cycling-2026,MUNTON Byron,za
uae-tour:2026,95,ezra-caudell,modern-adventure-pro-cycling-2026,CAUDELL Ezra,us
uae-tour:2026,96,riley-pickrell,modern-adventure-pro-cycling-2026,PICKRELL Riley,ca
uae-tour:2026,97,mark-stewart,modern-adventure-pro-cycling-2026,STEWART Mark,gb
uae-tour:2026,101,nairo-quintana,movistar-team-2026,QUINTANA Nairo,co
uae-tour:2026,102,pablo-castrillo-zapater,movistar-team-2026,CASTRILLO Pablo,es
uae-tour:2026,103,lorenzo-milesi,movistar-team-2026,MILESI Lorenzo,it
uae-tour:2026,104,manlio-moro,movistar-team-2026,MORO Manlio,it
uae-tour:2026,105,pavel-novak,movistar-team-2026,NOVÁK Pavel,cz
uae-tour:2026,107,albert-torres,movistar-team-2026,TORRES Albert,es
uae-tour:2026,111,george-bennett,nsn-cycling-team-2026,BENNETT George,nz
uae-tour:2026,112,pier-andre-cote,nsn-cycling-team-2026,CÔTÉ Pier-André,ca
uae-tour:2026,113,jan-hirt,nsn-cycling-team-2026,HIRT Jan,cz
uae-tour:2026,114,ryan-mullen,nsn-cycling-team-2026,MULLEN Ryan,ie
uae-tour:2026,115,nadav-raisberg,nsn-cycling-team-2026,RAISBERG Nadav,il
uae-tour:2026,116,dion-smith,nsn-cycling-team-2026,SMITH Dion,nz
uae-tour:2026,117,ethan-vernon,nsn-cycling-team-2026,VERNON Ethan,gb
uae-tour:2026,121,edward-irl-dunbar,pinarello-q365-pro-cycling-team-2026,DUNBAR Eddie,ie
uae-tour:2026,122,chris-harper,pinarello-q365-pro-cycling-team-2026,HARPER Chris,au
uae-tour:2026,123,emmanuel-houcou,pinarello-q365-pro-cycling-team-2026,HOUCOU Emmanuel,fr
uae-tour:2026,124,damien-howson,pinarello-q365-pro-cycling-team-2026,HOWSON Damien,au
uae-tour:2026,125,nicolo-parisini,pinarello-q365-pro-cycling-team-2026,PARISINI Nicolò,it
uae-tour:2026,126,harm-vanhoucke,pinarello-q365-pro-cycling-team-2026,VANHOUCKE Harm,be
uae-tour:2026,127,nickolas-zukowsky,pinarello-q365-pro-cycling-team-2026,ZUKOWSKY Nickolas,ca
uae-tour:2026,131,ilan-van-wilder,soudal-quick-step-2026,VAN WILDER Ilan,be
uae-tour:2026,132,ayco-bastiaens,soudal-quick-step-2026,BASTIAENS Ayco,be
uae-tour:2026,133,alberto-dainese,soudal-quick-step-2026,DAINESE Alberto,it
uae-tour:2026,134,ethan-hayter,soudal-quick-step-2026,HAYTER Ethan,gb
uae-tour:2026,135,junior-lecerf,soudal-quick-step-2026,LECERF Junior,be
uae-tour:2026,136,bert-van-lerberghe,soudal-quick-step-2026,VAN LERBERGHE Bert,be
uae-tour:2026,137,warre-vangheluwe,soudal-quick-step-2026,VANGHELUWE Warre,be
uae-tour:2026,141,ben-o-connor,team-jayco-alula-2026,O'CONNOR Ben,au
uae-tour:2026,142,luke-durbridge,team-jayco-alula-2026,DURBRIDGE Luke,au
uae-tour:2026,143,patrick-gamper,team-jayco-alula-2026,GAMPER Patrick,at
uae-tour:2026,144,luka-mezgec,team-jayco-alula-2026,MEZGEC Luka,si
uae-tour:2026,145,finlay-pickering,team-jayco-alula-2026,PICKERING Finlay,gb
uae-tour:2026,146,luke-plapp,team-jayco-alula-2026,PLAPP Luke,au
uae-tour:2026,147,rudy-porter,team-jayco-alula-2026,PORTER Rudy,au
uae-tour:2026,151,fabio-jakobsen,team-picnic-postnl-2026,JAKOBSEN Fabio,nl
uae-tour:2026,152,matthew-dinham,team-picnic-postnl-2026,DINHAM Matthew,au
uae-tour:2026,153,mattia-gaffuri,team-picnic-postnl-2026,GAFFURI Mattia,it
uae-tour:2026,154,james-knox,team-picnic-postnl-2026,KNOX James,gb
uae-tour:2026,155,niklas-markl,team-picnic-postnl-2026,MÄRKL Niklas,de
uae-tour:2026,156,tim-naberman,team-picnic-postnl-2026,NABERMAN Tim,nl
uae-tour:2026,157,casper-van-uden,team-picnic-postnl-2026,VAN UDEN Casper,nl
uae-tour:2026,161,wilco-kelderman,team-visma-lease-a-bike-2026,KELDERMAN Wilco,nl
uae-tour:2026,162,owain-doull,team-visma-lease-a-bike-2026,DOULL Owain,gb
uae-tour:2026,163,tijmen-graat,team-visma-lease-a-bike-2026,GRAAT Tijmen,nl
uae-tour:2026,164,steven-kruijswijk,team-visma-lease-a-bike-2026,KRUIJSWIJK Steven,nl
uae-tour:2026,165,pietro-mattio,team-visma-lease-a-bike-2026,MATTIO Pietro,it
uae-tour:2026,166,jorgen-nordhagen,team-visma-lease-a-bike-2026,NORDHAGEN Jørgen,no
uae-tour:2026,167,ben-tulett,team-visma-lease-a-bike-2026,TULETT Ben,gb
uae-tour:2026,171,michael-storer,tudor-pro-cycling-team-2026,STORER Michael,au
uae-tour:2026,172,robin-froidevaux,tudor-pro-cycling-team-2026,FROIDEVAUX Robin,ch
uae-tour:2026,173,arthur-kluckers,tudor-pro-cycling-team-2026,KLUCKERS Arthur,lu
uae-tour:2026,174,sebastian-kolze-changizi,tudor-pro-cycling-team-2026,KOLZE CHANGIZI Sebastian,dk
uae-tour:2026,175,aivaras-mikutis,tudor-pro-cycling-team-2026,MIKUTIS Aivaras,lt
uae-tour:2026,176,mathys-rondel,tudor-pro-cycling-team-2026,RONDEL Mathys,fr
uae-tour:2026,177,hannes-wilksch,tudor-pro-cycling-team-2026,WILKSCH Hannes,de
uae-tour:2026,181,isaac-del-toro,uae-team-emirates-xrg-2026,DEL TORO Isaac,mx
uae-tour:2026,182,rune-herregodts,uae-team-emirates-xrg-2026,HERREGODTS Rune,be
uae-tour:2026,183,juan-sebastian-molano,uae-team-emirates-xrg-2026,MOLANO Juan Sebastián,co
uae-tour:2026,184,nils-politt,uae-team-emirates-xrg-2026,POLITT Nils,de
uae-tour:2026,185,kevin-vermaerke,uae-team-emirates-xrg-2026,VERMAERKE Kevin,us
uae-tour:2026,186,florian-vermeersch,uae-team-emirates-xrg-2026,VERMEERSCH Florian,be
uae-tour:2026,187,adam-yates,uae-team-emirates-xrg-2026,YATES Adam,gb
uae-tour:2026,191,anders-halland-johannessen,uno-x-mobility-2026,JOHANNESSEN Anders Halland,no
uae-tour:2026,192,carl-frederik-bevort,uno-x-mobility-2026,BÉVORT Carl-Frederik,dk
uae-tour:2026,193,erlend-blikra,uno-x-mobility-2026,BLIKRA Erlend,no
uae-tour:2026,194,martin-urianstad,uno-x-mobility-2026,URIANSTAD BUGGE Martin,no
uae-tour:2026,195,anthon-charmig,uno-x-mobility-2026,CHARMIG Anthon,dk
uae-tour:2026,196,tobias-halland-johannessen,uno-x-mobility-2026,JOHANNESSEN Tobias Halland,no
uae-tour:2026,197,anders-skaarseth,uno-x-mobility-2026,SKAARSETH Anders,no
uae-tour:2026,201,matteo-malucelli,xds-astana-team-2026,MALUCELLI Matteo,it
uae-tour:2026,202,lev-gonov,xds-astana-team-2026,GONOV Lev,ru
uae-tour:2026,203,sergio-higuita,xds-astana-team-2026,HIGUITA Sergio,co
uae-tour:2026,204,harold-martin-lopez,xds-astana-team-2026,LÓPEZ Harold Martín,ec
uae-tour:2026,205,alessandro-romele,xds-astana-team-2026,ROMELE Alessandro,it
uae-tour:2026,206,gleb-syritsa,xds-astana-team-2026,SYRITSA Gleb,ru
uae-tour:2026,207,harold-tejada,xds-astana-team-2026,TEJADA Harold,co
volta-a-catalunya:2026,1,remco-evenepoel,red-bull-bora-hansgrohe-2026,EVENEPOEL Remco,be
volta-a-catalunya:2026,2,florian-lipowitz,red-bull-bora-hansgrohe-2026,LIPOWITZ Florian,de
volta-a-catalunya:2026,3,jai-hindley,red-bull-bora-hansgrohe-2026,HINDLEY Jai,au
volta-a-catalunya:2026,4,luke-tuckwell,red-bull-bora-hansgrohe-2026,TUCKWELL Luke,au
volta-a-catalunya:2026,5,nico-denz,red-bull-bora-hansgrohe-2026,DENZ Nico,de
volta-a-catalunya:2026,6,mattia-cattaneo,red-bull-bora-hansgrohe-2026,CATTANEO Mattia,it
volta-a-catalunya:2026,7,frederik-wandahl,red-bull-bora-hansgrohe-2026,WANDAHL Frederik,dk
volta-a-catalunya:2026,11,joao-almeida,uae-team-emirates-xrg-2026,ALMEIDA João,pt
volta-a-catalunya:2026,12,jay-vine,uae-team-emirates-xrg-2026,VINE Jay,au
volta-a-catalunya:2026,13,brandon-mcnulty,uae-team-emirates-xrg-2026,MCNULTY Brandon,us
volta-a-catalunya:2026,14,marc-soler,uae-team-emirates-xrg-2026,SOLER Marc,es
volta-a-catalunya:2026,15,ivo-emanuel-alves,uae-team-emirates-xrg-2026,OLIVEIRA Ivo,pt
volta-a-catalunya:2026,16,filippo-baroncini,uae-team-emirates-xrg-2026,BARONCINI Filippo,it
volta-a-catalunya:2026,17,adria-pericas-capdevila,uae-team-emirates-xrg-2026,PERICAS Adrià,es
volta-a-catalunya:2026,21,jonas-vingegaard,team-visma-lease-a-bike-2026,VINGEGAARD Jonas,dk
volta-a-catalunya:2026,22,sepp-kuss,team-visma-lease-a-bike-2026,KUSS Sepp,us
volta-a-catalunya:2026,23,davide-piganzoli,team-visma-lease-a-bike-2026,PIGANZOLI Davide,it
volta-a-catalunya:2026,24,bruno-armirail,team-visma-lease-a-bike-2026,ARMIRAIL Bruno,fr
volta-a-catalunya:2026,25,jorgen-nordhagen,team-visma-lease-a-bike-2026,NORDHAGEN Jørgen,no
volta-a-catalunya:2026,26,bart-lemmen,team-visma-lease-a-bike-2026,LEMMEN Bart,nl
volta-a-catalunya:2026,27,menno-huising,team-visma-lease-a-bike-2026,HUISING Menno,nl
volta-a-catalunya:2026,31,carlos-verona,lidl-trek-2026,VERONA Carlos,es
volta-a-catalunya:2026,32,giulio-ciccone,lidl-trek-2026,CICCONE Giulio,it
volta-a-catalunya:2026,33,mattias-skjelmose-jensen,lidl-trek-2026,SKJELMOSE Mattias,dk
volta-a-catalunya:2026,34,derek-gee,lidl-trek-2026,GEE-WEST Derek,ca
volta-a-catalunya:2026,35,tao-geoghegan-hart,lidl-trek-2026,GEOGHEGAN HART Tao,gb
volta-a-catalunya:2026,36,sam-oomen,lidl-trek-2026,OOMEN Sam,nl
volta-a-catalunya:2026,37,jacopo-mosca,lidl-trek-2026,MOSCA Jacopo,it
volta-a-catalunya:2026,41,lorenzo-fortunato,xds-astana-team-2026,FORTUNATO Lorenzo,it
volta-a-catalunya:2026,42,harold-martin-lopez,xds-astana-team-2026,LÓPEZ Harold Martín,ec
volta-a-catalunya:2026,43,guillermo-thomas-silva-coussan,xds-astana-team-2026,SILVA Guillermo Thomas,uy
volta-a-catalunya:2026,44,cristian-rodriguez,xds-astana-team-2026,RODRÍGUEZ Cristián,es
volta-a-catalunya:2026,45,henok-mulubrhan,xds-astana-team-2026,MULUBRHAN Henok,er
volta-a-catalunya:2026,46,haoyu-su,xds-astana-team-2026,SU Haoyu,cn
volta-a-catalunya:2026,47,anton-kuzmin,xds-astana-team-2026,KUZMIN Anton,kz
volta-a-catalunya:2026,51,mikel-landa,soudal-quick-step-2026,LANDA Mikel,es
volta-a-catalunya:2026,52,filippo-zana,soudal-quick-step-2026,ZANA Filippo,it
volta-a-catalunya:2026,53,junior-lecerf,soudal-quick-step-2026,LECERF Junior,be
volta-a-catalunya:2026,54,alberto-dainese,soudal-quick-step-2026,DAINESE Alberto,it
volta-a-catalunya:2026,55,andrea-raccagni-noviero,soudal-quick-step-2026,RACCAGNI NOVIERO Andrea,it
volta-a-catalunya:2026,56,valentin-paret-peintre,soudal-quick-step-2026,PARET-PEINTRE Valentin,fr
volta-a-catalunya:2026,57,pascal-eenkhoorn,soudal-quick-step-2026,EENKHOORN Pascal,nl
volta-a-catalunya:2026,61,felix-gall,decathlon-cma-cgm-team-2026,GALL Felix,at
volta-a-catalunya:2026,62,matthew-riccitello,decathlon-cma-cgm-team-2026,RICCITELLO Matthew,us
volta-a-catalunya:2026,63,leo-bisiaux,decathlon-cma-cgm-team-2026,BISIAUX Léo,fr
volta-a-catalunya:2026,64,noa-isidore,decathlon-cma-cgm-team-2026,ISIDORE Noa,fr
volta-a-catalunya:2026,65,johannes-staune-mittet,decathlon-cma-cgm-team-2026,STAUNE-MITTET Johannes,no
volta-a-catalunya:2026,66,antoine-l-hote,decathlon-cma-cgm-team-2026,L'HOTE Antoine,fr
volta-a-catalunya:2026,67,callum-scotson,decathlon-cma-cgm-team-2026,SCOTSON Callum,au
volta-a-catalunya:2026,71,oscar-onley,ineos-grenadiers-2026,ONLEY Oscar,gb
volta-a-catalunya:2026,72,dorian-godon,ineos-grenadiers-2026,GODON Dorian,fr
volta-a-catalunya:2026,73,victor-langellotti,ineos-grenadiers-2026,LANGELLOTTI Victor,mc
volta-a-catalunya:2026,74,carlos-rodriguez-cano,ineos-grenadiers-2026,RODRÍGUEZ Carlos,es
volta-a-catalunya:2026,75,embret-svestad-bardseng,ineos-grenadiers-2026,SVESTAD-BÅRDSENG Embret,no
volta-a-catalunya:2026,76,bob-jungels,ineos-grenadiers-2026,JUNGELS Bob,lu
volta-a-catalunya:2026,77,laurens-de-plus,ineos-grenadiers-2026,DE PLUS Laurens,be
volta-a-catalunya:2026,81,francesco-busatto,alpecin-premier-tech-2026,BUSATTO Francesco,it
volta-a-catalunya:2026,82,henri-uhlig,alpecin-premier-tech-2026,UHLIG Henri,de
volta-a-catalunya:2026,83,gal-glivar,alpecin-premier-tech-2026,GLIVAR Gal,si
volta-a-catalunya:2026,84,ramses-debruyne,alpecin-premier-tech-2026,DEBRUYNE Ramses,be
volta-a-catalunya:2026,85,senna-remijn,alpecin-premier-tech-2026,REMIJN Senna,nl
volta-a-catalunya:2026,86,luca-vergallito,alpecin-premier-tech-2026,VERGALLITO Luca,it
volta-a-catalunya:2026,87,johan-price-pejtersen,alpecin-premier-tech-2026,PRICE-PEJTERSEN Johan,dk
volta-a-catalunya:2026,91,lenny-martinez,bahrain-victorious-2026,MARTINEZ Lenny,fr
volta-a-catalunya:2026,92,santiago-buitrago-sanchez,bahrain-victorious-2026,BUITRAGO Santiago,co
volta-a-catalunya:2026,93,afonso-eulalio,bahrain-victorious-2026,EULÁLIO Afonso,pt
volta-a-catalunya:2026,94,jakob-omrzel,bahrain-victorious-2026,OMRZEL Jakob,si
volta-a-catalunya:2026,95,matevz-govekar,bahrain-victorious-2026,GOVEKAR Matevž,si
volta-a-catalunya:2026,96,rainer-kepplinger,bahrain-victorious-2026,KEPPLINGER Rainer,at
volta-a-catalunya:2026,97,nikias-arndt,bahrain-victorious-2026,ARNDT Nikias,de
volta-a-catalunya:2026,101,andreas-leknessund,uno-x-mobility-2026,LEKNESSUND Andreas,no
volta-a-catalunya:2026,102,magnus-cort-nielsen,uno-x-mobility-2026,CORT Magnus,dk
volta-a-catalunya:2026,103,anthon-charmig,uno-x-mobility-2026,CHARMIG Anthon,dk
volta-a-catalunya:2026,104,anders-skaarseth,uno-x-mobility-2026,SKAARSETH Anders,no
volta-a-catalunya:2026,105,tobias-svarre,uno-x-mobility-2026,SVARRE Tobias,dk
volta-a-catalunya:2026,106,jonas-hem-hvideberg,uno-x-mobility-2026,HVIDEBERG Jonas Hem,no
volta-a-catalunya:2026,107,martin-urianstad,uno-x-mobility-2026,URIANSTAD BUGGE Martin,no
volta-a-catalunya:2026,111,richard-carapaz,ef-education-easypost-2026,CARAPAZ Richard,ec
volta-a-catalunya:2026,112,georg-steinhauser,ef-education-easypost-2026,STEINHAUSER Georg,de
volta-a-catalunya:2026,113,markel-beloki,ef-education-easypost-2026,BELOKI Markel,es
volta-a-catalunya:2026,114,michael-leonard1,ef-education-easypost-2026,LEONARD Michael,ca
volta-a-catalunya:2026,115,noah-hobbs,ef-education-easypost-2026,HOBBS Noah,gb
volta-a-catalunya:2026,116,jefferson-alexander-cepeda,ef-education-easypost-2026,CEPEDA Jefferson Alexander,ec
volta-a-catalunya:2026,117,darren-rafferty,ef-education-easypost-2026,RAFFERTY Darren,ie
volta-a-catalunya:2026,121,ethan-vernon,nsn-cycling-team-2026,VERNON Ethan,gb
volta-a-catalunya:2026,122,brady-gilmore,nsn-cycling-team-2026,GILMORE Brady,au
volta-a-catalunya:2026,123,jake-stewart,nsn-cycling-team-2026,STEWART Jake,gb
volta-a-catalunya:2026,124,pier-andre-cote,nsn-cycling-team-2026,CÔTÉ Pier-André,ca
volta-a-catalunya:2026,125,george-bennett,nsn-cycling-team-2026,BENNETT George,nz
volta-a-catalunya:2026,126,aleksey-lutsenko,nsn-cycling-team-2026,LUTSENKO Alexey,kz
volta-a-catalunya:2026,127,jan-hirt,nsn-cycling-team-2026,HIRT Jan,cz
volta-a-catalunya:2026,131,enric-mas,movistar-team-2026,MAS Enric,es
volta-a-catalunya:2026,132,cian-uijtdebroeks,movistar-team-2026,UIJTDEBROEKS Cian,be
volta-a-catalunya:2026,133,einer-rubio,movistar-team-2026,RUBIO Einer,co
volta-a-catalunya:2026,134,juan-pedro-lopez,movistar-team-2026,LÓPEZ Juan Pedro,es
volta-a-catalunya:2026,135,nairo-quintana,movistar-team-2026,QUINTANA Nairo,co
volta-a-catalunya:2026,136,pavel-novak,movistar-team-2026,NOVÁK Pavel,cz
volta-a-catalunya:2026,137,michel-hessmann,movistar-team-2026,HESSMANN Michel,de
volta-a-catalunya:2026,141,ben-o-connor,team-jayco-alula-2026,O'CONNOR Ben,au
volta-a-catalunya:2026,142,paul-double,team-jayco-alula-2026,DOUBLE Paul,gb
volta-a-catalunya:2026,143,felix-engelhardt,team-jayco-alula-2026,ENGELHARDT Felix,de
volta-a-catalunya:2026,144,rudy-porter,team-jayco-alula-2026,PORTER Rudy,au
volta-a-catalunya:2026,145,patrick-gamper,team-jayco-alula-2026,GAMPER Patrick,at
volta-a-catalunya:2026,146,christopher-juul-jensen,team-jayco-alula-2026,JUUL-JENSEN Christopher,dk
volta-a-catalunya:2026,147,koen-bouwman,team-jayco-alula-2026,BOUWMAN Koen,nl
volta-a-catalunya:2026,151,guillaume-martin,groupama-fdj-united-2026,MARTIN Guillaume,fr
volta-a-catalunya:2026,152,maxime-decomble,groupama-fdj-united-2026,DECOMBLE Maxime,fr
volta-a-catalunya:2026,153,david-gaudu,groupama-fdj-united-2026,GAUDU David,fr
volta-a-catalunya:2026,154,brieuc-rolland,groupama-fdj-united-2026,ROLLAND Brieuc,fr
volta-a-catalunya:2026,155,rudy-molard,groupama-fdj-united-2026,MOLARD Rudy,fr
volta-a-catalunya:2026,156,lorenzo-germani,groupama-fdj-united-2026,GERMANI Lorenzo,it
volta-a-catalunya:2026,157,josh-kench,groupama-fdj-united-2026,KENCH Josh,nz
volta-a-catalunya:2026,161,simone-gualdi,lotto-intermarche-2026,GUALDI Simone,it
volta-a-catalunya:2026,162,mathieu-kockelmann,lotto-intermarche-2026,KOCKELMANN Mathieu,lu
volta-a-catalunya:2026,163,toon-aerts,lotto-intermarche-2026,AERTS Toon,be
volta-a-catalunya:2026,164,matthew-fox2,lotto-intermarche-2026,FOX Matthew,au
volta-a-catalunya:2026,165,reuben-thompson,lotto-intermarche-2026,THOMPSON Reuben,nz
volta-a-catalunya:2026,166,liam-slock,lotto-intermarche-2026,SLOCK Liam,be
volta-a-catalunya:2026,167,baptiste-veistroffer,lotto-intermarche-2026,VEISTROFFER Baptiste,fr
volta-a-catalunya:2026,171,tom-pidcock,pinarello-q365-pro-cycling-team-2026,PIDCOCK Tom,gb
volta-a-catalunya:2026,172,sam-bennett,pinarello-q365-pro-cycling-team-2026,BENNETT Sam,ie
volta-a-catalunya:2026,173,damien-howson,pinarello-q365-pro-cycling-team-2026,HOWSON Damien,au
volta-a-catalunya:2026,174,david-gonzalez-lopez,pinarello-q365-pro-cycling-team-2026,GONZÁLEZ David,es
volta-a-catalunya:2026,175,harm-vanhoucke,pinarello-q365-pro-cycling-team-2026,VANHOUCKE Harm,be
volta-a-catalunya:2026,176,marcel-camprubi,pinarello-q365-pro-cycling-team-2026,CAMPRUBÍ Marcel,es
volta-a-catalunya:2026,177,david-de-la-cruz,pinarello-q365-pro-cycling-team-2026,DE LA CRUZ David,es
volta-a-catalunya:2026,181,abel-balderstone-roumens,caja-rural-seguros-rga-2026,BALDERSTONE Abel,es
volta-a-catalunya:2026,182,jan-castellon,caja-rural-seguros-rga-2026,CASTELLON Jan,es
volta-a-catalunya:2026,183,sebastian-berwick,caja-rural-seguros-rga-2026,BERWICK Sebastian,au
volta-a-catalunya:2026,184,jaume-guardeno,caja-rural-seguros-rga-2026,GUARDEÑO Jaume,es
volta-a-catalunya:2026,185,jose-felix-parra,caja-rural-seguros-rga-2026,PARRA José Félix,es
volta-a-catalunya:2026,186,julen-arriola-bengoa-beitia,caja-rural-seguros-rga-2026,ARRIOLABENGOA Julen,es
volta-a-catalunya:2026,187,sergi-darder,caja-rural-seguros-rga-2026,DARDER Sergi,es
volta-a-catalunya:2026,191,urko-berrade-fernandez,equipo-kern-pharma-2026,BERRADE Urko,es
volta-a-catalunya:2026,192,ivan-ramiro-sosa,equipo-kern-pharma-2026,SOSA Iván Ramiro,co
volta-a-catalunya:2026,193,jorge-gutierrez-gonzalez,equipo-kern-pharma-2026,GUTIÉRREZ Jorge,es
volta-a-catalunya:2026,194,mats-wenzel,equipo-kern-pharma-2026,WENZEL Mats,lu
volta-a-catalunya:2026,195,diego-uriarte-belzunegi,equipo-kern-pharma-2026,URIARTE Diego,es
volta-a-catalunya:2026,196,pablo-carrascosa,equipo-kern-pharma-2026,CARRASCOSA Pablo,es
volta-a-catalunya:2026,197,hugo-aznar,equipo-kern-pharma-2026,AZNAR Hugo,es
volta-a-catalunya:2026,201,jon-agirre,euskaltel-euskadi-2026,AGIRRE Jon,es
volta-a-catalunya:2026,202,mikel-bizkarra,euskaltel-euskadi-2026,BIZKARRA Mikel,es
volta-a-catalunya:2026,203,yago-aguirre,euskaltel-euskadi-2026,AGUIRRE Yago,es
volta-a-catalunya:2026,204,jokin-murguialday-elorza,euskaltel-euskadi-2026,MURGUIALDAY Jokin,es
volta-a-catalunya:2026,205,samuel-fernandez-heres,euskaltel-euskadi-2026,FERNÁNDEZ Samuel,es
volta-a-catalunya:2026,206,danny-van-der-tuuk,euskaltel-euskadi-2026,VAN DER TUUK Danny,pl
volta-a-catalunya:2026,207,unai-aznar-vijuesca,euskaltel-euskadi-2026,AZNAR Unai,es
volta-a-catalunya:2026,211,sergio-geovani-chumil-gonzalez,burgos-burpellet-bh-2026,CHUMIL Sergio Geovani,gt
volta-a-catalunya:2026,212,jose-manuel-diaz-gallego,burgos-burpellet-bh-2026,DÍAZ José Manuel,es
volta-a-catalunya:2026,213,merhawi-kudus,burgos-burpellet-bh-2026,KUDUS Merhawi,er
volta-a-catalunya:2026,214,jesus-herrada-lopez,burgos-burpellet-bh-2026,HERRADA Jesús,es
volta-a-catalunya:2026,215,jose-luis-faura-asensio,burgos-burpellet-bh-2026,FAURA José Luis,es
volta-a-catalunya:2026,216,mario-aparicio-munoz,burgos-burpellet-bh-2026,APARICIO Mario,es
volta-a-catalunya:2026,217,josh-burnett,burgos-burpellet-bh-2026,BURNETT Josh,nz
volta-a-catalunya:2026,221,stefan-de-bod,modern-adventure-pro-cycling-2026,DE BOD Stefan,za
volta-a-catalunya:2026,222,byron-munton,modern-adventure-pro-cycling-2026,MUNTON Byron,za
volta-a-catalunya:2026,223,riley-pickrell,modern-adventure-pro-cycling-2026,PICKRELL Riley,ca
volta-a-catalunya:2026,224,mark-stewart,modern-adventure-pro-cycling-2026,STEWART Mark,gb
volta-a-catalunya:2026,225,kieran-haug,modern-adventure-pro-cycling-2026,HAUG Kieran,us
volta-a-catalunya:2026,226,tyler-stites,modern-adventure-pro-cycling-2026,STITES Tyler,us
volta-a-catalunya:2026,227,samuel-florez-garces,modern-adventure-pro-cycling-2026,FLÓREZ Samuel,co
