Stage UID,Stage,Rank,Previous Stage Ranking,Change,Bib,Specialty,Rider,Age,Team,Points,Today,Bonis,Time,Delta
itzulia-basque-country:2026:1,1,1,,,61,,Seixas Paul,,,,,,,
itzulia-basque-country:2026:1,1,2,,,183,,Vauquelin Kévin,,,,,,,
itzulia-basque-country:2026:1,1,3,,,34,,Großschartner Felix,,,,,,,
itzulia-basque-country:2026:1,1,4,,,51,,Roglič Primož,,,,,,,
itzulia-basque-country:2026:1,1,5,,,6,,Van Wilder Ilan,,,,,,,
itzulia-basque-country:2026:1,1,6,,,53,,Lipowitz Florian,,,,,,,
itzulia-basque-country:2026:1,1,7,,,181,,August Andrew,,,,,,,
itzulia-basque-country:2026:1,1,8,,,32,,McNulty Brandon,,,,,,,
itzulia-basque-country:2026:1,1,9,,,46,,Skjelmose Mattias,,,,,,,
itzulia-basque-country:2026:1,1,10,,,177,,Leonard Michael,,,,,,,
itzulia-basque-country:2026:1,1,11,,,97,,Romo Javier,,,,,,,
itzulia-basque-country:2026:1,1,12,,,191,,Armirail Bruno,,,,,,,
itzulia-basque-country:2026:1,1,13,,,31,,del Toro Isaac,,,,,,,
itzulia-basque-country:2026:1,1,14,,,194,,Tulett Ben,,,,,,,
itzulia-basque-country:2026:1,1,15,,,4,,Vansevenant Mauri,,,,,,,
itzulia-basque-country:2026:2,2,1,1,,61,,Seixas Paul,,,,,,,
itzulia-basque-country:2026:2,2,2,4,,51,,Roglič Primož,,,,,,,
itzulia-basque-country:2026:2,2,3,9,,46,,Skjelmose Mattias,,,,,,,
itzulia-basque-country:2026:2,2,4,2,,183,,Vauquelin Kévin,,,,,,,
itzulia-basque-country:2026:2,2,5,6,,53,,Lipowitz Florian,,,,,,,
itzulia-basque-country:2026:2,2,6,3,,34,,Großschartner Felix,,,,,,,
itzulia-basque-country:2026:2,2,7,14,,194,,Tulett Ben,,,,,,,
itzulia-basque-country:2026:2,2,8,,,91,,Uijtdebroeks Cian,,,,,,,
itzulia-basque-country:2026:2,2,9,5,,6,,Van Wilder Ilan,,,,,,,
itzulia-basque-country:2026:2,2,10,,,7,,Hayter Ethan,,,,,,,
itzulia-basque-country:2026:2,2,11,,,176,,Baudin Alex,,,,,,,
itzulia-basque-country:2026:2,2,12,12,,191,,Armirail Bruno,,,,,,,
itzulia-basque-country:2026:2,2,13,,,141,,Izagirre Ion,,,,,,,
itzulia-basque-country:2026:2,2,14,7,,181,,August Andrew,,,,,,,
itzulia-basque-country:2026:2,2,15,13,,31,,del Toro Isaac,,,,,,,
itzulia-basque-country:2026:2,2,16,8,,32,,McNulty Brandon,,,,,,,
itzulia-basque-country:2026:2,2,17,,,11,,Champoussin Clément,,,,,,,
itzulia-basque-country:2026:2,2,18,,,14,,Tejada Harold,,,,,,,
itzulia-basque-country:2026:2,2,19,10,,177,,Leonard Michael,,,,,,,
itzulia-basque-country:2026:2,2,20,11,,97,,Romo Javier,,,,,,,
itzulia-basque-country:2026:2,2,21,,,41,,Ayuso Juan,,,,,,,
itzulia-basque-country:2026:2,2,22,,,156,,Bou Joan,,,,,,,
itzulia-basque-country:2026:2,2,23,,,172,,Beloki Markel,,,,,,,
itzulia-basque-country:2026:2,2,24,,,13,,Higuita Sergio,,,,,,,
itzulia-basque-country:2026:2,2,25,,,93,,López Juan Pedro,,,,,,,
itzulia-basque-country:2026:2,2,26,15,,4,,Vansevenant Mauri,,,,,,,
itzulia-basque-country:2026:3,3,1,1,,61,,Seixas Paul,,,,,,,
itzulia-basque-country:2026:3,3,2,,,185,,Laurance Axel,,,,,,,
itzulia-basque-country:2026:3,3,3,2,,51,,Roglič Primož,,,,,,,
itzulia-basque-country:2026:3,3,4,3,,46,,Skjelmose Mattias,,,,,,,
itzulia-basque-country:2026:3,3,5,9,,6,,Van Wilder Ilan,,,,,,,
itzulia-basque-country:2026:3,3,6,,,33,,Arrieta Igor,,,,,,,
itzulia-basque-country:2026:3,3,7,4,,183,,Vauquelin Kévin,,,,,,,
itzulia-basque-country:2026:3,3,8,5,,53,,Lipowitz Florian,,,,,,,
itzulia-basque-country:2026:3,3,9,7,,194,,Tulett Ben,,,,,,,
itzulia-basque-country:2026:3,3,10,,,95,,Tesfatsion Natnael,,,,,,,
itzulia-basque-country:2026:3,3,11,6,,34,,Großschartner Felix,,,,,,,
itzulia-basque-country:2026:3,3,12,8,,91,,Uijtdebroeks Cian,,,,,,,
itzulia-basque-country:2026:3,3,13,11,,176,,Baudin Alex,,,,,,,
itzulia-basque-country:2026:3,3,14,,,202,,Johannessen Tobias Halland,,,,,,,
itzulia-basque-country:2026:3,3,15,10,,7,,Hayter Ethan,,,,,,,
itzulia-basque-country:2026:3,3,16,,,215,,Thompson Reuben,,,,,,,
itzulia-basque-country:2026:3,3,17,,,173,,Shaw James,,,,,,,
itzulia-basque-country:2026:3,3,18,12,,191,,Armirail Bruno,,,,,,,
itzulia-basque-country:2026:3,3,19,13,,141,,Izagirre Ion,,,,,,,
itzulia-basque-country:2026:3,3,20,,,22,,Braz Afonso Clément,,,,,,,
itzulia-basque-country:2026:3,3,21,14,,181,,August Andrew,,,,,,,
itzulia-basque-country:2026:3,3,22,16,,32,,McNulty Brandon,,,,,,,
itzulia-basque-country:2026:3,3,23,17,,11,,Champoussin Clément,,,,,,,
itzulia-basque-country:2026:3,3,24,,,21,,Martin Guillaume,,,,,,,
itzulia-basque-country:2026:3,3,25,18,,14,,Tejada Harold,,,,,,,
itzulia-basque-country:2026:3,3,26,20,,97,,Romo Javier,,,,,,,
itzulia-basque-country:2026:3,3,27,19,,177,,Leonard Michael,,,,,,,
itzulia-basque-country:2026:3,3,28,,,175,,van der Lee Jardi Christiaan,,,,,,,
itzulia-basque-country:2026:3,3,29,21,,41,,Ayuso Juan,,,,,,,
itzulia-basque-country:2026:3,3,30,22,,156,,Bou Joan,,,,,,,
itzulia-basque-country:2026:3,3,31,23,,172,,Beloki Markel,,,,,,,
itzulia-basque-country:2026:3,3,32,24,,13,,Higuita Sergio,,,,,,,
itzulia-basque-country:2026:3,3,33,25,,93,,López Juan Pedro,,,,,,,
itzulia-basque-country:2026:3,3,34,,,12,,Fortunato Lorenzo,,,,,,,
itzulia-basque-country:2026:3,3,35,26,,4,,Vansevenant Mauri,,,,,,,
itzulia-basque-country:2026:4,4,1,1,,61,,Seixas Paul,,,,,,,
itzulia-basque-country:2026:4,4,2,2,,185,,Laurance Axel,,,,,,,
itzulia-basque-country:2026:4,4,3,6,,33,,Arrieta Igor,,,,,,,
itzulia-basque-country:2026:4,4,4,14,,202,,Johannessen Tobias Halland,,,,,,,
itzulia-basque-country:2026:4,4,5,3,,51,,Roglič Primož,,,,,,,
itzulia-basque-country:2026:4,4,6,4,,46,,Skjelmose Mattias,,,,,,,
itzulia-basque-country:2026:4,4,7,5,,6,,Van Wilder Ilan,,,,,,,
itzulia-basque-country:2026:4,4,8,,,142,,Aranburu Alex,,,,,,,
itzulia-basque-country:2026:4,4,9,19,,141,,Izagirre Ion,,,,,,,
itzulia-basque-country:2026:4,4,10,9,,194,,Tulett Ben,,,,,,,
itzulia-basque-country:2026:4,4,11,7,,183,,Vauquelin Kévin,,,,,,,
itzulia-basque-country:2026:4,4,12,24,,21,,Martin Guillaume,,,,,,,
itzulia-basque-country:2026:4,4,13,22,,32,,McNulty Brandon,,,,,,,
itzulia-basque-country:2026:4,4,14,8,,53,,Lipowitz Florian,,,,,,,
itzulia-basque-country:2026:4,4,15,,,16,,Scaroni Christian,,,,,,,
itzulia-basque-country:2026:4,4,16,10,,95,,Tesfatsion Natnael,,,,,,,
itzulia-basque-country:2026:4,4,17,11,,34,,Großschartner Felix,,,,,,,
itzulia-basque-country:2026:4,4,18,13,,176,,Baudin Alex,,,,,,,
itzulia-basque-country:2026:4,4,19,12,,91,,Uijtdebroeks Cian,,,,,,,
itzulia-basque-country:2026:4,4,20,15,,7,,Hayter Ethan,,,,,,,
itzulia-basque-country:2026:4,4,21,,,111,,Bilbao Pello,,,,,,,
itzulia-basque-country:2026:4,4,22,33,,93,,López Juan Pedro,,,,,,,
itzulia-basque-country:2026:4,4,23,16,,215,,Thompson Reuben,,,,,,,
itzulia-basque-country:2026:4,4,24,17,,173,,Shaw James,,,,,,,
itzulia-basque-country:2026:4,4,25,18,,191,,Armirail Bruno,,,,,,,
itzulia-basque-country:2026:4,4,26,20,,22,,Braz Afonso Clément,,,,,,,
itzulia-basque-country:2026:4,4,27,21,,181,,August Andrew,,,,,,,
itzulia-basque-country:2026:4,4,28,34,,12,,Fortunato Lorenzo,,,,,,,
itzulia-basque-country:2026:4,4,29,25,,14,,Tejada Harold,,,,,,,
itzulia-basque-country:2026:4,4,30,23,,11,,Champoussin Clément,,,,,,,
itzulia-basque-country:2026:4,4,31,26,,97,,Romo Javier,,,,,,,
itzulia-basque-country:2026:4,4,32,27,,177,,Leonard Michael,,,,,,,
itzulia-basque-country:2026:4,4,33,,,204,,Kron Andreas,,,,,,,
itzulia-basque-country:2026:4,4,34,,,124,,Verstrynge Emiel,,,,,,,
itzulia-basque-country:2026:4,4,35,28,,175,,van der Lee Jardi Christiaan,,,,,,,
itzulia-basque-country:2026:4,4,36,,,102,,Dinham Matthew,,,,,,,
itzulia-basque-country:2026:4,4,37,30,,156,,Bou Joan,,,,,,,
itzulia-basque-country:2026:4,4,38,31,,172,,Beloki Markel,,,,,,,
itzulia-basque-country:2026:4,4,39,35,,4,,Vansevenant Mauri,,,,,,,
itzulia-basque-country:2026:5,5,1,1,,61,,Seixas Paul,,,,,,,
itzulia-basque-country:2026:5,5,2,4,,202,,Johannessen Tobias Halland,,,,,,,
itzulia-basque-country:2026:5,5,3,14,,53,,Lipowitz Florian,,,,,,,
itzulia-basque-country:2026:5,5,4,9,,141,,Izagirre Ion,,,,,,,
itzulia-basque-country:2026:5,5,5,3,,33,,Arrieta Igor,,,,,,,
itzulia-basque-country:2026:5,5,6,5,,51,,Roglič Primož,,,,,,,
itzulia-basque-country:2026:5,5,7,11,,183,,Vauquelin Kévin,,,,,,,
itzulia-basque-country:2026:5,5,8,6,,46,,Skjelmose Mattias,,,,,,,
itzulia-basque-country:2026:5,5,9,7,,6,,Van Wilder Ilan,,,,,,,
itzulia-basque-country:2026:5,5,10,8,,142,,Aranburu Alex,,,,,,,
itzulia-basque-country:2026:5,5,11,31,,97,,Romo Javier,,,,,,,
itzulia-basque-country:2026:5,5,12,18,,176,,Baudin Alex,,,,,,,
itzulia-basque-country:2026:5,5,13,10,,194,,Tulett Ben,,,,,,,
itzulia-basque-country:2026:5,5,14,19,,91,,Uijtdebroeks Cian,,,,,,,
itzulia-basque-country:2026:5,5,15,12,,21,,Martin Guillaume,,,,,,,
itzulia-basque-country:2026:5,5,16,13,,32,,McNulty Brandon,,,,,,,
itzulia-basque-country:2026:5,5,17,29,,14,,Tejada Harold,,,,,,,
itzulia-basque-country:2026:5,5,18,21,,111,,Bilbao Pello,,,,,,,
itzulia-basque-country:2026:5,5,19,15,,16,,Scaroni Christian,,,,,,,
itzulia-basque-country:2026:5,5,20,16,,95,,Tesfatsion Natnael,,,,,,,
itzulia-basque-country:2026:5,5,21,17,,34,,Großschartner Felix,,,,,,,
itzulia-basque-country:2026:5,5,22,30,,11,,Champoussin Clément,,,,,,,
itzulia-basque-country:2026:5,5,23,,,37,,Soler Marc,,,,,,,
itzulia-basque-country:2026:5,5,24,20,,7,,Hayter Ethan,,,,,,,
itzulia-basque-country:2026:5,5,25,22,,93,,López Juan Pedro,,,,,,,
itzulia-basque-country:2026:5,5,26,23,,215,,Thompson Reuben,,,,,,,
itzulia-basque-country:2026:5,5,27,24,,173,,Shaw James,,,,,,,
itzulia-basque-country:2026:5,5,28,25,,191,,Armirail Bruno,,,,,,,
itzulia-basque-country:2026:5,5,29,26,,22,,Braz Afonso Clément,,,,,,,
itzulia-basque-country:2026:5,5,30,27,,181,,August Andrew,,,,,,,
itzulia-basque-country:2026:5,5,31,28,,12,,Fortunato Lorenzo,,,,,,,
itzulia-basque-country:2026:5,5,32,,,171,,Healy Ben,,,,,,,
itzulia-basque-country:2026:5,5,33,32,,177,,Leonard Michael,,,,,,,
itzulia-basque-country:2026:5,5,34,33,,204,,Kron Andreas,,,,,,,
itzulia-basque-country:2026:5,5,35,35,,175,,van der Lee Jardi Christiaan,,,,,,,
itzulia-basque-country:2026:5,5,36,34,,124,,Verstrynge Emiel,,,,,,,
itzulia-basque-country:2026:5,5,37,,,65,,Prodhomme Nicolas,,,,,,,
itzulia-basque-country:2026:5,5,38,37,,156,,Bou Joan,,,,,,,
itzulia-basque-country:2026:5,5,39,36,,102,,Dinham Matthew,,,,,,,
itzulia-basque-country:2026:5,5,40,38,,172,,Beloki Markel,,,,,,,
itzulia-basque-country:2026:5,5,41,,,62,,Riccitello Matthew,,,,,,,
itzulia-basque-country:2026:5,5,42,,,87,,Ruiz Ibon,,,,,,,
itzulia-basque-country:2026:5,5,43,39,,4,,Vansevenant Mauri,,,,,,,
itzulia-basque-country:2026:6,6,1,1,,61,,Seixas Paul,,,,,,,
itzulia-basque-country:2026:6,6,2,2,,202,,Johannessen Tobias Halland,,,,,,,
itzulia-basque-country:2026:6,6,3,3,,53,,Lipowitz Florian,,,,,,,
itzulia-basque-country:2026:6,6,4,5,,33,,Arrieta Igor,,,,,,,
itzulia-basque-country:2026:6,6,5,4,,141,,Izagirre Ion,,,,,,,
itzulia-basque-country:2026:6,6,6,8,,46,,Skjelmose Mattias,,,,,,,
itzulia-basque-country:2026:6,6,7,30,,181,,August Andrew,,,,,,,
itzulia-basque-country:2026:6,6,8,7,,183,,Vauquelin Kévin,,,,,,,
itzulia-basque-country:2026:6,6,9,6,,51,,Roglič Primož,,,,,,,
itzulia-basque-country:2026:6,6,10,15,,21,,Martin Guillaume,,,,,,,
itzulia-basque-country:2026:6,6,11,11,,97,,Romo Javier,,,,,,,
itzulia-basque-country:2026:6,6,12,32,,171,,Healy Ben,,,,,,,
itzulia-basque-country:2026:6,6,13,12,,176,,Baudin Alex,,,,,,,
itzulia-basque-country:2026:6,6,14,,,94,,García Pierna Raúl,,,,,,,
itzulia-basque-country:2026:6,6,15,14,,91,,Uijtdebroeks Cian,,,,,,,
itzulia-basque-country:2026:6,6,16,18,,111,,Bilbao Pello,,,,,,,
itzulia-basque-country:2026:6,6,17,17,,14,,Tejada Harold,,,,,,,
itzulia-basque-country:2026:6,6,18,,,101,,van den Broek Frank,,,,,,,
itzulia-basque-country:2026:6,6,19,21,,34,,Großschartner Felix,,,,,,,
itzulia-basque-country:2026:6,6,20,22,,11,,Champoussin Clément,,,,,,,
itzulia-basque-country:2026:6,6,21,36,,124,,Verstrynge Emiel,,,,,,,
itzulia-basque-country:2026:6,6,22,,,126,,Glivar Gal,,,,,,,
itzulia-basque-country:2026:6,6,23,23,,37,,Soler Marc,,,,,,,
itzulia-basque-country:2026:6,6,24,,,197,,Fiorelli Filippo,,,,,,,
itzulia-basque-country:2026:6,6,25,27,,173,,Shaw James,,,,,,,
itzulia-basque-country:2026:6,6,26,26,,215,,Thompson Reuben,,,,,,,
itzulia-basque-country:2026:6,6,27,28,,191,,Armirail Bruno,,,,,,,
itzulia-basque-country:2026:6,6,28,,,17,,Velasco Simone,,,,,,,
itzulia-basque-country:2026:6,6,29,31,,12,,Fortunato Lorenzo,,,,,,,
itzulia-basque-country:2026:6,6,30,,,122,,Debruyne Ramses,,,,,,,
itzulia-basque-country:2026:6,6,31,33,,177,,Leonard Michael,,,,,,,
itzulia-basque-country:2026:6,6,32,34,,204,,Kron Andreas,,,,,,,
itzulia-basque-country:2026:6,6,33,,,151,,Barceló Fernando,,,,,,,
itzulia-basque-country:2026:6,6,34,40,,172,,Beloki Markel,,,,,,,
itzulia-basque-country:2026:6,6,35,,,35,,Novak Domen,,,,,,,
itzulia-basque-country:2026:6,6,36,41,,62,,Riccitello Matthew,,,,,,,
itzulia-basque-country:2026:6,6,37,42,,87,,Ruiz Ibon,,,,,,,
paris-nice:2026:1,1,1,,,161,,Lamperti Luke,,,,,,,
paris-nice:2026:1,1,2,,,212,,Braet Vito,,,,,,,
paris-nice:2026:1,1,3,,,72,,Aular Orluis,,,,,,,
paris-nice:2026:1,1,4,,,131,,Fretin Milan,,,,,,,
paris-nice:2026:1,1,5,,,91,,Girmay Biniam,,,,,,,
paris-nice:2026:1,1,6,,,201,,Plowright Jensen,,,,,,,
paris-nice:2026:1,1,7,,,125,,Teunissen Mike,,,,,,,
paris-nice:2026:1,1,8,,,114,,Gamper Patrick,,,,,,,
paris-nice:2026:1,1,9,,,175,,Løland Sakarias Koller,,,,,,,
paris-nice:2026:1,1,10,,,7,,Zingle Axel,,,,,,,
paris-nice:2026:1,1,11,,,84,,Pedersen Casper,,,,,,,
paris-nice:2026:1,1,12,,,112,,Donaldson Robert,,,,,,,
paris-nice:2026:1,1,13,,,113,,Durbridge Luke,,,,,,,
paris-nice:2026:2,2,1,1,,161,,Lamperti Luke,,,,,,,
paris-nice:2026:2,2,2,2,,212,,Braet Vito,,,,,,,
paris-nice:2026:2,2,3,,,124,,Kanter Max,,,,,,,
paris-nice:2026:2,2,4,,,13,,Pithie Laurence,,,,,,,
paris-nice:2026:2,2,5,,,85,,Stuyven Jasper,,,,,,,
paris-nice:2026:2,2,6,3,,72,,Aular Orluis,,,,,,,
paris-nice:2026:2,2,7,,,22,,Godon Dorian,,,,,,,
paris-nice:2026:2,2,8,4,,131,,Fretin Milan,,,,,,,
paris-nice:2026:2,2,9,5,,91,,Girmay Biniam,,,,,,,
paris-nice:2026:2,2,10,6,,201,,Plowright Jensen,,,,,,,
paris-nice:2026:2,2,11,,,146,,Pluimers Rick,,,,,,,
paris-nice:2026:2,2,12,7,,125,,Teunissen Mike,,,,,,,
paris-nice:2026:2,2,13,,,92,,Askey Lewis,,,,,,,
paris-nice:2026:2,2,14,8,,114,,Gamper Patrick,,,,,,,
paris-nice:2026:2,2,15,9,,175,,Løland Sakarias Koller,,,,,,,
paris-nice:2026:2,2,16,,,97,,Van Asbroeck Tom,,,,,,,
paris-nice:2026:2,2,17,10,,7,,Zingle Axel,,,,,,,
paris-nice:2026:2,2,18,,,67,,Russo Clément,,,,,,,
paris-nice:2026:2,2,19,,,41,,Ayuso Juan,,,,,,,
paris-nice:2026:2,2,20,11,,84,,Pedersen Casper,,,,,,,
paris-nice:2026:2,2,21,,,191,,Turgis Anthony,,,,,,,
paris-nice:2026:2,2,22,12,,112,,Donaldson Robert,,,,,,,
paris-nice:2026:2,2,23,13,,113,,Durbridge Luke,,,,,,,
paris-nice:2026:4,4,1,1,,161,,Lamperti Luke,,,,,,,
paris-nice:2026:4,4,2,2,,212,,Braet Vito,,,,,,,
paris-nice:2026:4,4,3,,,1,,Vingegaard Jonas,,,,,,,
paris-nice:2026:4,4,4,3,,124,,Kanter Max,,,,,,,
paris-nice:2026:4,4,5,4,,13,,Pithie Laurence,,,,,,,
paris-nice:2026:4,4,6,6,,85,,Stuyven Jasper,,,,,,,
paris-nice:2026:4,4,7,5,,72,,Aular Orluis,,,,,,,
paris-nice:2026:4,4,8,,,11,,Martínez Daniel Felipe,,,,,,,
paris-nice:2026:4,4,9,7,,22,,Godon Dorian,,,,,,,
paris-nice:2026:4,4,10,8,,131,,Fretin Milan,,,,,,,
paris-nice:2026:4,4,11,11,,201,,Plowright Jensen,,,,,,,
paris-nice:2026:4,4,12,9,,91,,Girmay Biniam,,,,,,,
paris-nice:2026:4,4,13,10,,146,,Pluimers Rick,,,,,,,
paris-nice:2026:4,4,14,12,,92,,Askey Lewis,,,,,,,
paris-nice:2026:4,4,15,13,,125,,Teunissen Mike,,,,,,,
paris-nice:2026:4,4,16,14,,114,,Gamper Patrick,,,,,,,
paris-nice:2026:4,4,17,,,15,,van Dijke Tim,,,,,,,
paris-nice:2026:4,4,18,16,,97,,Van Asbroeck Tom,,,,,,,
paris-nice:2026:4,4,19,15,,175,,Løland Sakarias Koller,,,,,,,
paris-nice:2026:4,4,20,,,16,,van Dijke Mick,,,,,,,
paris-nice:2026:4,4,21,17,,7,,Zingle Axel,,,,,,,
paris-nice:2026:4,4,22,18,,67,,Russo Clément,,,,,,,
paris-nice:2026:4,4,23,,,165,,Steinhauser Georg,,,,,,,
paris-nice:2026:4,4,24,20,,112,,Donaldson Robert,,,,,,,
paris-nice:2026:4,4,25,22,,191,,Turgis Anthony,,,,,,,
paris-nice:2026:4,4,26,21,,84,,Pedersen Casper,,,,,,,
paris-nice:2026:4,4,27,,,26,,Vauquelin Kévin,,,,,,,
paris-nice:2026:4,4,28,,,51,,Martinez Lenny,,,,,,,
paris-nice:2026:4,4,29,,,12,,Denz Nico,,,,,,,
paris-nice:2026:4,4,30,23,,113,,Durbridge Luke,,,,,,,
paris-nice:2026:4,4,31,,,61,,Gaudu David,,,,,,,
paris-nice:2026:4,4,32,,,37,,Soler Marc,,,,,,,
paris-nice:2026:5,5,1,1,,161,,Lamperti Luke,,,,,,,
paris-nice:2026:5,5,2,3,,1,,Vingegaard Jonas,,,,,,,
paris-nice:2026:5,5,3,2,,212,,Braet Vito,,,,,,,
paris-nice:2026:5,5,4,4,,124,,Kanter Max,,,,,,,
paris-nice:2026:5,5,5,8,,11,,Martínez Daniel Felipe,,,,,,,
paris-nice:2026:5,5,6,5,,13,,Pithie Laurence,,,,,,,
paris-nice:2026:5,5,7,7,,72,,Aular Orluis,,,,,,,
paris-nice:2026:5,5,8,6,,85,,Stuyven Jasper,,,,,,,
paris-nice:2026:5,5,9,9,,22,,Godon Dorian,,,,,,,
paris-nice:2026:5,5,10,10,,131,,Fretin Milan,,,,,,,
paris-nice:2026:5,5,11,12,,91,,Girmay Biniam,,,,,,,
paris-nice:2026:5,5,12,11,,201,,Plowright Jensen,,,,,,,
paris-nice:2026:5,5,13,13,,146,,Pluimers Rick,,,,,,,
paris-nice:2026:5,5,14,28,,51,,Martinez Lenny,,,,,,,
paris-nice:2026:5,5,15,,,81,,Paret-Peintre Valentin,,,,,,,
paris-nice:2026:5,5,16,14,,92,,Askey Lewis,,,,,,,
paris-nice:2026:5,5,17,15,,125,,Teunissen Mike,,,,,,,
paris-nice:2026:5,5,18,,,71,,Romeo Iván,,,,,,,
paris-nice:2026:5,5,19,16,,114,,Gamper Patrick,,,,,,,
paris-nice:2026:5,5,20,,,121,,Tejada Harold,,,,,,,
paris-nice:2026:5,5,21,17,,15,,van Dijke Tim,,,,,,,
paris-nice:2026:5,5,22,18,,97,,Van Asbroeck Tom,,,,,,,
paris-nice:2026:5,5,23,19,,175,,Løland Sakarias Koller,,,,,,,
paris-nice:2026:5,5,24,23,,165,,Steinhauser Georg,,,,,,,
paris-nice:2026:5,5,25,27,,26,,Vauquelin Kévin,,,,,,,
paris-nice:2026:5,5,26,21,,7,,Zingle Axel,,,,,,,
paris-nice:2026:5,5,27,20,,16,,van Dijke Mick,,,,,,,
paris-nice:2026:5,5,28,22,,67,,Russo Clément,,,,,,,
paris-nice:2026:5,5,29,,,134,,Izagirre Ion,,,,,,,
paris-nice:2026:5,5,30,,,77,,Milesi Lorenzo,,,,,,,
paris-nice:2026:5,5,31,26,,84,,Pedersen Casper,,,,,,,
paris-nice:2026:5,5,32,24,,112,,Donaldson Robert,,,,,,,
paris-nice:2026:5,5,33,25,,191,,Turgis Anthony,,,,,,,
paris-nice:2026:5,5,34,29,,12,,Denz Nico,,,,,,,
paris-nice:2026:5,5,35,,,17,,Vlasov Aleksandr,,,,,,,
paris-nice:2026:5,5,36,32,,37,,Soler Marc,,,,,,,
paris-nice:2026:5,5,37,,,141,,Rondel Mathys,,,,,,,
paris-nice:2026:6,6,1,1,,161,,Lamperti Luke,,,,,,,
paris-nice:2026:6,6,2,2,,1,,Vingegaard Jonas,,,,,,,
paris-nice:2026:6,6,3,9,,22,,Godon Dorian,,,,,,,
paris-nice:2026:6,6,4,6,,13,,Pithie Laurence,,,,,,,
paris-nice:2026:6,6,5,20,,121,,Tejada Harold,,,,,,,
paris-nice:2026:6,6,6,3,,212,,Braet Vito,,,,,,,
paris-nice:2026:6,6,7,16,,92,,Askey Lewis,,,,,,,
paris-nice:2026:6,6,8,4,,124,,Kanter Max,,,,,,,
paris-nice:2026:6,6,9,5,,11,,Martínez Daniel Felipe,,,,,,,
paris-nice:2026:6,6,10,15,,81,,Paret-Peintre Valentin,,,,,,,
paris-nice:2026:6,6,11,25,,26,,Vauquelin Kévin,,,,,,,
paris-nice:2026:6,6,12,8,,85,,Stuyven Jasper,,,,,,,
paris-nice:2026:6,6,13,7,,72,,Aular Orluis,,,,,,,
paris-nice:2026:6,6,14,,,133,,Coquard Bryan,,,,,,,
paris-nice:2026:6,6,15,12,,201,,Plowright Jensen,,,,,,,
paris-nice:2026:6,6,16,,,147,,Trentin Matteo,,,,,,,
paris-nice:2026:6,6,17,11,,91,,Girmay Biniam,,,,,,,
paris-nice:2026:6,6,18,14,,51,,Martinez Lenny,,,,,,,
paris-nice:2026:6,6,19,35,,17,,Vlasov Aleksandr,,,,,,,
paris-nice:2026:6,6,20,17,,125,,Teunissen Mike,,,,,,,
paris-nice:2026:6,6,21,,,25,,Tarling Joshua,,,,,,,
paris-nice:2026:6,6,22,19,,114,,Gamper Patrick,,,,,,,
paris-nice:2026:6,6,23,22,,97,,Van Asbroeck Tom,,,,,,,
paris-nice:2026:6,6,24,21,,15,,van Dijke Tim,,,,,,,
paris-nice:2026:6,6,25,23,,175,,Løland Sakarias Koller,,,,,,,
paris-nice:2026:6,6,26,24,,165,,Steinhauser Georg,,,,,,,
paris-nice:2026:6,6,27,27,,16,,van Dijke Mick,,,,,,,
paris-nice:2026:6,6,28,26,,7,,Zingle Axel,,,,,,,
paris-nice:2026:6,6,29,28,,67,,Russo Clément,,,,,,,
paris-nice:2026:6,6,30,29,,134,,Izagirre Ion,,,,,,,
paris-nice:2026:6,6,31,,,163,,Baudin Alex,,,,,,,
paris-nice:2026:6,6,32,,,33,,Arrieta Igor,,,,,,,
paris-nice:2026:6,6,33,32,,112,,Donaldson Robert,,,,,,,
paris-nice:2026:6,6,34,33,,191,,Turgis Anthony,,,,,,,
paris-nice:2026:6,6,35,30,,77,,Milesi Lorenzo,,,,,,,
paris-nice:2026:6,6,36,31,,84,,Pedersen Casper,,,,,,,
paris-nice:2026:6,6,37,34,,12,,Denz Nico,,,,,,,
paris-nice:2026:6,6,38,,,145,,Kluckers Arthur,,,,,,,
paris-nice:2026:6,6,39,36,,37,,Soler Marc,,,,,,,
paris-nice:2026:6,6,40,37,,141,,Rondel Mathys,,,,,,,
paris-nice:2026:7,7,1,3,,22,,Godon Dorian,,,,,,,
paris-nice:2026:7,7,2,1,,161,,Lamperti Luke,,,,,,,
paris-nice:2026:7,7,3,4,,13,,Pithie Laurence,,,,,,,
paris-nice:2026:7,7,4,2,,1,,Vingegaard Jonas,,,,,,,
paris-nice:2026:7,7,5,5,,121,,Tejada Harold,,,,,,,
paris-nice:2026:7,7,6,6,,212,,Braet Vito,,,,,,,
paris-nice:2026:7,7,7,7,,92,,Askey Lewis,,,,,,,
paris-nice:2026:7,7,8,17,,91,,Girmay Biniam,,,,,,,
paris-nice:2026:7,7,9,9,,11,,Martínez Daniel Felipe,,,,,,,
paris-nice:2026:7,7,10,12,,85,,Stuyven Jasper,,,,,,,
paris-nice:2026:7,7,11,10,,81,,Paret-Peintre Valentin,,,,,,,
paris-nice:2026:7,7,12,11,,26,,Vauquelin Kévin,,,,,,,
paris-nice:2026:7,7,13,15,,201,,Plowright Jensen,,,,,,,
paris-nice:2026:7,7,14,13,,72,,Aular Orluis,,,,,,,
paris-nice:2026:7,7,15,16,,147,,Trentin Matteo,,,,,,,
paris-nice:2026:7,7,16,14,,133,,Coquard Bryan,,,,,,,
paris-nice:2026:7,7,17,20,,125,,Teunissen Mike,,,,,,,
paris-nice:2026:7,7,18,18,,51,,Martinez Lenny,,,,,,,
paris-nice:2026:7,7,19,19,,17,,Vlasov Aleksandr,,,,,,,
paris-nice:2026:7,7,20,21,,25,,Tarling Joshua,,,,,,,
paris-nice:2026:7,7,21,22,,114,,Gamper Patrick,,,,,,,
paris-nice:2026:7,7,22,23,,97,,Van Asbroeck Tom,,,,,,,
paris-nice:2026:7,7,23,,,103,,Bol Cees,,,,,,,
paris-nice:2026:7,7,24,25,,175,,Løland Sakarias Koller,,,,,,,
paris-nice:2026:7,7,25,26,,165,,Steinhauser Georg,,,,,,,
paris-nice:2026:7,7,26,27,,16,,van Dijke Mick,,,,,,,
paris-nice:2026:7,7,27,28,,7,,Zingle Axel,,,,,,,
paris-nice:2026:7,7,28,29,,67,,Russo Clément,,,,,,,
paris-nice:2026:7,7,29,30,,134,,Izagirre Ion,,,,,,,
paris-nice:2026:7,7,30,31,,163,,Baudin Alex,,,,,,,
paris-nice:2026:7,7,31,32,,33,,Arrieta Igor,,,,,,,
paris-nice:2026:7,7,32,33,,112,,Donaldson Robert,,,,,,,
paris-nice:2026:7,7,33,35,,77,,Milesi Lorenzo,,,,,,,
paris-nice:2026:7,7,34,36,,84,,Pedersen Casper,,,,,,,
paris-nice:2026:7,7,35,37,,12,,Denz Nico,,,,,,,
paris-nice:2026:7,7,36,38,,145,,Kluckers Arthur,,,,,,,
paris-nice:2026:7,7,37,39,,37,,Soler Marc,,,,,,,
paris-nice:2026:7,7,38,40,,141,,Rondel Mathys,,,,,,,
paris-nice:2026:7,7,39,,,27,,Watson Samuel,,,,,,,
paris-nice:2026:8,8,1,4,,1,,Vingegaard Jonas,,,,,,,
paris-nice:2026:8,8,2,1,,22,,Godon Dorian,,,,,,,
paris-nice:2026:8,8,3,5,,121,,Tejada Harold,,,,,,,
paris-nice:2026:8,8,4,3,,13,,Pithie Laurence,,,,,,,
paris-nice:2026:8,8,5,18,,51,,Martinez Lenny,,,,,,,
paris-nice:2026:8,8,6,12,,26,,Vauquelin Kévin,,,,,,,
paris-nice:2026:8,8,7,6,,212,,Braet Vito,,,,,,,
paris-nice:2026:8,8,8,7,,92,,Askey Lewis,,,,,,,
paris-nice:2026:8,8,9,9,,11,,Martínez Daniel Felipe,,,,,,,
paris-nice:2026:8,8,10,10,,85,,Stuyven Jasper,,,,,,,
paris-nice:2026:8,8,11,11,,81,,Paret-Peintre Valentin,,,,,,,
paris-nice:2026:8,8,12,13,,201,,Plowright Jensen,,,,,,,
paris-nice:2026:8,8,13,14,,72,,Aular Orluis,,,,,,,
paris-nice:2026:8,8,14,15,,147,,Trentin Matteo,,,,,,,
paris-nice:2026:8,8,15,17,,125,,Teunissen Mike,,,,,,,
paris-nice:2026:8,8,16,25,,165,,Steinhauser Georg,,,,,,,
paris-nice:2026:8,8,17,30,,163,,Baudin Alex,,,,,,,
paris-nice:2026:8,8,18,19,,17,,Vlasov Aleksandr,,,,,,,
paris-nice:2026:8,8,19,20,,25,,Tarling Joshua,,,,,,,
paris-nice:2026:8,8,20,21,,114,,Gamper Patrick,,,,,,,
paris-nice:2026:8,8,21,29,,134,,Izagirre Ion,,,,,,,
paris-nice:2026:8,8,22,22,,97,,Van Asbroeck Tom,,,,,,,
paris-nice:2026:8,8,23,24,,175,,Løland Sakarias Koller,,,,,,,
paris-nice:2026:8,8,24,26,,16,,van Dijke Mick,,,,,,,
paris-nice:2026:8,8,25,28,,67,,Russo Clément,,,,,,,
paris-nice:2026:8,8,26,31,,33,,Arrieta Igor,,,,,,,
paris-nice:2026:8,8,27,32,,112,,Donaldson Robert,,,,,,,
paris-nice:2026:8,8,28,33,,77,,Milesi Lorenzo,,,,,,,
paris-nice:2026:8,8,29,34,,84,,Pedersen Casper,,,,,,,
paris-nice:2026:8,8,30,38,,141,,Rondel Mathys,,,,,,,
paris-nice:2026:8,8,31,35,,12,,Denz Nico,,,,,,,
paris-nice:2026:8,8,32,36,,145,,Kluckers Arthur,,,,,,,
paris-nice:2026:8,8,33,37,,37,,Soler Marc,,,,,,,
paris-nice:2026:8,8,34,,,127,,Vinokurov Nicolas,,,,,,,
paris-nice:2026:8,8,35,39,,27,,Watson Samuel,,,,,,,
tirreno-adriatico:2026:1,1,1,,,71,,Ganna Filippo,,,,,,,
tirreno-adriatico:2026:1,1,2,,,72,,Arensman Thymen,,,,,,,
tirreno-adriatico:2026:1,1,3,,,87,,Walscheid Max,,,,,,,
tirreno-adriatico:2026:1,1,4,,,75,,Sheffield Magnus,,,,,,,
tirreno-adriatico:2026:1,1,5,,,85,,Milan Jonathan,,,,,,,
tirreno-adriatico:2026:1,1,6,,,166,,Hatherly Alan,,,,,,,
tirreno-adriatico:2026:1,1,7,,,131,,Roglič Primož,,,,,,,
tirreno-adriatico:2026:1,1,8,,,152,,Hayter Ethan,,,,,,,
tirreno-adriatico:2026:1,1,9,,,11,,Tiberi Antonio,,,,,,,
tirreno-adriatico:2026:1,1,10,,,211,,del Toro Isaac,,,,,,,
tirreno-adriatico:2026:2,2,1,1,,71,,Ganna Filippo,,,,,,,
tirreno-adriatico:2026:2,2,2,,,1,,van der Poel Mathieu,,,,,,,
tirreno-adriatico:2026:2,2,3,10,,211,,del Toro Isaac,,,,,,,
tirreno-adriatico:2026:2,2,4,2,,72,,Arensman Thymen,,,,,,,
tirreno-adriatico:2026:2,2,5,,,135,,Pellizzari Giulio,,,,,,,
tirreno-adriatico:2026:2,2,6,3,,87,,Walscheid Max,,,,,,,
tirreno-adriatico:2026:2,2,7,4,,75,,Sheffield Magnus,,,,,,,
tirreno-adriatico:2026:2,2,8,,,225,,Johannessen Tobias Halland,,,,,,,
tirreno-adriatico:2026:2,2,9,,,161,,Vendrame Andrea,,,,,,,
tirreno-adriatico:2026:2,2,10,5,,85,,Milan Jonathan,,,,,,,
tirreno-adriatico:2026:2,2,11,,,141,,Iacchi Alessandro,,,,,,,
tirreno-adriatico:2026:2,2,12,6,,166,,Hatherly Alan,,,,,,,
tirreno-adriatico:2026:2,2,13,,,115,,Pinarello Alessandro,,,,,,,
tirreno-adriatico:2026:2,2,14,7,,131,,Roglič Primož,,,,,,,
tirreno-adriatico:2026:2,2,15,,,81,,Ciccone Giulio,,,,,,,
tirreno-adriatico:2026:2,2,16,,,226,,Kron Andreas,,,,,,,
tirreno-adriatico:2026:2,2,17,8,,152,,Hayter Ethan,,,,,,,
tirreno-adriatico:2026:2,2,18,,,24,,Tarozzi Manuele,,,,,,,
tirreno-adriatico:2026:2,2,19,9,,11,,Tiberi Antonio,,,,,,,
tirreno-adriatico:2026:2,2,20,,,232,,Champoussin Clément,,,,,,,
tirreno-adriatico:2026:2,2,21,,,186,,Sevilla Diego Pablo,,,,,,,
tirreno-adriatico:2026:2,2,22,,,44,,Lapeira Paul,,,,,,,
tirreno-adriatico:2026:2,2,23,,,33,,Bou Joan,,,,,,,
tirreno-adriatico:2026:3,3,1,3,,211,,del Toro Isaac,,,,,,,
tirreno-adriatico:2026:3,3,2,2,,1,,van der Poel Mathieu,,,,,,,
tirreno-adriatico:2026:3,3,3,1,,71,,Ganna Filippo,,,,,,,
tirreno-adriatico:2026:3,3,4,,,41,,Andresen Tobias Lund,,,,,,,
tirreno-adriatico:2026:3,3,5,4,,72,,Arensman Thymen,,,,,,,
tirreno-adriatico:2026:3,3,6,10,,85,,Milan Jonathan,,,,,,,
tirreno-adriatico:2026:3,3,7,,,91,,De Lie Arnaud,,,,,,,
tirreno-adriatico:2026:3,3,8,9,,161,,Vendrame Andrea,,,,,,,
tirreno-adriatico:2026:3,3,9,5,,135,,Pellizzari Giulio,,,,,,,
tirreno-adriatico:2026:3,3,10,6,,87,,Walscheid Max,,,,,,,
tirreno-adriatico:2026:3,3,11,,,5,,Philipsen Jasper,,,,,,,
tirreno-adriatico:2026:3,3,12,7,,75,,Sheffield Magnus,,,,,,,
tirreno-adriatico:2026:3,3,13,8,,225,,Johannessen Tobias Halland,,,,,,,
tirreno-adriatico:2026:3,3,14,,,151,,Magnier Paul,,,,,,,
tirreno-adriatico:2026:3,3,15,,,104,,García Cortina Iván,,,,,,,
tirreno-adriatico:2026:3,3,16,11,,141,,Iacchi Alessandro,,,,,,,
tirreno-adriatico:2026:3,3,17,,,137,,van Poppel Danny,,,,,,,
tirreno-adriatico:2026:3,3,18,12,,166,,Hatherly Alan,,,,,,,
tirreno-adriatico:2026:3,3,19,13,,115,,Pinarello Alessandro,,,,,,,
tirreno-adriatico:2026:3,3,20,,,77,,Welsford Sam,,,,,,,
tirreno-adriatico:2026:3,3,21,14,,131,,Roglič Primož,,,,,,,
tirreno-adriatico:2026:3,3,22,15,,81,,Ciccone Giulio,,,,,,,
tirreno-adriatico:2026:3,3,23,16,,226,,Kron Andreas,,,,,,,
tirreno-adriatico:2026:3,3,24,17,,152,,Hayter Ethan,,,,,,,
tirreno-adriatico:2026:3,3,25,18,,24,,Tarozzi Manuele,,,,,,,
tirreno-adriatico:2026:3,3,26,,,113,,Kogut Oded,,,,,,,
tirreno-adriatico:2026:3,3,27,19,,11,,Tiberi Antonio,,,,,,,
tirreno-adriatico:2026:3,3,28,20,,232,,Champoussin Clément,,,,,,,
tirreno-adriatico:2026:3,3,29,21,,186,,Sevilla Diego Pablo,,,,,,,
tirreno-adriatico:2026:3,3,30,,,54,,Mihkels Madis,,,,,,,
tirreno-adriatico:2026:3,3,31,22,,44,,Lapeira Paul,,,,,,,
tirreno-adriatico:2026:3,3,32,,,17,,Zambanini Edoardo,,,,,,,
tirreno-adriatico:2026:3,3,33,,,172,,Bittner Pavel,,,,,,,
tirreno-adriatico:2026:3,3,34,23,,33,,Bou Joan,,,,,,,
tirreno-adriatico:2026:4,4,1,2,,1,,van der Poel Mathieu,,,,,,,
tirreno-adriatico:2026:4,4,2,9,,135,,Pellizzari Giulio,,,,,,,
tirreno-adriatico:2026:4,4,3,13,,225,,Johannessen Tobias Halland,,,,,,,
tirreno-adriatico:2026:4,4,4,3,,71,,Ganna Filippo,,,,,,,
tirreno-adriatico:2026:4,4,5,1,,211,,del Toro Isaac,,,,,,,
tirreno-adriatico:2026:4,4,6,8,,161,,Vendrame Andrea,,,,,,,
tirreno-adriatico:2026:4,4,7,4,,41,,Andresen Tobias Lund,,,,,,,
tirreno-adriatico:2026:4,4,8,5,,72,,Arensman Thymen,,,,,,,
tirreno-adriatico:2026:4,4,9,6,,85,,Milan Jonathan,,,,,,,
tirreno-adriatico:2026:4,4,10,7,,91,,De Lie Arnaud,,,,,,,
tirreno-adriatico:2026:4,4,11,28,,232,,Champoussin Clément,,,,,,,
tirreno-adriatico:2026:4,4,12,19,,115,,Pinarello Alessandro,,,,,,,
tirreno-adriatico:2026:4,4,13,11,,5,,Philipsen Jasper,,,,,,,
tirreno-adriatico:2026:4,4,14,10,,87,,Walscheid Max,,,,,,,
tirreno-adriatico:2026:4,4,15,12,,75,,Sheffield Magnus,,,,,,,
tirreno-adriatico:2026:4,4,16,14,,151,,Magnier Paul,,,,,,,
tirreno-adriatico:2026:4,4,17,,,191,,van Aert Wout,,,,,,,
tirreno-adriatico:2026:4,4,18,15,,104,,García Cortina Iván,,,,,,,
tirreno-adriatico:2026:4,4,19,,,37,,Otruba Jakub,,,,,,,
tirreno-adriatico:2026:4,4,20,16,,141,,Iacchi Alessandro,,,,,,,
tirreno-adriatico:2026:4,4,21,17,,137,,van Poppel Danny,,,,,,,
tirreno-adriatico:2026:4,4,22,,,53,,Healy Ben,,,,,,,
tirreno-adriatico:2026:4,4,23,18,,166,,Hatherly Alan,,,,,,,
tirreno-adriatico:2026:4,4,24,20,,77,,Welsford Sam,,,,,,,
tirreno-adriatico:2026:4,4,25,21,,131,,Roglič Primož,,,,,,,
tirreno-adriatico:2026:4,4,26,22,,81,,Ciccone Giulio,,,,,,,
tirreno-adriatico:2026:4,4,27,23,,226,,Kron Andreas,,,,,,,
tirreno-adriatico:2026:4,4,28,,,163,,De Bondt Dries,,,,,,,
tirreno-adriatico:2026:4,4,29,24,,152,,Hayter Ethan,,,,,,,
tirreno-adriatico:2026:4,4,30,25,,24,,Tarozzi Manuele,,,,,,,
tirreno-adriatico:2026:4,4,31,26,,113,,Kogut Oded,,,,,,,
tirreno-adriatico:2026:4,4,32,27,,11,,Tiberi Antonio,,,,,,,
tirreno-adriatico:2026:4,4,33,,,2,,Del Grosso Tibor,,,,,,,
tirreno-adriatico:2026:4,4,34,30,,54,,Mihkels Madis,,,,,,,
tirreno-adriatico:2026:4,4,35,29,,186,,Sevilla Diego Pablo,,,,,,,
tirreno-adriatico:2026:4,4,36,31,,44,,Lapeira Paul,,,,,,,
tirreno-adriatico:2026:4,4,37,32,,17,,Zambanini Edoardo,,,,,,,
tirreno-adriatico:2026:4,4,38,33,,172,,Bittner Pavel,,,,,,,
tirreno-adriatico:2026:4,4,39,34,,33,,Bou Joan,,,,,,,
tirreno-adriatico:2026:4,4,40,,,195,,Kielich Timo,,,,,,,
tirreno-adriatico:2026:5,5,1,1,,1,,van der Poel Mathieu,,,,,,,
tirreno-adriatico:2026:5,5,2,5,,211,,del Toro Isaac,,,,,,,
tirreno-adriatico:2026:5,5,3,2,,135,,Pellizzari Giulio,,,,,,,
tirreno-adriatico:2026:5,5,4,3,,225,,Johannessen Tobias Halland,,,,,,,
tirreno-adriatico:2026:5,5,5,,,57,,Valgren Michael,,,,,,,
tirreno-adriatico:2026:5,5,6,4,,71,,Ganna Filippo,,,,,,,
tirreno-adriatico:2026:5,5,7,6,,161,,Vendrame Andrea,,,,,,,
tirreno-adriatico:2026:5,5,8,7,,41,,Andresen Tobias Lund,,,,,,,
tirreno-adriatico:2026:5,5,9,12,,115,,Pinarello Alessandro,,,,,,,
tirreno-adriatico:2026:5,5,10,26,,81,,Ciccone Giulio,,,,,,,
tirreno-adriatico:2026:5,5,11,8,,72,,Arensman Thymen,,,,,,,
tirreno-adriatico:2026:5,5,12,9,,85,,Milan Jonathan,,,,,,,
tirreno-adriatico:2026:5,5,13,10,,91,,De Lie Arnaud,,,,,,,
tirreno-adriatico:2026:5,5,14,11,,232,,Champoussin Clément,,,,,,,
tirreno-adriatico:2026:5,5,15,,,194,,Jorgenson Matteo,,,,,,,
tirreno-adriatico:2026:5,5,16,25,,131,,Roglič Primož,,,,,,,
tirreno-adriatico:2026:5,5,17,13,,5,,Philipsen Jasper,,,,,,,
tirreno-adriatico:2026:5,5,18,14,,87,,Walscheid Max,,,,,,,
tirreno-adriatico:2026:5,5,19,15,,75,,Sheffield Magnus,,,,,,,
tirreno-adriatico:2026:5,5,20,16,,151,,Magnier Paul,,,,,,,
tirreno-adriatico:2026:5,5,21,17,,191,,van Aert Wout,,,,,,,
tirreno-adriatico:2026:5,5,22,18,,104,,García Cortina Iván,,,,,,,
tirreno-adriatico:2026:5,5,23,,,201,,Alaphilippe Julian,,,,,,,
tirreno-adriatico:2026:5,5,24,19,,37,,Otruba Jakub,,,,,,,
tirreno-adriatico:2026:5,5,25,20,,141,,Iacchi Alessandro,,,,,,,
tirreno-adriatico:2026:5,5,26,21,,137,,van Poppel Danny,,,,,,,
tirreno-adriatico:2026:5,5,27,22,,53,,Healy Ben,,,,,,,
tirreno-adriatico:2026:5,5,28,23,,166,,Hatherly Alan,,,,,,,
tirreno-adriatico:2026:5,5,29,24,,77,,Welsford Sam,,,,,,,
tirreno-adriatico:2026:5,5,30,27,,226,,Kron Andreas,,,,,,,
tirreno-adriatico:2026:5,5,31,,,6,,Planckaert Edward,,,,,,,
tirreno-adriatico:2026:5,5,32,30,,24,,Tarozzi Manuele,,,,,,,
tirreno-adriatico:2026:5,5,33,28,,163,,De Bondt Dries,,,,,,,
tirreno-adriatico:2026:5,5,34,29,,152,,Hayter Ethan,,,,,,,
tirreno-adriatico:2026:5,5,35,31,,113,,Kogut Oded,,,,,,,
tirreno-adriatico:2026:5,5,36,,,205,,Storer Michael,,,,,,,
tirreno-adriatico:2026:5,5,37,32,,11,,Tiberi Antonio,,,,,,,
tirreno-adriatico:2026:5,5,38,33,,2,,Del Grosso Tibor,,,,,,,
tirreno-adriatico:2026:5,5,39,34,,54,,Mihkels Madis,,,,,,,
tirreno-adriatico:2026:5,5,40,35,,186,,Sevilla Diego Pablo,,,,,,,
tirreno-adriatico:2026:5,5,41,,,13,,Buitrago Santiago,,,,,,,
tirreno-adriatico:2026:5,5,42,36,,44,,Lapeira Paul,,,,,,,
tirreno-adriatico:2026:5,5,43,37,,17,,Zambanini Edoardo,,,,,,,
tirreno-adriatico:2026:5,5,44,39,,33,,Bou Joan,,,,,,,
tirreno-adriatico:2026:5,5,45,,,123,,Bax Sjoerd,,,,,,,
tirreno-adriatico:2026:5,5,46,38,,172,,Bittner Pavel,,,,,,,
tirreno-adriatico:2026:5,5,47,40,,195,,Kielich Timo,,,,,,,
tirreno-adriatico:2026:6,6,1,2,,211,,del Toro Isaac,,,,,,,
tirreno-adriatico:2026:6,6,2,4,,225,,Johannessen Tobias Halland,,,,,,,
tirreno-adriatico:2026:6,6,3,3,,135,,Pellizzari Giulio,,,,,,,
tirreno-adriatico:2026:6,6,4,1,,1,,van der Poel Mathieu,,,,,,,
tirreno-adriatico:2026:6,6,5,6,,71,,Ganna Filippo,,,,,,,
tirreno-adriatico:2026:6,6,6,15,,194,,Jorgenson Matteo,,,,,,,
tirreno-adriatico:2026:6,6,7,10,,81,,Ciccone Giulio,,,,,,,
tirreno-adriatico:2026:6,6,8,5,,57,,Valgren Michael,,,,,,,
tirreno-adriatico:2026:6,6,9,7,,161,,Vendrame Andrea,,,,,,,
tirreno-adriatico:2026:6,6,10,8,,41,,Andresen Tobias Lund,,,,,,,
tirreno-adriatico:2026:6,6,11,9,,115,,Pinarello Alessandro,,,,,,,
tirreno-adriatico:2026:6,6,12,16,,131,,Roglič Primož,,,,,,,
tirreno-adriatico:2026:6,6,13,19,,75,,Sheffield Magnus,,,,,,,
tirreno-adriatico:2026:6,6,14,11,,72,,Arensman Thymen,,,,,,,
tirreno-adriatico:2026:6,6,15,12,,85,,Milan Jonathan,,,,,,,
tirreno-adriatico:2026:6,6,16,13,,91,,De Lie Arnaud,,,,,,,
tirreno-adriatico:2026:6,6,17,27,,53,,Healy Ben,,,,,,,
tirreno-adriatico:2026:6,6,18,14,,232,,Champoussin Clément,,,,,,,
tirreno-adriatico:2026:6,6,19,17,,5,,Philipsen Jasper,,,,,,,
tirreno-adriatico:2026:6,6,20,18,,87,,Walscheid Max,,,,,,,
tirreno-adriatico:2026:6,6,21,20,,151,,Magnier Paul,,,,,,,
tirreno-adriatico:2026:6,6,22,41,,13,,Buitrago Santiago,,,,,,,
tirreno-adriatico:2026:6,6,23,21,,191,,van Aert Wout,,,,,,,
tirreno-adriatico:2026:6,6,24,22,,104,,García Cortina Iván,,,,,,,
tirreno-adriatico:2026:6,6,25,,,62,,Braz Afonso Clément,,,,,,,
tirreno-adriatico:2026:6,6,26,23,,201,,Alaphilippe Julian,,,,,,,
tirreno-adriatico:2026:6,6,27,24,,37,,Otruba Jakub,,,,,,,
tirreno-adriatico:2026:6,6,28,25,,141,,Iacchi Alessandro,,,,,,,
tirreno-adriatico:2026:6,6,29,26,,137,,van Poppel Danny,,,,,,,
tirreno-adriatico:2026:6,6,30,28,,166,,Hatherly Alan,,,,,,,
tirreno-adriatico:2026:6,6,31,29,,77,,Welsford Sam,,,,,,,
tirreno-adriatico:2026:6,6,32,30,,226,,Kron Andreas,,,,,,,
tirreno-adriatico:2026:6,6,33,31,,6,,Planckaert Edward,,,,,,,
tirreno-adriatico:2026:6,6,34,32,,24,,Tarozzi Manuele,,,,,,,
tirreno-adriatico:2026:6,6,35,34,,152,,Hayter Ethan,,,,,,,
tirreno-adriatico:2026:6,6,36,33,,163,,De Bondt Dries,,,,,,,
tirreno-adriatico:2026:6,6,37,35,,113,,Kogut Oded,,,,,,,
tirreno-adriatico:2026:6,6,38,36,,205,,Storer Michael,,,,,,,
tirreno-adriatico:2026:6,6,39,37,,11,,Tiberi Antonio,,,,,,,
tirreno-adriatico:2026:6,6,40,,,52,,Albanese Vincenzo,,,,,,,
tirreno-adriatico:2026:6,6,41,38,,2,,Del Grosso Tibor,,,,,,,
tirreno-adriatico:2026:6,6,42,39,,54,,Mihkels Madis,,,,,,,
tirreno-adriatico:2026:6,6,43,40,,186,,Sevilla Diego Pablo,,,,,,,
tirreno-adriatico:2026:6,6,44,43,,17,,Zambanini Edoardo,,,,,,,
tirreno-adriatico:2026:6,6,45,,,121,,Calzoni Walter,,,,,,,
tirreno-adriatico:2026:6,6,46,42,,44,,Lapeira Paul,,,,,,,
tirreno-adriatico:2026:6,6,47,44,,33,,Bou Joan,,,,,,,
tirreno-adriatico:2026:6,6,48,46,,172,,Bittner Pavel,,,,,,,
tirreno-adriatico:2026:6,6,49,47,,195,,Kielich Timo,,,,,,,
tirreno-adriatico:2026:7,7,,,,86,,Theuns Edward,,,,,,,
tirreno-adriatico:2026:7,7,1,1,,211,,del Toro Isaac,,,,,,,
tirreno-adriatico:2026:7,7,2,2,,225,,Johannessen Tobias Halland,,,,,,,
tirreno-adriatico:2026:7,7,3,3,,135,,Pellizzari Giulio,,,,,,,
tirreno-adriatico:2026:7,7,4,4,,1,,van der Poel Mathieu,,,,,,,
tirreno-adriatico:2026:7,7,5,6,,194,,Jorgenson Matteo,,,,,,,
tirreno-adriatico:2026:7,7,6,15,,85,,Milan Jonathan,,,,,,,
tirreno-adriatico:2026:7,7,7,5,,71,,Ganna Filippo,,,,,,,
tirreno-adriatico:2026:7,7,8,10,,41,,Andresen Tobias Lund,,,,,,,
tirreno-adriatico:2026:7,7,9,7,,81,,Ciccone Giulio,,,,,,,
tirreno-adriatico:2026:7,7,10,31,,77,,Welsford Sam,,,,,,,
tirreno-adriatico:2026:7,7,11,8,,57,,Valgren Michael,,,,,,,
tirreno-adriatico:2026:7,7,12,9,,161,,Vendrame Andrea,,,,,,,
tirreno-adriatico:2026:7,7,13,16,,91,,De Lie Arnaud,,,,,,,
tirreno-adriatico:2026:7,7,14,12,,131,,Roglič Primož,,,,,,,
tirreno-adriatico:2026:7,7,15,11,,115,,Pinarello Alessandro,,,,,,,
tirreno-adriatico:2026:7,7,16,13,,75,,Sheffield Magnus,,,,,,,
tirreno-adriatico:2026:7,7,17,14,,72,,Arensman Thymen,,,,,,,
tirreno-adriatico:2026:7,7,18,37,,113,,Kogut Oded,,,,,,,
tirreno-adriatico:2026:7,7,19,17,,53,,Healy Ben,,,,,,,
tirreno-adriatico:2026:7,7,20,23,,191,,van Aert Wout,,,,,,,
tirreno-adriatico:2026:7,7,21,18,,232,,Champoussin Clément,,,,,,,
tirreno-adriatico:2026:7,7,22,19,,5,,Philipsen Jasper,,,,,,,
tirreno-adriatico:2026:7,7,23,,,154,,Rex Laurenz,,,,,,,
tirreno-adriatico:2026:7,7,24,20,,87,,Walscheid Max,,,,,,,
tirreno-adriatico:2026:7,7,25,24,,104,,García Cortina Iván,,,,,,,
tirreno-adriatico:2026:7,7,26,48,,172,,Bittner Pavel,,,,,,,
tirreno-adriatico:2026:7,7,27,21,,151,,Magnier Paul,,,,,,,
tirreno-adriatico:2026:7,7,28,22,,13,,Buitrago Santiago,,,,,,,
tirreno-adriatico:2026:7,7,29,25,,62,,Braz Afonso Clément,,,,,,,
tirreno-adriatico:2026:7,7,30,26,,201,,Alaphilippe Julian,,,,,,,
tirreno-adriatico:2026:7,7,31,27,,37,,Otruba Jakub,,,,,,,
tirreno-adriatico:2026:7,7,32,28,,141,,Iacchi Alessandro,,,,,,,
tirreno-adriatico:2026:7,7,33,30,,166,,Hatherly Alan,,,,,,,
tirreno-adriatico:2026:7,7,34,,,165,,Foldager Anders,,,,,,,
tirreno-adriatico:2026:7,7,35,33,,6,,Planckaert Edward,,,,,,,
tirreno-adriatico:2026:7,7,36,34,,24,,Tarozzi Manuele,,,,,,,
tirreno-adriatico:2026:7,7,37,35,,152,,Hayter Ethan,,,,,,,
tirreno-adriatico:2026:7,7,38,36,,163,,De Bondt Dries,,,,,,,
tirreno-adriatico:2026:7,7,39,38,,205,,Storer Michael,,,,,,,
tirreno-adriatico:2026:7,7,40,39,,11,,Tiberi Antonio,,,,,,,
tirreno-adriatico:2026:7,7,41,41,,2,,Del Grosso Tibor,,,,,,,
tirreno-adriatico:2026:7,7,42,40,,52,,Albanese Vincenzo,,,,,,,
tirreno-adriatico:2026:7,7,43,42,,54,,Mihkels Madis,,,,,,,
tirreno-adriatico:2026:7,7,44,43,,186,,Sevilla Diego Pablo,,,,,,,
tirreno-adriatico:2026:7,7,45,,,185,,Lonardi Giovanni,,,,,,,
tirreno-adriatico:2026:7,7,46,44,,17,,Zambanini Edoardo,,,,,,,
tirreno-adriatico:2026:7,7,47,45,,121,,Calzoni Walter,,,,,,,
tirreno-adriatico:2026:7,7,48,46,,44,,Lapeira Paul,,,,,,,
tirreno-adriatico:2026:7,7,49,47,,33,,Bou Joan,,,,,,,
tirreno-adriatico:2026:7,7,50,49,,195,,Kielich Timo,,,,,,,
tour-down-under:2026:1,1,,,,34,,Gudmestad Tord,,,,,,,
tour-down-under:2026:1,1,1,,,31,,Andresen Tobias Lund,,,,,,,
tour-down-under:2026:1,1,2,,,151,,Brennan Matthew,,,,,,,
tour-down-under:2026:1,1,3,,,67,,Welsford Sam,,,,,,,
tour-down-under:2026:1,1,4,,,117,,van Poppel Danny,,,,,,,
tour-down-under:2026:1,1,5,,,107,,Vernon Ethan,,,,,,,
tour-down-under:2026:1,1,6,,,194,,Walsh Liam,,,,,,,
tour-down-under:2026:1,1,7,,,83,,Taminiaux Lionel,,,,,,,
tour-down-under:2026:1,1,8,,,147,,van Uden Casper,,,,,,,
tour-down-under:2026:1,1,9,,,77,,Teutenberg Tim Torn,,,,,,,
tour-down-under:2026:1,1,10,,,46,,Lamperti Luke,,,,,,,
tour-down-under:2026:1,1,11,,,56,,Martin Guillaume,,,,,,,
tour-down-under:2026:1,1,12,,,4,,Molano Juan Sebastián,,,,,,,
tour-down-under:2026:1,1,13,,,187,,Zijlaard Maikel,,,,,,,
tour-down-under:2026:1,1,14,,,22,,Eržen Žak,,,,,,,
tour-down-under:2026:1,1,15,,,1,,Narváez Jhonatan,,,,,,,
tour-down-under:2026:1,1,16,,,113,,Fisher-Black Finn,,,,,,,
tour-down-under:2026:1,1,17,,,57,,Paleni Enzo,,,,,,,
tour-down-under:2026:1,1,18,,,167,,Urianstad Bugge Martin,,,,,,,
tour-down-under:2026:1,1,19,,,177,,Gate Aaron,,,,,,,
tour-down-under:2026:2,2,,,,34,,Gudmestad Tord,,,,,,,
tour-down-under:2026:2,2,1,1,,31,,Andresen Tobias Lund,,,,,,,
tour-down-under:2026:2,2,2,2,,151,,Brennan Matthew,,,,,,,
tour-down-under:2026:2,2,3,3,,67,,Welsford Sam,,,,,,,
tour-down-under:2026:2,2,4,,,6,,Vine Jay,,,,,,,
tour-down-under:2026:2,2,5,15,,1,,Narváez Jhonatan,,,,,,,
tour-down-under:2026:2,2,6,4,,117,,van Poppel Danny,,,,,,,
tour-down-under:2026:2,2,7,5,,107,,Vernon Ethan,,,,,,,
tour-down-under:2026:2,2,8,,,137,,Schmid Mauro,,,,,,,
tour-down-under:2026:2,2,9,6,,194,,Walsh Liam,,,,,,,
tour-down-under:2026:2,2,10,,,161,,Kron Andreas,,,,,,,
tour-down-under:2026:2,2,11,7,,83,,Taminiaux Lionel,,,,,,,
tour-down-under:2026:2,2,12,,,127,,Zana Filippo,,,,,,,
tour-down-under:2026:2,2,13,8,,147,,van Uden Casper,,,,,,,
tour-down-under:2026:2,2,14,,,96,,Tesfatsion Natnael,,,,,,,
tour-down-under:2026:2,2,15,,,7,,Yates Adam,,,,,,,
tour-down-under:2026:2,2,16,9,,77,,Teutenberg Tim Torn,,,,,,,
tour-down-under:2026:2,2,17,,,76,,Sobrero Matteo,,,,,,,
tour-down-under:2026:2,2,18,,,43,,Sweeny Harry,,,,,,,
tour-down-under:2026:2,2,19,10,,46,,Lamperti Luke,,,,,,,
tour-down-under:2026:2,2,20,11,,56,,Martin Guillaume,,,,,,,
tour-down-under:2026:2,2,21,,,11,,Plowright Jensen,,,,,,,
tour-down-under:2026:2,2,22,,,181,,Brenner Marco,,,,,,,
tour-down-under:2026:2,2,23,12,,4,,Molano Juan Sebastián,,,,,,,
tour-down-under:2026:2,2,24,,,104,,Schultz Nick,,,,,,,
tour-down-under:2026:2,2,25,18,,167,,Urianstad Bugge Martin,,,,,,,
tour-down-under:2026:2,2,26,,,123,,Raccagni Noviero Andrea,,,,,,,
tour-down-under:2026:2,2,27,13,,187,,Zijlaard Maikel,,,,,,,
tour-down-under:2026:2,2,28,14,,22,,Eržen Žak,,,,,,,
tour-down-under:2026:2,2,29,,,36,,Prodhomme Nicolas,,,,,,,
tour-down-under:2026:2,2,30,16,,113,,Fisher-Black Finn,,,,,,,
tour-down-under:2026:2,2,31,17,,57,,Paleni Enzo,,,,,,,
tour-down-under:2026:2,2,32,,,131,,O'Connor Ben,,,,,,,
tour-down-under:2026:2,2,33,,,124,,Reinderink Pepijn,,,,,,,
tour-down-under:2026:2,2,34,,,23,,Miholjević Fran,,,,,,,
tour-down-under:2026:2,2,35,,,142,,Hamilton Chris,,,,,,,
tour-down-under:2026:2,2,36,19,,177,,Gate Aaron,,,,,,,
tour-down-under:2026:3,3,,,,34,,Gudmestad Tord,,,,,,,
tour-down-under:2026:3,3,1,1,,31,,Andresen Tobias Lund,,,,,,,
tour-down-under:2026:3,3,2,3,,67,,Welsford Sam,,,,,,,
tour-down-under:2026:3,3,3,2,,151,,Brennan Matthew,,,,,,,
tour-down-under:2026:3,3,4,,,51,,Bower Lewis,,,,,,,
tour-down-under:2026:3,3,5,4,,6,,Vine Jay,,,,,,,
tour-down-under:2026:3,3,6,5,,1,,Narváez Jhonatan,,,,,,,
tour-down-under:2026:3,3,7,,,105,,Stewart Jake,,,,,,,
tour-down-under:2026:3,3,8,28,,22,,Eržen Žak,,,,,,,
tour-down-under:2026:3,3,9,6,,117,,van Poppel Danny,,,,,,,
tour-down-under:2026:3,3,10,36,,177,,Gate Aaron,,,,,,,
tour-down-under:2026:3,3,11,7,,107,,Vernon Ethan,,,,,,,
tour-down-under:2026:3,3,12,30,,113,,Fisher-Black Finn,,,,,,,
tour-down-under:2026:3,3,13,8,,137,,Schmid Mauro,,,,,,,
tour-down-under:2026:3,3,14,9,,194,,Walsh Liam,,,,,,,
tour-down-under:2026:3,3,15,21,,11,,Plowright Jensen,,,,,,,
tour-down-under:2026:3,3,16,10,,161,,Kron Andreas,,,,,,,
tour-down-under:2026:3,3,17,11,,83,,Taminiaux Lionel,,,,,,,
tour-down-under:2026:3,3,18,12,,127,,Zana Filippo,,,,,,,
tour-down-under:2026:3,3,19,,,81,,Fox Matthew,,,,,,,
tour-down-under:2026:3,3,20,13,,147,,van Uden Casper,,,,,,,
tour-down-under:2026:3,3,21,14,,96,,Tesfatsion Natnael,,,,,,,
tour-down-under:2026:3,3,22,19,,46,,Lamperti Luke,,,,,,,
tour-down-under:2026:3,3,23,15,,7,,Yates Adam,,,,,,,
tour-down-under:2026:3,3,24,,,162,,Charmig Anthon,,,,,,,
tour-down-under:2026:3,3,25,16,,77,,Teutenberg Tim Torn,,,,,,,
tour-down-under:2026:3,3,26,17,,76,,Sobrero Matteo,,,,,,,
tour-down-under:2026:3,3,27,18,,43,,Sweeny Harry,,,,,,,
tour-down-under:2026:3,3,28,31,,57,,Paleni Enzo,,,,,,,
tour-down-under:2026:3,3,29,25,,167,,Urianstad Bugge Martin,,,,,,,
tour-down-under:2026:3,3,30,20,,56,,Martin Guillaume,,,,,,,
tour-down-under:2026:3,3,31,,,85,,Veistroffer Baptiste,,,,,,,
tour-down-under:2026:3,3,32,22,,181,,Brenner Marco,,,,,,,
tour-down-under:2026:3,3,33,35,,142,,Hamilton Chris,,,,,,,
tour-down-under:2026:3,3,34,23,,4,,Molano Juan Sebastián,,,,,,,
tour-down-under:2026:3,3,35,24,,104,,Schultz Nick,,,,,,,
tour-down-under:2026:3,3,36,26,,123,,Raccagni Noviero Andrea,,,,,,,
tour-down-under:2026:3,3,37,27,,187,,Zijlaard Maikel,,,,,,,
tour-down-under:2026:3,3,38,29,,36,,Prodhomme Nicolas,,,,,,,
tour-down-under:2026:3,3,39,32,,131,,O'Connor Ben,,,,,,,
tour-down-under:2026:3,3,40,,,14,,Sentjens Sente,,,,,,,
tour-down-under:2026:3,3,41,34,,23,,Miholjević Fran,,,,,,,
tour-down-under:2026:3,3,42,33,,124,,Reinderink Pepijn,,,,,,,
tour-down-under:2026:3,3,43,,,193,,Eddy Patrick,,,,,,,
tour-down-under:2026:4,4,,,,34,,Gudmestad Tord,,,,,,,
tour-down-under:2026:4,4,1,1,,31,,Andresen Tobias Lund,,,,,,,
tour-down-under:2026:4,4,2,2,,67,,Welsford Sam,,,,,,,
tour-down-under:2026:4,4,3,11,,107,,Vernon Ethan,,,,,,,
tour-down-under:2026:4,4,4,10,,177,,Gate Aaron,,,,,,,
tour-down-under:2026:4,4,5,3,,151,,Brennan Matthew,,,,,,,
tour-down-under:2026:4,4,6,4,,51,,Bower Lewis,,,,,,,
tour-down-under:2026:4,4,7,5,,6,,Vine Jay,,,,,,,
tour-down-under:2026:4,4,8,8,,22,,Eržen Žak,,,,,,,
tour-down-under:2026:4,4,9,13,,137,,Schmid Mauro,,,,,,,
tour-down-under:2026:4,4,10,24,,162,,Charmig Anthon,,,,,,,
tour-down-under:2026:4,4,11,12,,113,,Fisher-Black Finn,,,,,,,
tour-down-under:2026:4,4,12,,,114,,Pithie Laurence,,,,,,,
tour-down-under:2026:4,4,13,36,,123,,Raccagni Noviero Andrea,,,,,,,
tour-down-under:2026:4,4,14,16,,161,,Kron Andreas,,,,,,,
tour-down-under:2026:4,4,15,15,,11,,Plowright Jensen,,,,,,,
tour-down-under:2026:4,4,16,,,103,,Gilmore Brady,,,,,,,
tour-down-under:2026:4,4,17,17,,83,,Taminiaux Lionel,,,,,,,
tour-down-under:2026:4,4,18,18,,127,,Zana Filippo,,,,,,,
tour-down-under:2026:4,4,19,25,,77,,Teutenberg Tim Torn,,,,,,,
tour-down-under:2026:4,4,20,20,,147,,van Uden Casper,,,,,,,
tour-down-under:2026:4,4,21,19,,81,,Fox Matthew,,,,,,,
tour-down-under:2026:4,4,22,21,,96,,Tesfatsion Natnael,,,,,,,
tour-down-under:2026:4,4,23,,,27,,Zambanini Edoardo,,,,,,,
tour-down-under:2026:4,4,24,22,,46,,Lamperti Luke,,,,,,,
tour-down-under:2026:4,4,25,23,,7,,Yates Adam,,,,,,,
tour-down-under:2026:4,4,26,,,66,,Watson Samuel,,,,,,,
tour-down-under:2026:4,4,27,37,,187,,Zijlaard Maikel,,,,,,,
tour-down-under:2026:4,4,28,26,,76,,Sobrero Matteo,,,,,,,
tour-down-under:2026:4,4,29,27,,43,,Sweeny Harry,,,,,,,
tour-down-under:2026:4,4,30,28,,57,,Paleni Enzo,,,,,,,
tour-down-under:2026:4,4,31,29,,167,,Urianstad Bugge Martin,,,,,,,
tour-down-under:2026:4,4,32,30,,56,,Martin Guillaume,,,,,,,
tour-down-under:2026:4,4,33,31,,85,,Veistroffer Baptiste,,,,,,,
tour-down-under:2026:4,4,34,32,,181,,Brenner Marco,,,,,,,
tour-down-under:2026:4,4,35,33,,142,,Hamilton Chris,,,,,,,
tour-down-under:2026:4,4,36,,,33,,Gautherat Pierre,,,,,,,
tour-down-under:2026:4,4,37,34,,4,,Molano Juan Sebastián,,,,,,,
tour-down-under:2026:4,4,38,35,,104,,Schultz Nick,,,,,,,
tour-down-under:2026:4,4,39,43,,193,,Eddy Patrick,,,,,,,
tour-down-under:2026:4,4,40,,,136,,Plapp Luke,,,,,,,
tour-down-under:2026:4,4,41,38,,36,,Prodhomme Nicolas,,,,,,,
tour-down-under:2026:4,4,42,,,53,,Donnenwirth Tom,,,,,,,
tour-down-under:2026:4,4,43,39,,131,,O'Connor Ben,,,,,,,
tour-down-under:2026:4,4,44,41,,23,,Miholjević Fran,,,,,,,
tour-down-under:2026:4,4,45,42,,124,,Reinderink Pepijn,,,,,,,
tour-down-under:2026:4,4,46,40,,14,,Sentjens Sente,,,,,,,
tour-down-under:2026:4,4,47,,,196,,Greenwood Matthew,,,,,,,
tour-down-under:2026:4,4,48,,,45,,MacKellar Alastair,,,,,,,
tour-down-under:2026:5,5,,,,34,,Gudmestad Tord,,,,,,,
tour-down-under:2026:5,5,,,,65,,Swift Ben,,,,,,,
tour-down-under:2026:5,5,1,1,,31,,Andresen Tobias Lund,,,,,,,
tour-down-under:2026:5,5,2,5,,151,,Brennan Matthew,,,,,,,
tour-down-under:2026:5,5,3,2,,67,,Welsford Sam,,,,,,,
tour-down-under:2026:5,5,4,11,,113,,Fisher-Black Finn,,,,,,,
tour-down-under:2026:5,5,5,3,,107,,Vernon Ethan,,,,,,,
tour-down-under:2026:5,5,6,16,,103,,Gilmore Brady,,,,,,,
tour-down-under:2026:5,5,7,4,,177,,Gate Aaron,,,,,,,
tour-down-under:2026:5,5,8,10,,162,,Charmig Anthon,,,,,,,
tour-down-under:2026:5,5,9,26,,66,,Watson Samuel,,,,,,,
tour-down-under:2026:5,5,10,6,,51,,Bower Lewis,,,,,,,
tour-down-under:2026:5,5,11,23,,27,,Zambanini Edoardo,,,,,,,
tour-down-under:2026:5,5,12,7,,6,,Vine Jay,,,,,,,
tour-down-under:2026:5,5,13,39,,193,,Eddy Patrick,,,,,,,
tour-down-under:2026:5,5,14,22,,96,,Tesfatsion Natnael,,,,,,,
tour-down-under:2026:5,5,15,8,,22,,Eržen Žak,,,,,,,
tour-down-under:2026:5,5,16,13,,123,,Raccagni Noviero Andrea,,,,,,,
tour-down-under:2026:5,5,17,9,,137,,Schmid Mauro,,,,,,,
tour-down-under:2026:5,5,18,,,175,,Velasco Simone,,,,,,,
tour-down-under:2026:5,5,19,12,,114,,Pithie Laurence,,,,,,,
tour-down-under:2026:5,5,20,14,,161,,Kron Andreas,,,,,,,
tour-down-under:2026:5,5,21,15,,11,,Plowright Jensen,,,,,,,
tour-down-under:2026:5,5,22,17,,83,,Taminiaux Lionel,,,,,,,
tour-down-under:2026:5,5,23,18,,127,,Zana Filippo,,,,,,,
tour-down-under:2026:5,5,24,28,,76,,Sobrero Matteo,,,,,,,
tour-down-under:2026:5,5,25,21,,81,,Fox Matthew,,,,,,,
tour-down-under:2026:5,5,26,19,,77,,Teutenberg Tim Torn,,,,,,,
tour-down-under:2026:5,5,27,24,,46,,Lamperti Luke,,,,,,,
tour-down-under:2026:5,5,28,25,,7,,Yates Adam,,,,,,,
tour-down-under:2026:5,5,29,29,,43,,Sweeny Harry,,,,,,,
tour-down-under:2026:5,5,30,,,71,,Bagioli Andrea,,,,,,,
tour-down-under:2026:5,5,31,30,,57,,Paleni Enzo,,,,,,,
tour-down-under:2026:5,5,32,31,,167,,Urianstad Bugge Martin,,,,,,,
tour-down-under:2026:5,5,33,32,,56,,Martin Guillaume,,,,,,,
tour-down-under:2026:5,5,34,,,122,,Eenkhoorn Pascal,,,,,,,
tour-down-under:2026:5,5,35,33,,85,,Veistroffer Baptiste,,,,,,,
tour-down-under:2026:5,5,36,34,,181,,Brenner Marco,,,,,,,
tour-down-under:2026:5,5,37,35,,142,,Hamilton Chris,,,,,,,
tour-down-under:2026:5,5,38,36,,33,,Gautherat Pierre,,,,,,,
tour-down-under:2026:5,5,39,42,,53,,Donnenwirth Tom,,,,,,,
tour-down-under:2026:5,5,40,38,,104,,Schultz Nick,,,,,,,
tour-down-under:2026:5,5,41,40,,136,,Plapp Luke,,,,,,,
tour-down-under:2026:5,5,42,41,,36,,Prodhomme Nicolas,,,,,,,
tour-down-under:2026:5,5,43,,,24,,Stannard Robert,,,,,,,
tour-down-under:2026:5,5,44,43,,131,,O'Connor Ben,,,,,,,
tour-down-under:2026:5,5,45,,,93,,Novák Pavel,,,,,,,
tour-down-under:2026:5,5,46,45,,124,,Reinderink Pepijn,,,,,,,
tour-down-under:2026:5,5,47,44,,23,,Miholjević Fran,,,,,,,
tour-down-under:2026:5,5,48,46,,14,,Sentjens Sente,,,,,,,
tour-down-under:2026:5,5,49,47,,196,,Greenwood Matthew,,,,,,,
tour-down-under:2026:5,5,50,48,,45,,MacKellar Alastair,,,,,,,
uae-tour:2026:1,1,1,,,181,,del Toro Isaac,,,,,,,
uae-tour:2026:1,1,2,,,33,,Bol Cees,,,,,,,
uae-tour:2026:1,1,3,,,21,,Tiberi Antonio,,,,,,,
uae-tour:2026:1,1,4,,,201,,Malucelli Matteo,,,,,,,
uae-tour:2026:1,1,5,,,71,,Milan Jonathan,,,,,,,
uae-tour:2026:1,1,6,,,12,,Dillier Silvan,,,,,,,
uae-tour:2026:1,1,7,,,205,,Romele Alessandro,,,,,,,
uae-tour:2026:1,1,8,,,81,,Van Eetvelt Lennert,,,,,,,
uae-tour:2026:1,1,9,,,167,,Tulett Ben,,,,,,,
uae-tour:2026:1,1,10,,,131,,Van Wilder Ilan,,,,,,,
uae-tour:2026:1,1,11,,,144,,Mezgec Luka,,,,,,,
uae-tour:2026:1,1,12,,,96,,Pickrell Riley,,,,,,,
uae-tour:2026:1,1,13,,,83,,De Schuyteneer Steffen,,,,,,,
uae-tour:2026:1,1,14,,,117,,Vernon Ethan,,,,,,,
uae-tour:2026:1,1,15,,,196,,Johannessen Tobias Halland,,,,,,,
uae-tour:2026:1,1,16,,,146,,Plapp Luke,,,,,,,
uae-tour:2026:1,1,17,,,62,,Øxenberg Peter,,,,,,,
uae-tour:2026:2,2,1,,,1,,Evenepoel Remco,,,,,,,
uae-tour:2026:2,2,2,1,,181,,del Toro Isaac,,,,,,,
uae-tour:2026:2,2,3,,,61,,Tarling Joshua,,,,,,,
uae-tour:2026:2,2,4,2,,33,,Bol Cees,,,,,,,
uae-tour:2026:2,2,5,,,53,,Cavagna Rémi,,,,,,,
uae-tour:2026:2,2,6,3,,21,,Tiberi Antonio,,,,,,,
uae-tour:2026:2,2,7,,,134,,Hayter Ethan,,,,,,,
uae-tour:2026:2,2,8,4,,201,,Malucelli Matteo,,,,,,,
uae-tour:2026:2,2,9,5,,71,,Milan Jonathan,,,,,,,
uae-tour:2026:2,2,10,6,,12,,Dillier Silvan,,,,,,,
uae-tour:2026:2,2,11,,,35,,Hoole Daan,,,,,,,
uae-tour:2026:2,2,12,7,,205,,Romele Alessandro,,,,,,,
uae-tour:2026:2,2,13,16,,146,,Plapp Luke,,,,,,,
uae-tour:2026:2,2,14,8,,81,,Van Eetvelt Lennert,,,,,,,
uae-tour:2026:2,2,15,10,,131,,Van Wilder Ilan,,,,,,,
uae-tour:2026:2,2,16,9,,167,,Tulett Ben,,,,,,,
uae-tour:2026:2,2,17,11,,144,,Mezgec Luka,,,,,,,
uae-tour:2026:2,2,18,12,,96,,Pickrell Riley,,,,,,,
uae-tour:2026:2,2,19,,,63,,Shmidt Artem,,,,,,,
uae-tour:2026:2,2,20,,,186,,Vermeersch Florian,,,,,,,
uae-tour:2026:2,2,21,13,,83,,De Schuyteneer Steffen,,,,,,,
uae-tour:2026:2,2,22,,,32,,Bissegger Stefan,,,,,,,
uae-tour:2026:2,2,23,14,,117,,Vernon Ethan,,,,,,,
uae-tour:2026:2,2,24,17,,62,,Øxenberg Peter,,,,,,,
uae-tour:2026:2,2,25,15,,196,,Johannessen Tobias Halland,,,,,,,
uae-tour:2026:2,2,26,,,182,,Herregodts Rune,,,,,,,
uae-tour:2026:3,3,1,2,,181,,del Toro Isaac,,,,,,,
uae-tour:2026:3,3,2,6,,21,,Tiberi Antonio,,,,,,,
uae-tour:2026:3,3,3,10,,12,,Dillier Silvan,,,,,,,
uae-tour:2026:3,3,4,1,,1,,Evenepoel Remco,,,,,,,
uae-tour:2026:3,3,5,14,,81,,Van Eetvelt Lennert,,,,,,,
uae-tour:2026:3,3,6,3,,61,,Tarling Joshua,,,,,,,
uae-tour:2026:3,3,7,4,,33,,Bol Cees,,,,,,,
uae-tour:2026:3,3,8,5,,53,,Cavagna Rémi,,,,,,,
uae-tour:2026:3,3,9,9,,71,,Milan Jonathan,,,,,,,
uae-tour:2026:3,3,10,,,14,,Rickaert Jonas,,,,,,,
uae-tour:2026:3,3,11,,,207,,Tejada Harold,,,,,,,
uae-tour:2026:3,3,12,7,,134,,Hayter Ethan,,,,,,,
uae-tour:2026:3,3,13,8,,201,,Malucelli Matteo,,,,,,,
uae-tour:2026:3,3,14,13,,146,,Plapp Luke,,,,,,,
uae-tour:2026:3,3,15,15,,131,,Van Wilder Ilan,,,,,,,
uae-tour:2026:3,3,16,,,31,,Gall Felix,,,,,,,
uae-tour:2026:3,3,17,11,,35,,Hoole Daan,,,,,,,
uae-tour:2026:3,3,18,12,,205,,Romele Alessandro,,,,,,,
uae-tour:2026:3,3,19,25,,196,,Johannessen Tobias Halland,,,,,,,
uae-tour:2026:3,3,20,16,,167,,Tulett Ben,,,,,,,
uae-tour:2026:3,3,21,17,,144,,Mezgec Luka,,,,,,,
uae-tour:2026:3,3,22,,,73,,Gee-West Derek,,,,,,,
uae-tour:2026:3,3,23,19,,63,,Shmidt Artem,,,,,,,
uae-tour:2026:3,3,24,18,,96,,Pickrell Riley,,,,,,,
uae-tour:2026:3,3,25,,,166,,Nordhagen Jørgen,,,,,,,
uae-tour:2026:3,3,26,20,,186,,Vermeersch Florian,,,,,,,
uae-tour:2026:3,3,27,,,16,,Thijssen Gerben,,,,,,,
uae-tour:2026:3,3,28,21,,83,,De Schuyteneer Steffen,,,,,,,
uae-tour:2026:3,3,29,,,11,,Dehairs Simon,,,,,,,
uae-tour:2026:3,3,30,23,,117,,Vernon Ethan,,,,,,,
uae-tour:2026:3,3,31,22,,32,,Bissegger Stefan,,,,,,,
uae-tour:2026:3,3,32,24,,62,,Øxenberg Peter,,,,,,,
uae-tour:2026:3,3,33,26,,182,,Herregodts Rune,,,,,,,
uae-tour:2026:4,4,1,1,,181,,del Toro Isaac,,,,,,,
uae-tour:2026:4,4,2,2,,21,,Tiberi Antonio,,,,,,,
uae-tour:2026:4,4,3,9,,71,,Milan Jonathan,,,,,,,
uae-tour:2026:4,4,4,3,,12,,Dillier Silvan,,,,,,,
uae-tour:2026:4,4,5,4,,1,,Evenepoel Remco,,,,,,,
uae-tour:2026:4,4,6,5,,81,,Van Eetvelt Lennert,,,,,,,
uae-tour:2026:4,4,7,30,,117,,Vernon Ethan,,,,,,,
uae-tour:2026:4,4,8,,,143,,Gamper Patrick,,,,,,,
uae-tour:2026:4,4,9,6,,61,,Tarling Joshua,,,,,,,
uae-tour:2026:4,4,10,7,,33,,Bol Cees,,,,,,,
uae-tour:2026:4,4,11,13,,201,,Malucelli Matteo,,,,,,,
uae-tour:2026:4,4,12,8,,53,,Cavagna Rémi,,,,,,,
uae-tour:2026:4,4,13,27,,16,,Thijssen Gerben,,,,,,,
uae-tour:2026:4,4,14,,,56,,Milan Matteo,,,,,,,
uae-tour:2026:4,4,15,,,91,,de Bod Stefan,,,,,,,
uae-tour:2026:4,4,16,10,,14,,Rickaert Jonas,,,,,,,
uae-tour:2026:4,4,17,11,,207,,Tejada Harold,,,,,,,
uae-tour:2026:4,4,18,12,,134,,Hayter Ethan,,,,,,,
uae-tour:2026:4,4,19,14,,146,,Plapp Luke,,,,,,,
uae-tour:2026:4,4,20,15,,131,,Van Wilder Ilan,,,,,,,
uae-tour:2026:4,4,21,16,,31,,Gall Felix,,,,,,,
uae-tour:2026:4,4,22,17,,35,,Hoole Daan,,,,,,,
uae-tour:2026:4,4,23,28,,83,,De Schuyteneer Steffen,,,,,,,
uae-tour:2026:4,4,24,24,,96,,Pickrell Riley,,,,,,,
uae-tour:2026:4,4,25,18,,205,,Romele Alessandro,,,,,,,
uae-tour:2026:4,4,26,,,172,,Froidevaux Robin,,,,,,,
uae-tour:2026:4,4,27,19,,196,,Johannessen Tobias Halland,,,,,,,
uae-tour:2026:4,4,28,20,,167,,Tulett Ben,,,,,,,
uae-tour:2026:4,4,29,21,,144,,Mezgec Luka,,,,,,,
uae-tour:2026:4,4,30,22,,73,,Gee-West Derek,,,,,,,
uae-tour:2026:4,4,31,,,46,,Steinhauser Georg,,,,,,,
uae-tour:2026:4,4,32,,,154,,Knox James,,,,,,,
uae-tour:2026:4,4,33,23,,63,,Shmidt Artem,,,,,,,
uae-tour:2026:4,4,34,25,,166,,Nordhagen Jørgen,,,,,,,
uae-tour:2026:4,4,35,26,,186,,Vermeersch Florian,,,,,,,
uae-tour:2026:4,4,36,29,,11,,Dehairs Simon,,,,,,,
uae-tour:2026:4,4,37,,,67,,Welsford Sam,,,,,,,
uae-tour:2026:4,4,38,31,,32,,Bissegger Stefan,,,,,,,
uae-tour:2026:4,4,39,32,,62,,Øxenberg Peter,,,,,,,
uae-tour:2026:4,4,40,,,123,,Houcou Emmanuel,,,,,,,
uae-tour:2026:4,4,41,33,,182,,Herregodts Rune,,,,,,,
uae-tour:2026:5,5,1,3,,71,,Milan Jonathan,,,,,,,
uae-tour:2026:5,5,2,4,,12,,Dillier Silvan,,,,,,,
uae-tour:2026:5,5,3,1,,181,,del Toro Isaac,,,,,,,
uae-tour:2026:5,5,4,2,,21,,Tiberi Antonio,,,,,,,
uae-tour:2026:5,5,5,11,,201,,Malucelli Matteo,,,,,,,
uae-tour:2026:5,5,6,7,,117,,Vernon Ethan,,,,,,,
uae-tour:2026:5,5,7,5,,1,,Evenepoel Remco,,,,,,,
uae-tour:2026:5,5,8,6,,81,,Van Eetvelt Lennert,,,,,,,
uae-tour:2026:5,5,9,8,,143,,Gamper Patrick,,,,,,,
uae-tour:2026:5,5,10,9,,61,,Tarling Joshua,,,,,,,
uae-tour:2026:5,5,11,10,,33,,Bol Cees,,,,,,,
uae-tour:2026:5,5,12,,,193,,Blikra Erlend,,,,,,,
uae-tour:2026:5,5,13,29,,144,,Mezgec Luka,,,,,,,
uae-tour:2026:5,5,14,12,,53,,Cavagna Rémi,,,,,,,
uae-tour:2026:5,5,15,13,,16,,Thijssen Gerben,,,,,,,
uae-tour:2026:5,5,16,14,,56,,Milan Matteo,,,,,,,
uae-tour:2026:5,5,17,23,,83,,De Schuyteneer Steffen,,,,,,,
uae-tour:2026:5,5,18,15,,91,,de Bod Stefan,,,,,,,
uae-tour:2026:5,5,19,,,6,,Moscon Gianni,,,,,,,
uae-tour:2026:5,5,20,16,,14,,Rickaert Jonas,,,,,,,
uae-tour:2026:5,5,21,17,,207,,Tejada Harold,,,,,,,
uae-tour:2026:5,5,22,18,,134,,Hayter Ethan,,,,,,,
uae-tour:2026:5,5,23,19,,146,,Plapp Luke,,,,,,,
uae-tour:2026:5,5,24,20,,131,,Van Wilder Ilan,,,,,,,
uae-tour:2026:5,5,25,21,,31,,Gall Felix,,,,,,,
uae-tour:2026:5,5,26,22,,35,,Hoole Daan,,,,,,,
uae-tour:2026:5,5,27,24,,96,,Pickrell Riley,,,,,,,
uae-tour:2026:5,5,28,25,,205,,Romele Alessandro,,,,,,,
uae-tour:2026:5,5,29,26,,172,,Froidevaux Robin,,,,,,,
uae-tour:2026:5,5,30,,,27,,Skerl Daniel,,,,,,,
uae-tour:2026:5,5,31,27,,196,,Johannessen Tobias Halland,,,,,,,
uae-tour:2026:5,5,32,,,127,,Zukowsky Nickolas,,,,,,,
uae-tour:2026:5,5,33,28,,167,,Tulett Ben,,,,,,,
uae-tour:2026:5,5,34,30,,73,,Gee-West Derek,,,,,,,
uae-tour:2026:5,5,35,31,,46,,Steinhauser Georg,,,,,,,
uae-tour:2026:5,5,36,32,,154,,Knox James,,,,,,,
uae-tour:2026:5,5,37,33,,63,,Shmidt Artem,,,,,,,
uae-tour:2026:5,5,38,34,,166,,Nordhagen Jørgen,,,,,,,
uae-tour:2026:5,5,39,35,,186,,Vermeersch Florian,,,,,,,
uae-tour:2026:5,5,40,,,54,,Huens Axel,,,,,,,
uae-tour:2026:5,5,41,36,,11,,Dehairs Simon,,,,,,,
uae-tour:2026:5,5,42,,,74,,Ghebreigzabhier Amanuel,,,,,,,
uae-tour:2026:5,5,43,,,44,,Mihkels Madis,,,,,,,
uae-tour:2026:5,5,44,37,,67,,Welsford Sam,,,,,,,
uae-tour:2026:5,5,45,38,,32,,Bissegger Stefan,,,,,,,
uae-tour:2026:5,5,46,39,,62,,Øxenberg Peter,,,,,,,
uae-tour:2026:5,5,47,,,125,,Parisini Nicolò,,,,,,,
uae-tour:2026:5,5,48,40,,123,,Houcou Emmanuel,,,,,,,
uae-tour:2026:5,5,49,41,,182,,Herregodts Rune,,,,,,,
uae-tour:2026:6,6,1,3,,181,,del Toro Isaac,,,,,,,
uae-tour:2026:6,6,2,1,,71,,Milan Jonathan,,,,,,,
uae-tour:2026:6,6,3,4,,21,,Tiberi Antonio,,,,,,,
uae-tour:2026:6,6,4,2,,12,,Dillier Silvan,,,,,,,
uae-tour:2026:6,6,5,5,,201,,Malucelli Matteo,,,,,,,
uae-tour:2026:6,6,6,23,,146,,Plapp Luke,,,,,,,
uae-tour:2026:6,6,7,6,,117,,Vernon Ethan,,,,,,,
uae-tour:2026:6,6,8,7,,1,,Evenepoel Remco,,,,,,,
uae-tour:2026:6,6,9,25,,31,,Gall Felix,,,,,,,
uae-tour:2026:6,6,10,8,,81,,Van Eetvelt Lennert,,,,,,,
uae-tour:2026:6,6,11,10,,61,,Tarling Joshua,,,,,,,
uae-tour:2026:6,6,12,9,,143,,Gamper Patrick,,,,,,,
uae-tour:2026:6,6,13,11,,33,,Bol Cees,,,,,,,
uae-tour:2026:6,6,14,12,,193,,Blikra Erlend,,,,,,,
uae-tour:2026:6,6,15,13,,144,,Mezgec Luka,,,,,,,
uae-tour:2026:6,6,16,31,,196,,Johannessen Tobias Halland,,,,,,,
uae-tour:2026:6,6,17,21,,207,,Tejada Harold,,,,,,,
uae-tour:2026:6,6,18,14,,53,,Cavagna Rémi,,,,,,,
uae-tour:2026:6,6,19,15,,16,,Thijssen Gerben,,,,,,,
uae-tour:2026:6,6,20,16,,56,,Milan Matteo,,,,,,,
uae-tour:2026:6,6,21,40,,54,,Huens Axel,,,,,,,
uae-tour:2026:6,6,22,17,,83,,De Schuyteneer Steffen,,,,,,,
uae-tour:2026:6,6,23,18,,91,,de Bod Stefan,,,,,,,
uae-tour:2026:6,6,24,20,,14,,Rickaert Jonas,,,,,,,
uae-tour:2026:6,6,25,19,,6,,Moscon Gianni,,,,,,,
uae-tour:2026:6,6,26,22,,134,,Hayter Ethan,,,,,,,
uae-tour:2026:6,6,27,,,55,,Jacobs Johan,,,,,,,
uae-tour:2026:6,6,28,34,,73,,Gee-West Derek,,,,,,,
uae-tour:2026:6,6,29,38,,166,,Nordhagen Jørgen,,,,,,,
uae-tour:2026:6,6,30,24,,131,,Van Wilder Ilan,,,,,,,
uae-tour:2026:6,6,31,26,,35,,Hoole Daan,,,,,,,
uae-tour:2026:6,6,32,45,,32,,Bissegger Stefan,,,,,,,
uae-tour:2026:6,6,33,27,,96,,Pickrell Riley,,,,,,,
uae-tour:2026:6,6,34,28,,205,,Romele Alessandro,,,,,,,
uae-tour:2026:6,6,35,29,,172,,Froidevaux Robin,,,,,,,
uae-tour:2026:6,6,36,30,,27,,Skerl Daniel,,,,,,,
uae-tour:2026:6,6,37,32,,127,,Zukowsky Nickolas,,,,,,,
uae-tour:2026:6,6,38,33,,167,,Tulett Ben,,,,,,,
uae-tour:2026:6,6,39,,,97,,Stewart Mark,,,,,,,
uae-tour:2026:6,6,40,35,,46,,Steinhauser Georg,,,,,,,
uae-tour:2026:6,6,41,36,,154,,Knox James,,,,,,,
uae-tour:2026:6,6,42,37,,63,,Shmidt Artem,,,,,,,
uae-tour:2026:6,6,43,,,153,,Gaffuri Mattia,,,,,,,
uae-tour:2026:6,6,44,39,,186,,Vermeersch Florian,,,,,,,
uae-tour:2026:6,6,45,,,162,,Doull Owain,,,,,,,
uae-tour:2026:6,6,46,41,,11,,Dehairs Simon,,,,,,,
uae-tour:2026:6,6,47,,,51,,Gaudu David,,,,,,,
uae-tour:2026:6,6,48,46,,62,,Øxenberg Peter,,,,,,,
uae-tour:2026:6,6,49,42,,74,,Ghebreigzabhier Amanuel,,,,,,,
uae-tour:2026:6,6,50,43,,44,,Mihkels Madis,,,,,,,
uae-tour:2026:6,6,51,44,,67,,Welsford Sam,,,,,,,
uae-tour:2026:6,6,52,,,171,,Storer Michael,,,,,,,
uae-tour:2026:6,6,53,47,,125,,Parisini Nicolò,,,,,,,
uae-tour:2026:6,6,54,48,,123,,Houcou Emmanuel,,,,,,,
uae-tour:2026:6,6,55,49,,182,,Herregodts Rune,,,,,,,
uae-tour:2026:7,7,1,2,,71,,Milan Jonathan,,,,,,,
uae-tour:2026:7,7,2,1,,181,,del Toro Isaac,,,,,,,
uae-tour:2026:7,7,3,3,,21,,Tiberi Antonio,,,,,,,
uae-tour:2026:7,7,4,4,,12,,Dillier Silvan,,,,,,,
uae-tour:2026:7,7,5,5,,201,,Malucelli Matteo,,,,,,,
uae-tour:2026:7,7,6,7,,117,,Vernon Ethan,,,,,,,
uae-tour:2026:7,7,7,14,,193,,Blikra Erlend,,,,,,,
uae-tour:2026:7,7,8,6,,146,,Plapp Luke,,,,,,,
uae-tour:2026:7,7,9,8,,1,,Evenepoel Remco,,,,,,,
uae-tour:2026:7,7,10,9,,31,,Gall Felix,,,,,,,
uae-tour:2026:7,7,11,10,,81,,Van Eetvelt Lennert,,,,,,,
uae-tour:2026:7,7,12,11,,61,,Tarling Joshua,,,,,,,
uae-tour:2026:7,7,13,15,,144,,Mezgec Luka,,,,,,,
uae-tour:2026:7,7,14,12,,143,,Gamper Patrick,,,,,,,
uae-tour:2026:7,7,15,31,,35,,Hoole Daan,,,,,,,
uae-tour:2026:7,7,16,19,,16,,Thijssen Gerben,,,,,,,
uae-tour:2026:7,7,17,13,,33,,Bol Cees,,,,,,,
uae-tour:2026:7,7,18,51,,67,,Welsford Sam,,,,,,,
uae-tour:2026:7,7,19,,,175,,Mikutis Aivaras,,,,,,,
uae-tour:2026:7,7,20,16,,196,,Johannessen Tobias Halland,,,,,,,
uae-tour:2026:7,7,21,17,,207,,Tejada Harold,,,,,,,
uae-tour:2026:7,7,22,18,,53,,Cavagna Rémi,,,,,,,
uae-tour:2026:7,7,23,20,,56,,Milan Matteo,,,,,,,
uae-tour:2026:7,7,24,21,,54,,Huens Axel,,,,,,,
uae-tour:2026:7,7,25,22,,83,,De Schuyteneer Steffen,,,,,,,
uae-tour:2026:7,7,26,23,,91,,de Bod Stefan,,,,,,,
uae-tour:2026:7,7,27,24,,14,,Rickaert Jonas,,,,,,,
uae-tour:2026:7,7,28,25,,6,,Moscon Gianni,,,,,,,
uae-tour:2026:7,7,29,33,,96,,Pickrell Riley,,,,,,,
uae-tour:2026:7,7,30,26,,134,,Hayter Ethan,,,,,,,
uae-tour:2026:7,7,31,27,,55,,Jacobs Johan,,,,,,,
uae-tour:2026:7,7,32,28,,73,,Gee-West Derek,,,,,,,
uae-tour:2026:7,7,33,29,,166,,Nordhagen Jørgen,,,,,,,
uae-tour:2026:7,7,34,,,7,,Thornley Callum,,,,,,,
uae-tour:2026:7,7,35,36,,27,,Skerl Daniel,,,,,,,
uae-tour:2026:7,7,36,30,,131,,Van Wilder Ilan,,,,,,,
uae-tour:2026:7,7,37,50,,44,,Mihkels Madis,,,,,,,
uae-tour:2026:7,7,38,32,,32,,Bissegger Stefan,,,,,,,
uae-tour:2026:7,7,39,34,,205,,Romele Alessandro,,,,,,,
uae-tour:2026:7,7,40,35,,172,,Froidevaux Robin,,,,,,,
uae-tour:2026:7,7,41,37,,127,,Zukowsky Nickolas,,,,,,,
uae-tour:2026:7,7,42,38,,167,,Tulett Ben,,,,,,,
uae-tour:2026:7,7,43,39,,97,,Stewart Mark,,,,,,,
uae-tour:2026:7,7,44,40,,46,,Steinhauser Georg,,,,,,,
uae-tour:2026:7,7,45,41,,154,,Knox James,,,,,,,
uae-tour:2026:7,7,46,42,,63,,Shmidt Artem,,,,,,,
uae-tour:2026:7,7,47,43,,153,,Gaffuri Mattia,,,,,,,
uae-tour:2026:7,7,48,44,,186,,Vermeersch Florian,,,,,,,
uae-tour:2026:7,7,49,45,,162,,Doull Owain,,,,,,,
uae-tour:2026:7,7,50,,,95,,Caudell Ezra,,,,,,,
uae-tour:2026:7,7,51,46,,11,,Dehairs Simon,,,,,,,
uae-tour:2026:7,7,52,47,,51,,Gaudu David,,,,,,,
uae-tour:2026:7,7,53,48,,62,,Øxenberg Peter,,,,,,,
uae-tour:2026:7,7,54,49,,74,,Ghebreigzabhier Amanuel,,,,,,,
uae-tour:2026:7,7,55,52,,171,,Storer Michael,,,,,,,
uae-tour:2026:7,7,56,,,103,,Milesi Lorenzo,,,,,,,
uae-tour:2026:7,7,57,53,,125,,Parisini Nicolò,,,,,,,
uae-tour:2026:7,7,58,54,,123,,Houcou Emmanuel,,,,,,,
uae-tour:2026:7,7,59,55,,182,,Herregodts Rune,,,,,,,
volta-a-catalunya:2026:1,1,1,,,72,,Godon Dorian,,,,,,,
volta-a-catalunya:2026:1,1,2,,,167,,Veistroffer Baptiste,,,,,,,
volta-a-catalunya:2026:1,1,3,,,1,,Evenepoel Remco,,,,,,,
volta-a-catalunya:2026:1,1,4,,,171,,Pidcock Tom,,,,,,,
volta-a-catalunya:2026:1,1,5,,,197,,Aznar Hugo,,,,,,,
volta-a-catalunya:2026:1,1,6,,,217,,Burnett Josh,,,,,,,
volta-a-catalunya:2026:1,1,7,,,226,,Stites Tyler,,,,,,,
volta-a-catalunya:2026:2,2,1,2,,167,,Veistroffer Baptiste,,,,,,,
volta-a-catalunya:2026:2,2,2,1,,72,,Godon Dorian,,,,,,,
volta-a-catalunya:2026:2,2,3,,,102,,Cort Magnus,,,,,,,
volta-a-catalunya:2026:2,2,4,3,,1,,Evenepoel Remco,,,,,,,
volta-a-catalunya:2026:2,2,5,,,64,,Isidore Noa,,,,,,,
volta-a-catalunya:2026:2,2,6,,,166,,Slock Liam,,,,,,,
volta-a-catalunya:2026:2,2,7,4,,171,,Pidcock Tom,,,,,,,
volta-a-catalunya:2026:2,2,8,,,81,,Busatto Francesco,,,,,,,
volta-a-catalunya:2026:2,2,9,5,,197,,Aznar Hugo,,,,,,,
volta-a-catalunya:2026:2,2,10,6,,217,,Burnett Josh,,,,,,,
volta-a-catalunya:2026:2,2,11,,,205,,Fernández Samuel,,,,,,,
volta-a-catalunya:2026:2,2,12,7,,226,,Stites Tyler,,,,,,,
volta-a-catalunya:2026:2,2,13,,,195,,Uriarte Diego,,,,,,,
volta-a-catalunya:2026:3,3,1,2,,72,,Godon Dorian,,,,,,,
volta-a-catalunya:2026:3,3,2,1,,167,,Veistroffer Baptiste,,,,,,,
volta-a-catalunya:2026:3,3,3,3,,102,,Cort Magnus,,,,,,,
volta-a-catalunya:2026:3,3,4,4,,1,,Evenepoel Remco,,,,,,,
volta-a-catalunya:2026:3,3,5,5,,64,,Isidore Noa,,,,,,,
volta-a-catalunya:2026:3,3,6,,,121,,Vernon Ethan,,,,,,,
volta-a-catalunya:2026:3,3,7,6,,166,,Slock Liam,,,,,,,
volta-a-catalunya:2026:3,3,8,7,,171,,Pidcock Tom,,,,,,,
volta-a-catalunya:2026:3,3,9,8,,81,,Busatto Francesco,,,,,,,
volta-a-catalunya:2026:3,3,10,10,,217,,Burnett Josh,,,,,,,
volta-a-catalunya:2026:3,3,11,,,115,,Hobbs Noah,,,,,,,
volta-a-catalunya:2026:3,3,12,9,,197,,Aznar Hugo,,,,,,,
volta-a-catalunya:2026:3,3,13,,,21,,Vingegaard Jonas,,,,,,,
volta-a-catalunya:2026:3,3,14,11,,205,,Fernández Samuel,,,,,,,
volta-a-catalunya:2026:3,3,15,13,,195,,Uriarte Diego,,,,,,,
volta-a-catalunya:2026:3,3,16,,,13,,McNulty Brandon,,,,,,,
volta-a-catalunya:2026:3,3,17,12,,226,,Stites Tyler,,,,,,,
volta-a-catalunya:2026:4,4,1,1,,72,,Godon Dorian,,,,,,,
volta-a-catalunya:2026:4,4,2,2,,167,,Veistroffer Baptiste,,,,,,,
volta-a-catalunya:2026:4,4,3,6,,121,,Vernon Ethan,,,,,,,
volta-a-catalunya:2026:4,4,4,8,,171,,Pidcock Tom,,,,,,,
volta-a-catalunya:2026:4,4,5,4,,1,,Evenepoel Remco,,,,,,,
volta-a-catalunya:2026:4,4,6,3,,102,,Cort Magnus,,,,,,,
volta-a-catalunya:2026:4,4,7,5,,64,,Isidore Noa,,,,,,,
volta-a-catalunya:2026:4,4,8,7,,166,,Slock Liam,,,,,,,
volta-a-catalunya:2026:4,4,9,14,,205,,Fernández Samuel,,,,,,,
volta-a-catalunya:2026:4,4,10,9,,81,,Busatto Francesco,,,,,,,
volta-a-catalunya:2026:4,4,11,10,,217,,Burnett Josh,,,,,,,
volta-a-catalunya:2026:4,4,12,11,,115,,Hobbs Noah,,,,,,,
volta-a-catalunya:2026:4,4,13,12,,197,,Aznar Hugo,,,,,,,
volta-a-catalunya:2026:4,4,14,13,,21,,Vingegaard Jonas,,,,,,,
volta-a-catalunya:2026:4,4,15,,,161,,Gualdi Simone,,,,,,,
volta-a-catalunya:2026:4,4,16,,,213,,Kudus Merhawi,,,,,,,
volta-a-catalunya:2026:4,4,17,,,174,,González David,,,,,,,
volta-a-catalunya:2026:4,4,18,15,,195,,Uriarte Diego,,,,,,,
volta-a-catalunya:2026:4,4,19,,,55,,Raccagni Noviero Andrea,,,,,,,
volta-a-catalunya:2026:4,4,20,16,,13,,McNulty Brandon,,,,,,,
volta-a-catalunya:2026:4,4,21,17,,226,,Stites Tyler,,,,,,,
volta-a-catalunya:2026:5,5,1,1,,72,,Godon Dorian,,,,,,,
volta-a-catalunya:2026:5,5,2,2,,167,,Veistroffer Baptiste,,,,,,,
volta-a-catalunya:2026:5,5,3,3,,121,,Vernon Ethan,,,,,,,
volta-a-catalunya:2026:5,5,4,4,,171,,Pidcock Tom,,,,,,,
volta-a-catalunya:2026:5,5,5,14,,21,,Vingegaard Jonas,,,,,,,
volta-a-catalunya:2026:5,5,6,5,,1,,Evenepoel Remco,,,,,,,
volta-a-catalunya:2026:5,5,7,6,,102,,Cort Magnus,,,,,,,
volta-a-catalunya:2026:5,5,8,,,61,,Gall Felix,,,,,,,
volta-a-catalunya:2026:5,5,9,8,,166,,Slock Liam,,,,,,,
volta-a-catalunya:2026:5,5,10,9,,205,,Fernández Samuel,,,,,,,
volta-a-catalunya:2026:5,5,11,,,91,,Martinez Lenny,,,,,,,
volta-a-catalunya:2026:5,5,12,11,,217,,Burnett Josh,,,,,,,
volta-a-catalunya:2026:5,5,13,10,,81,,Busatto Francesco,,,,,,,
volta-a-catalunya:2026:5,5,14,,,32,,Ciccone Giulio,,,,,,,
volta-a-catalunya:2026:5,5,15,13,,197,,Aznar Hugo,,,,,,,
volta-a-catalunya:2026:5,5,16,,,23,,Piganzoli Davide,,,,,,,
volta-a-catalunya:2026:5,5,17,15,,161,,Gualdi Simone,,,,,,,
volta-a-catalunya:2026:5,5,18,16,,213,,Kudus Merhawi,,,,,,,
volta-a-catalunya:2026:5,5,19,17,,174,,González David,,,,,,,
volta-a-catalunya:2026:5,5,20,18,,195,,Uriarte Diego,,,,,,,
volta-a-catalunya:2026:5,5,21,20,,13,,McNulty Brandon,,,,,,,
volta-a-catalunya:2026:5,5,22,,,14,,Soler Marc,,,,,,,
volta-a-catalunya:2026:5,5,23,19,,55,,Raccagni Noviero Andrea,,,,,,,
volta-a-catalunya:2026:5,5,24,21,,226,,Stites Tyler,,,,,,,
volta-a-catalunya:2026:6,6,1,1,,72,,Godon Dorian,,,,,,,
volta-a-catalunya:2026:6,6,2,5,,21,,Vingegaard Jonas,,,,,,,
volta-a-catalunya:2026:6,6,3,2,,167,,Veistroffer Baptiste,,,,,,,
volta-a-catalunya:2026:6,6,4,3,,121,,Vernon Ethan,,,,,,,
volta-a-catalunya:2026:6,6,5,11,,91,,Martinez Lenny,,,,,,,
volta-a-catalunya:2026:6,6,6,6,,1,,Evenepoel Remco,,,,,,,
volta-a-catalunya:2026:6,6,7,7,,102,,Cort Magnus,,,,,,,
volta-a-catalunya:2026:6,6,8,14,,32,,Ciccone Giulio,,,,,,,
volta-a-catalunya:2026:6,6,9,8,,61,,Gall Felix,,,,,,,
volta-a-catalunya:2026:6,6,10,9,,166,,Slock Liam,,,,,,,
volta-a-catalunya:2026:6,6,11,10,,205,,Fernández Samuel,,,,,,,
volta-a-catalunya:2026:6,6,12,,,2,,Lipowitz Florian,,,,,,,
volta-a-catalunya:2026:6,6,13,12,,217,,Burnett Josh,,,,,,,
volta-a-catalunya:2026:6,6,14,13,,81,,Busatto Francesco,,,,,,,
volta-a-catalunya:2026:6,6,15,22,,14,,Soler Marc,,,,,,,
volta-a-catalunya:2026:6,6,16,15,,197,,Aznar Hugo,,,,,,,
volta-a-catalunya:2026:6,6,17,16,,23,,Piganzoli Davide,,,,,,,
volta-a-catalunya:2026:6,6,18,17,,161,,Gualdi Simone,,,,,,,
volta-a-catalunya:2026:6,6,19,18,,213,,Kudus Merhawi,,,,,,,
volta-a-catalunya:2026:6,6,20,20,,195,,Uriarte Diego,,,,,,,
volta-a-catalunya:2026:6,6,21,19,,174,,González David,,,,,,,
volta-a-catalunya:2026:6,6,22,21,,13,,McNulty Brandon,,,,,,,
volta-a-catalunya:2026:6,6,23,,,75,,Svestad-Bårdseng Embret,,,,,,,
volta-a-catalunya:2026:6,6,24,23,,55,,Raccagni Noviero Andrea,,,,,,,
volta-a-catalunya:2026:6,6,25,24,,226,,Stites Tyler,,,,,,,
volta-a-catalunya:2026:7,7,1,1,,72,,Godon Dorian,,,,,,,
volta-a-catalunya:2026:7,7,2,2,,21,,Vingegaard Jonas,,,,,,,
volta-a-catalunya:2026:7,7,3,3,,167,,Veistroffer Baptiste,,,,,,,
volta-a-catalunya:2026:7,7,4,4,,121,,Vernon Ethan,,,,,,,
volta-a-catalunya:2026:7,7,5,6,,1,,Evenepoel Remco,,,,,,,
volta-a-catalunya:2026:7,7,6,7,,102,,Cort Magnus,,,,,,,
volta-a-catalunya:2026:7,7,7,5,,91,,Martinez Lenny,,,,,,,
volta-a-catalunya:2026:7,7,8,10,,166,,Slock Liam,,,,,,,
volta-a-catalunya:2026:7,7,9,,,122,,Gilmore Brady,,,,,,,
volta-a-catalunya:2026:7,7,10,8,,32,,Ciccone Giulio,,,,,,,
volta-a-catalunya:2026:7,7,11,,,133,,Rubio Einer,,,,,,,
volta-a-catalunya:2026:7,7,12,9,,61,,Gall Felix,,,,,,,
volta-a-catalunya:2026:7,7,13,11,,205,,Fernández Samuel,,,,,,,
volta-a-catalunya:2026:7,7,14,12,,2,,Lipowitz Florian,,,,,,,
volta-a-catalunya:2026:7,7,15,13,,217,,Burnett Josh,,,,,,,
volta-a-catalunya:2026:7,7,16,14,,81,,Busatto Francesco,,,,,,,
volta-a-catalunya:2026:7,7,17,15,,14,,Soler Marc,,,,,,,
volta-a-catalunya:2026:7,7,18,16,,197,,Aznar Hugo,,,,,,,
volta-a-catalunya:2026:7,7,19,17,,23,,Piganzoli Davide,,,,,,,
volta-a-catalunya:2026:7,7,20,22,,13,,McNulty Brandon,,,,,,,
volta-a-catalunya:2026:7,7,21,18,,161,,Gualdi Simone,,,,,,,
volta-a-catalunya:2026:7,7,22,,,117,,Rafferty Darren,,,,,,,
volta-a-catalunya:2026:7,7,23,19,,213,,Kudus Merhawi,,,,,,,
volta-a-catalunya:2026:7,7,24,20,,195,,Uriarte Diego,,,,,,,
volta-a-catalunya:2026:7,7,25,21,,174,,González David,,,,,,,
volta-a-catalunya:2026:7,7,26,23,,75,,Svestad-Bårdseng Embret,,,,,,,
volta-a-catalunya:2026:7,7,27,24,,55,,Raccagni Noviero Andrea,,,,,,,
volta-a-catalunya:2026:7,7,28,25,,226,,Stites Tyler,,,,,,,
