Stage UID,Stage,Rank,Previous Stage Ranking,Change,Bib,Specialty,Rider,Age,Team,Points,Today
itzulia-basque-country:2026:1,1,1,,,61,,Seixas Paul,,,,
itzulia-basque-country:2026:1,1,2,,,42,,Mollema Bauke,,,,
itzulia-basque-country:2026:1,1,3,,,32,,McNulty Brandon,,,,
itzulia-basque-country:2026:2,2,1,1,,61,,Seixas Paul,,,,
itzulia-basque-country:2026:2,2,2,,,156,,Bou Joan,,,,
itzulia-basque-country:2026:2,2,3,,,46,,Skjelmose Mattias,,,,
itzulia-basque-country:2026:2,2,4,,,176,,Baudin Alex,,,,
itzulia-basque-country:2026:2,2,5,,,167,,Mintegi Iker,,,,
itzulia-basque-country:2026:2,2,6,,,53,,Lipowitz Florian,,,,
itzulia-basque-country:2026:2,2,7,,,91,,Uijtdebroeks Cian,,,,
itzulia-basque-country:2026:2,2,8,,,191,,Armirail Bruno,,,,
itzulia-basque-country:2026:2,2,9,2,,42,,Mollema Bauke,,,,
itzulia-basque-country:2026:2,2,10,,,77,,Fajardo Adrián,,,,
itzulia-basque-country:2026:2,2,11,,,141,,Izagirre Ion,,,,
itzulia-basque-country:2026:2,2,12,,,94,,García Pierna Raúl,,,,
itzulia-basque-country:2026:2,2,13,3,,32,,McNulty Brandon,,,,
itzulia-basque-country:2026:2,2,14,,,7,,Hayter Ethan,,,,
itzulia-basque-country:2026:2,2,15,,,101,,van den Broek Frank,,,,
itzulia-basque-country:2026:3,3,1,2,,156,,Bou Joan,,,,
itzulia-basque-country:2026:3,3,2,1,,61,,Seixas Paul,,,,
itzulia-basque-country:2026:3,3,3,,,33,,Arrieta Igor,,,,
itzulia-basque-country:2026:3,3,4,3,,46,,Skjelmose Mattias,,,,
itzulia-basque-country:2026:3,3,5,4,,176,,Baudin Alex,,,,
itzulia-basque-country:2026:3,3,6,5,,167,,Mintegi Iker,,,,
itzulia-basque-country:2026:3,3,7,6,,53,,Lipowitz Florian,,,,
itzulia-basque-country:2026:3,3,8,,,202,,Johannessen Tobias Halland,,,,
itzulia-basque-country:2026:3,3,9,7,,91,,Uijtdebroeks Cian,,,,
itzulia-basque-country:2026:3,3,10,,,6,,Van Wilder Ilan,,,,
itzulia-basque-country:2026:3,3,11,,,12,,Fortunato Lorenzo,,,,
itzulia-basque-country:2026:3,3,12,,,185,,Laurance Axel,,,,
itzulia-basque-country:2026:3,3,13,9,,42,,Mollema Bauke,,,,
itzulia-basque-country:2026:3,3,14,8,,191,,Armirail Bruno,,,,
itzulia-basque-country:2026:3,3,15,10,,77,,Fajardo Adrián,,,,
itzulia-basque-country:2026:3,3,16,11,,141,,Izagirre Ion,,,,
itzulia-basque-country:2026:3,3,17,,,175,,van der Lee Jardi Christiaan,,,,
itzulia-basque-country:2026:3,3,18,14,,7,,Hayter Ethan,,,,
itzulia-basque-country:2026:3,3,19,,,95,,Tesfatsion Natnael,,,,
itzulia-basque-country:2026:3,3,20,12,,94,,García Pierna Raúl,,,,
itzulia-basque-country:2026:3,3,21,13,,32,,McNulty Brandon,,,,
itzulia-basque-country:2026:3,3,22,15,,101,,van den Broek Frank,,,,
itzulia-basque-country:2026:3,3,23,,,215,,Thompson Reuben,,,,
itzulia-basque-country:2026:4,4,1,1,,156,,Bou Joan,,,,
itzulia-basque-country:2026:4,4,2,2,,61,,Seixas Paul,,,,
itzulia-basque-country:2026:4,4,3,3,,33,,Arrieta Igor,,,,
itzulia-basque-country:2026:4,4,4,8,,202,,Johannessen Tobias Halland,,,,
itzulia-basque-country:2026:4,4,5,4,,46,,Skjelmose Mattias,,,,
itzulia-basque-country:2026:4,4,6,21,,32,,McNulty Brandon,,,,
itzulia-basque-country:2026:4,4,7,,,142,,Aranburu Alex,,,,
itzulia-basque-country:2026:4,4,8,5,,176,,Baudin Alex,,,,
itzulia-basque-country:2026:4,4,9,6,,167,,Mintegi Iker,,,,
itzulia-basque-country:2026:4,4,10,,,203,,Johannessen Anders Halland,,,,
itzulia-basque-country:2026:4,4,11,,,37,,Soler Marc,,,,
itzulia-basque-country:2026:4,4,12,7,,53,,Lipowitz Florian,,,,
itzulia-basque-country:2026:4,4,13,,,204,,Kron Andreas,,,,
itzulia-basque-country:2026:4,4,14,,,93,,López Juan Pedro,,,,
itzulia-basque-country:2026:4,4,15,17,,175,,van der Lee Jardi Christiaan,,,,
itzulia-basque-country:2026:4,4,16,9,,91,,Uijtdebroeks Cian,,,,
itzulia-basque-country:2026:4,4,17,,,21,,Martin Guillaume,,,,
itzulia-basque-country:2026:4,4,18,11,,12,,Fortunato Lorenzo,,,,
itzulia-basque-country:2026:4,4,19,10,,6,,Van Wilder Ilan,,,,
itzulia-basque-country:2026:4,4,20,,,25,,Pacher Quentin,,,,
itzulia-basque-country:2026:4,4,21,,,47,,Simmons Quinn,,,,
itzulia-basque-country:2026:4,4,22,12,,185,,Laurance Axel,,,,
itzulia-basque-country:2026:4,4,23,14,,191,,Armirail Bruno,,,,
itzulia-basque-country:2026:4,4,24,13,,42,,Mollema Bauke,,,,
itzulia-basque-country:2026:4,4,25,15,,77,,Fajardo Adrián,,,,
itzulia-basque-country:2026:4,4,26,16,,141,,Izagirre Ion,,,,
itzulia-basque-country:2026:4,4,27,,,183,,Vauquelin Kévin,,,,
itzulia-basque-country:2026:4,4,28,23,,215,,Thompson Reuben,,,,
itzulia-basque-country:2026:4,4,29,,,16,,Scaroni Christian,,,,
itzulia-basque-country:2026:4,4,30,19,,95,,Tesfatsion Natnael,,,,
itzulia-basque-country:2026:4,4,31,20,,94,,García Pierna Raúl,,,,
itzulia-basque-country:2026:4,4,32,18,,7,,Hayter Ethan,,,,
itzulia-basque-country:2026:4,4,33,,,171,,Healy Ben,,,,
itzulia-basque-country:2026:4,4,34,,,126,,Glivar Gal,,,,
itzulia-basque-country:2026:4,4,35,22,,101,,van den Broek Frank,,,,
itzulia-basque-country:2026:5,5,1,2,,61,,Seixas Paul,,,,
itzulia-basque-country:2026:5,5,2,1,,156,,Bou Joan,,,,
itzulia-basque-country:2026:5,5,3,10,,203,,Johannessen Anders Halland,,,,
itzulia-basque-country:2026:5,5,4,12,,53,,Lipowitz Florian,,,,
itzulia-basque-country:2026:5,5,5,11,,37,,Soler Marc,,,,
itzulia-basque-country:2026:5,5,6,3,,33,,Arrieta Igor,,,,
itzulia-basque-country:2026:5,5,7,27,,183,,Vauquelin Kévin,,,,
itzulia-basque-country:2026:5,5,8,4,,202,,Johannessen Tobias Halland,,,,
itzulia-basque-country:2026:5,5,9,,,97,,Romo Javier,,,,
itzulia-basque-country:2026:5,5,10,,,65,,Prodhomme Nicolas,,,,
itzulia-basque-country:2026:5,5,11,8,,176,,Baudin Alex,,,,
itzulia-basque-country:2026:5,5,12,5,,46,,Skjelmose Mattias,,,,
itzulia-basque-country:2026:5,5,13,6,,32,,McNulty Brandon,,,,
itzulia-basque-country:2026:5,5,14,14,,93,,López Juan Pedro,,,,
itzulia-basque-country:2026:5,5,15,7,,142,,Aranburu Alex,,,,
itzulia-basque-country:2026:5,5,16,,,172,,Beloki Markel,,,,
itzulia-basque-country:2026:5,5,17,9,,167,,Mintegi Iker,,,,
itzulia-basque-country:2026:5,5,18,,,216,,Veistroffer Baptiste,,,,
itzulia-basque-country:2026:5,5,19,13,,204,,Kron Andreas,,,,
itzulia-basque-country:2026:5,5,20,,,51,,Roglič Primož,,,,
itzulia-basque-country:2026:5,5,21,33,,171,,Healy Ben,,,,
itzulia-basque-country:2026:5,5,22,,,195,,Kruijswijk Steven,,,,
itzulia-basque-country:2026:5,5,23,26,,141,,Izagirre Ion,,,,
itzulia-basque-country:2026:5,5,24,15,,175,,van der Lee Jardi Christiaan,,,,
itzulia-basque-country:2026:5,5,25,16,,91,,Uijtdebroeks Cian,,,,
itzulia-basque-country:2026:5,5,26,17,,21,,Martin Guillaume,,,,
itzulia-basque-country:2026:5,5,27,18,,12,,Fortunato Lorenzo,,,,
itzulia-basque-country:2026:5,5,28,,,52,,Etxeberria Haimar,,,,
itzulia-basque-country:2026:5,5,29,,,36,,Pericas Adrià,,,,
itzulia-basque-country:2026:5,5,30,20,,25,,Pacher Quentin,,,,
itzulia-basque-country:2026:5,5,31,19,,6,,Van Wilder Ilan,,,,
itzulia-basque-country:2026:5,5,32,21,,47,,Simmons Quinn,,,,
itzulia-basque-country:2026:5,5,33,23,,191,,Armirail Bruno,,,,
itzulia-basque-country:2026:5,5,34,25,,77,,Fajardo Adrián,,,,
itzulia-basque-country:2026:5,5,35,24,,42,,Mollema Bauke,,,,
itzulia-basque-country:2026:5,5,36,,,11,,Champoussin Clément,,,,
itzulia-basque-country:2026:5,5,37,,,107,,Gaffuri Mattia,,,,
itzulia-basque-country:2026:5,5,38,29,,16,,Scaroni Christian,,,,
itzulia-basque-country:2026:5,5,39,30,,95,,Tesfatsion Natnael,,,,
itzulia-basque-country:2026:5,5,40,31,,94,,García Pierna Raúl,,,,
itzulia-basque-country:2026:5,5,41,28,,215,,Thompson Reuben,,,,
itzulia-basque-country:2026:5,5,42,,,177,,Leonard Michael,,,,
itzulia-basque-country:2026:5,5,43,32,,7,,Hayter Ethan,,,,
itzulia-basque-country:2026:5,5,44,34,,126,,Glivar Gal,,,,
itzulia-basque-country:2026:5,5,45,35,,101,,van den Broek Frank,,,,
itzulia-basque-country:2026:6,6,1,1,,61,,Seixas Paul,,,,
itzulia-basque-country:2026:6,6,2,5,,37,,Soler Marc,,,,
itzulia-basque-country:2026:6,6,3,3,,203,,Johannessen Anders Halland,,,,
itzulia-basque-country:2026:6,6,4,12,,46,,Skjelmose Mattias,,,,
itzulia-basque-country:2026:6,6,5,4,,53,,Lipowitz Florian,,,,
itzulia-basque-country:2026:6,6,6,21,,171,,Healy Ben,,,,
itzulia-basque-country:2026:6,6,7,6,,33,,Arrieta Igor,,,,
itzulia-basque-country:2026:6,6,8,7,,183,,Vauquelin Kévin,,,,
itzulia-basque-country:2026:6,6,9,8,,202,,Johannessen Tobias Halland,,,,
itzulia-basque-country:2026:6,6,10,9,,97,,Romo Javier,,,,
itzulia-basque-country:2026:6,6,11,11,,176,,Baudin Alex,,,,
itzulia-basque-country:2026:6,6,12,,,181,,August Andrew,,,,
itzulia-basque-country:2026:6,6,13,16,,172,,Beloki Markel,,,,
itzulia-basque-country:2026:6,6,14,17,,167,,Mintegi Iker,,,,
itzulia-basque-country:2026:6,6,15,40,,94,,García Pierna Raúl,,,,
itzulia-basque-country:2026:6,6,16,19,,204,,Kron Andreas,,,,
itzulia-basque-country:2026:6,6,17,20,,51,,Roglič Primož,,,,
itzulia-basque-country:2026:6,6,18,23,,141,,Izagirre Ion,,,,
itzulia-basque-country:2026:6,6,19,44,,126,,Glivar Gal,,,,
itzulia-basque-country:2026:6,6,20,26,,21,,Martin Guillaume,,,,
itzulia-basque-country:2026:6,6,21,25,,91,,Uijtdebroeks Cian,,,,
itzulia-basque-country:2026:6,6,22,27,,12,,Fortunato Lorenzo,,,,
itzulia-basque-country:2026:6,6,23,29,,36,,Pericas Adrià,,,,
itzulia-basque-country:2026:6,6,24,,,186,,Øxenberg Peter,,,,
itzulia-basque-country:2026:6,6,25,30,,25,,Pacher Quentin,,,,
itzulia-basque-country:2026:6,6,26,45,,101,,van den Broek Frank,,,,
itzulia-basque-country:2026:6,6,27,33,,191,,Armirail Bruno,,,,
itzulia-basque-country:2026:6,6,28,36,,11,,Champoussin Clément,,,,
itzulia-basque-country:2026:6,6,29,42,,177,,Leonard Michael,,,,
itzulia-basque-country:2026:6,6,30,41,,215,,Thompson Reuben,,,,
paris-nice:2026:1,1,1,,,84,,Pedersen Casper,,,,
paris-nice:2026:1,1,2,,,196,,Le Berre Mathis,,,,
paris-nice:2026:1,1,3,,,167,,Walker Max,,,,
paris-nice:2026:1,1,4,,,214,,Grignard Sébastien,,,,
paris-nice:2026:1,1,5,,,114,,Gamper Patrick,,,,
paris-nice:2026:2,2,1,1,,84,,Pedersen Casper,,,,
paris-nice:2026:2,2,2,2,,196,,Le Berre Mathis,,,,
paris-nice:2026:2,2,3,3,,167,,Walker Max,,,,
paris-nice:2026:2,2,4,4,,214,,Grignard Sébastien,,,,
paris-nice:2026:2,2,5,5,,114,,Gamper Patrick,,,,
paris-nice:2026:2,2,6,,,197,,Vercher Mattéo,,,,
paris-nice:2026:2,2,7,,,195,,Dujardin Sandy,,,,
paris-nice:2026:2,2,8,,,93,,Boivin Guillaume,,,,
paris-nice:2026:4,4,1,1,,84,,Pedersen Casper,,,,
paris-nice:2026:4,4,2,2,,196,,Le Berre Mathis,,,,
paris-nice:2026:4,4,3,,,1,,Vingegaard Jonas,,,,
paris-nice:2026:4,4,4,,,16,,van Dijke Mick,,,,
paris-nice:2026:4,4,5,,,11,,Martínez Daniel Felipe,,,,
paris-nice:2026:4,4,6,,,15,,van Dijke Tim,,,,
paris-nice:2026:4,4,7,3,,167,,Walker Max,,,,
paris-nice:2026:4,4,8,4,,214,,Grignard Sébastien,,,,
paris-nice:2026:4,4,9,,,14,,Thornley Callum,,,,
paris-nice:2026:4,4,10,5,,114,,Gamper Patrick,,,,
paris-nice:2026:4,4,11,,,165,,Steinhauser Georg,,,,
paris-nice:2026:4,4,12,6,,197,,Vercher Mattéo,,,,
paris-nice:2026:4,4,13,7,,195,,Dujardin Sandy,,,,
paris-nice:2026:4,4,14,8,,93,,Boivin Guillaume,,,,
paris-nice:2026:5,5,1,3,,1,,Vingegaard Jonas,,,,
paris-nice:2026:5,5,2,1,,84,,Pedersen Casper,,,,
paris-nice:2026:5,5,3,2,,196,,Le Berre Mathis,,,,
paris-nice:2026:5,5,4,4,,16,,van Dijke Mick,,,,
paris-nice:2026:5,5,5,,,17,,Vlasov Aleksandr,,,,
paris-nice:2026:5,5,6,5,,11,,Martínez Daniel Felipe,,,,
paris-nice:2026:5,5,7,,,51,,Martinez Lenny,,,,
paris-nice:2026:5,5,8,6,,15,,van Dijke Tim,,,,
paris-nice:2026:5,5,9,,,74,,Cepeda Jefferson Alveiro,,,,
paris-nice:2026:5,5,10,,,81,,Paret-Peintre Valentin,,,,
paris-nice:2026:5,5,11,,,101,,Prodhomme Nicolas,,,,
paris-nice:2026:5,5,12,,,121,,Tejada Harold,,,,
paris-nice:2026:5,5,13,7,,167,,Walker Max,,,,
paris-nice:2026:5,5,14,,,26,,Vauquelin Kévin,,,,
paris-nice:2026:5,5,15,,,141,,Rondel Mathys,,,,
paris-nice:2026:5,5,16,,,62,,Cavagna Rémi,,,,
paris-nice:2026:5,5,17,,,127,,Vinokurov Nicolas,,,,
paris-nice:2026:5,5,18,8,,214,,Grignard Sébastien,,,,
paris-nice:2026:5,5,19,9,,14,,Thornley Callum,,,,
paris-nice:2026:5,5,20,10,,114,,Gamper Patrick,,,,
paris-nice:2026:5,5,21,11,,165,,Steinhauser Georg,,,,
paris-nice:2026:5,5,22,12,,197,,Vercher Mattéo,,,,
paris-nice:2026:5,5,23,,,25,,Tarling Joshua,,,,
paris-nice:2026:5,5,24,13,,195,,Dujardin Sandy,,,,
paris-nice:2026:5,5,25,14,,93,,Boivin Guillaume,,,,
paris-nice:2026:6,6,1,1,,1,,Vingegaard Jonas,,,,
paris-nice:2026:6,6,2,2,,84,,Pedersen Casper,,,,
paris-nice:2026:6,6,3,3,,196,,Le Berre Mathis,,,,
paris-nice:2026:6,6,4,4,,16,,van Dijke Mick,,,,
paris-nice:2026:6,6,5,5,,17,,Vlasov Aleksandr,,,,
paris-nice:2026:6,6,6,,,33,,Arrieta Igor,,,,
paris-nice:2026:6,6,7,12,,121,,Tejada Harold,,,,
paris-nice:2026:6,6,8,6,,11,,Martínez Daniel Felipe,,,,
paris-nice:2026:6,6,9,7,,51,,Martinez Lenny,,,,
paris-nice:2026:6,6,10,10,,81,,Paret-Peintre Valentin,,,,
paris-nice:2026:6,6,11,8,,15,,van Dijke Tim,,,,
paris-nice:2026:6,6,12,9,,74,,Cepeda Jefferson Alveiro,,,,
paris-nice:2026:6,6,13,,,145,,Kluckers Arthur,,,,
paris-nice:2026:6,6,14,23,,25,,Tarling Joshua,,,,
paris-nice:2026:6,6,15,11,,101,,Prodhomme Nicolas,,,,
paris-nice:2026:6,6,16,,,63,,Costiou Ewen,,,,
paris-nice:2026:6,6,17,21,,165,,Steinhauser Georg,,,,
paris-nice:2026:6,6,18,13,,167,,Walker Max,,,,
paris-nice:2026:6,6,19,14,,26,,Vauquelin Kévin,,,,
paris-nice:2026:6,6,20,15,,141,,Rondel Mathys,,,,
paris-nice:2026:6,6,21,16,,62,,Cavagna Rémi,,,,
paris-nice:2026:6,6,22,17,,127,,Vinokurov Nicolas,,,,
paris-nice:2026:6,6,23,,,142,,Barta Will,,,,
paris-nice:2026:6,6,24,19,,14,,Thornley Callum,,,,
paris-nice:2026:6,6,25,18,,214,,Grignard Sébastien,,,,
paris-nice:2026:6,6,26,20,,114,,Gamper Patrick,,,,
paris-nice:2026:6,6,27,22,,197,,Vercher Mattéo,,,,
paris-nice:2026:6,6,28,24,,195,,Dujardin Sandy,,,,
paris-nice:2026:6,6,29,,,66,,Pacher Quentin,,,,
paris-nice:2026:6,6,30,,,82,,Cras Steff,,,,
paris-nice:2026:6,6,31,25,,93,,Boivin Guillaume,,,,
paris-nice:2026:7,7,1,1,,1,,Vingegaard Jonas,,,,
paris-nice:2026:7,7,2,2,,84,,Pedersen Casper,,,,
paris-nice:2026:7,7,3,3,,196,,Le Berre Mathis,,,,
paris-nice:2026:7,7,4,4,,16,,van Dijke Mick,,,,
paris-nice:2026:7,7,5,5,,17,,Vlasov Aleksandr,,,,
paris-nice:2026:7,7,6,6,,33,,Arrieta Igor,,,,
paris-nice:2026:7,7,7,7,,121,,Tejada Harold,,,,
paris-nice:2026:7,7,8,8,,11,,Martínez Daniel Felipe,,,,
paris-nice:2026:7,7,9,9,,51,,Martinez Lenny,,,,
paris-nice:2026:7,7,10,10,,81,,Paret-Peintre Valentin,,,,
paris-nice:2026:7,7,11,12,,74,,Cepeda Jefferson Alveiro,,,,
paris-nice:2026:7,7,12,13,,145,,Kluckers Arthur,,,,
paris-nice:2026:7,7,13,14,,25,,Tarling Joshua,,,,
paris-nice:2026:7,7,14,15,,101,,Prodhomme Nicolas,,,,
paris-nice:2026:7,7,15,16,,63,,Costiou Ewen,,,,
paris-nice:2026:7,7,16,17,,165,,Steinhauser Georg,,,,
paris-nice:2026:7,7,17,18,,167,,Walker Max,,,,
paris-nice:2026:7,7,18,19,,26,,Vauquelin Kévin,,,,
paris-nice:2026:7,7,19,20,,141,,Rondel Mathys,,,,
paris-nice:2026:7,7,20,21,,62,,Cavagna Rémi,,,,
paris-nice:2026:7,7,21,22,,127,,Vinokurov Nicolas,,,,
paris-nice:2026:7,7,22,23,,142,,Barta Will,,,,
paris-nice:2026:7,7,23,24,,14,,Thornley Callum,,,,
paris-nice:2026:7,7,24,25,,214,,Grignard Sébastien,,,,
paris-nice:2026:7,7,25,26,,114,,Gamper Patrick,,,,
paris-nice:2026:7,7,26,27,,197,,Vercher Mattéo,,,,
paris-nice:2026:7,7,27,28,,195,,Dujardin Sandy,,,,
paris-nice:2026:7,7,28,29,,66,,Pacher Quentin,,,,
paris-nice:2026:7,7,29,30,,82,,Cras Steff,,,,
paris-nice:2026:7,7,30,31,,93,,Boivin Guillaume,,,,
paris-nice:2026:8,8,1,1,,1,,Vingegaard Jonas,,,,
paris-nice:2026:8,8,2,10,,81,,Paret-Peintre Valentin,,,,
paris-nice:2026:8,8,3,2,,84,,Pedersen Casper,,,,
paris-nice:2026:8,8,4,3,,196,,Le Berre Mathis,,,,
paris-nice:2026:8,8,5,9,,51,,Martinez Lenny,,,,
paris-nice:2026:8,8,6,7,,121,,Tejada Harold,,,,
paris-nice:2026:8,8,7,4,,16,,van Dijke Mick,,,,
paris-nice:2026:8,8,8,5,,17,,Vlasov Aleksandr,,,,
paris-nice:2026:8,8,9,6,,33,,Arrieta Igor,,,,
paris-nice:2026:8,8,10,8,,11,,Martínez Daniel Felipe,,,,
paris-nice:2026:8,8,11,,,37,,Soler Marc,,,,
paris-nice:2026:8,8,12,11,,74,,Cepeda Jefferson Alveiro,,,,
paris-nice:2026:8,8,13,16,,165,,Steinhauser Georg,,,,
paris-nice:2026:8,8,14,,,3,,Armirail Bruno,,,,
paris-nice:2026:8,8,15,12,,145,,Kluckers Arthur,,,,
paris-nice:2026:8,8,16,14,,101,,Prodhomme Nicolas,,,,
paris-nice:2026:8,8,17,13,,25,,Tarling Joshua,,,,
paris-nice:2026:8,8,18,19,,141,,Rondel Mathys,,,,
paris-nice:2026:8,8,19,17,,167,,Walker Max,,,,
paris-nice:2026:8,8,20,18,,26,,Vauquelin Kévin,,,,
paris-nice:2026:8,8,21,20,,62,,Cavagna Rémi,,,,
paris-nice:2026:8,8,22,,,4,,Campenaerts Victor,,,,
paris-nice:2026:8,8,23,21,,127,,Vinokurov Nicolas,,,,
paris-nice:2026:8,8,24,22,,142,,Barta Will,,,,
paris-nice:2026:8,8,25,24,,214,,Grignard Sébastien,,,,
paris-nice:2026:8,8,26,25,,114,,Gamper Patrick,,,,
paris-nice:2026:8,8,27,26,,197,,Vercher Mattéo,,,,
paris-nice:2026:8,8,28,28,,66,,Pacher Quentin,,,,
paris-nice:2026:8,8,29,29,,82,,Cras Steff,,,,
paris-nice:2026:8,8,30,27,,195,,Dujardin Sandy,,,,
tirreno-adriatico:2026:2,2,1,,,1,,van der Poel Mathieu,,,,
tirreno-adriatico:2026:2,2,2,,,186,,Sevilla Diego Pablo,,,,
tirreno-adriatico:2026:2,2,3,,,211,,del Toro Isaac,,,,
tirreno-adriatico:2026:2,2,4,,,33,,Bou Joan,,,,
tirreno-adriatico:2026:2,2,5,,,135,,Pellizzari Giulio,,,,
tirreno-adriatico:2026:2,2,6,,,24,,Tarozzi Manuele,,,,
tirreno-adriatico:2026:2,2,7,,,225,,Johannessen Tobias Halland,,,,
tirreno-adriatico:2026:2,2,8,,,141,,Iacchi Alessandro,,,,
tirreno-adriatico:2026:3,3,1,2,,186,,Sevilla Diego Pablo,,,,
tirreno-adriatico:2026:3,3,2,4,,33,,Bou Joan,,,,
tirreno-adriatico:2026:3,3,3,1,,1,,van der Poel Mathieu,,,,
tirreno-adriatico:2026:3,3,4,6,,24,,Tarozzi Manuele,,,,
tirreno-adriatico:2026:3,3,5,3,,211,,del Toro Isaac,,,,
tirreno-adriatico:2026:3,3,6,5,,135,,Pellizzari Giulio,,,,
tirreno-adriatico:2026:3,3,7,7,,225,,Johannessen Tobias Halland,,,,
tirreno-adriatico:2026:3,3,8,,,153,,Bastiaens Ayco,,,,
tirreno-adriatico:2026:3,3,9,8,,141,,Iacchi Alessandro,,,,
tirreno-adriatico:2026:4,4,1,1,,186,,Sevilla Diego Pablo,,,,
tirreno-adriatico:2026:4,4,2,,,66,,Rochas Rémy,,,,
tirreno-adriatico:2026:4,4,3,,,95,,Slock Liam,,,,
tirreno-adriatico:2026:4,4,4,5,,211,,del Toro Isaac,,,,
tirreno-adriatico:2026:4,4,5,3,,1,,van der Poel Mathieu,,,,
tirreno-adriatico:2026:4,4,6,2,,33,,Bou Joan,,,,
tirreno-adriatico:2026:4,4,7,,,163,,De Bondt Dries,,,,
tirreno-adriatico:2026:4,4,8,4,,24,,Tarozzi Manuele,,,,
tirreno-adriatico:2026:4,4,9,6,,135,,Pellizzari Giulio,,,,
tirreno-adriatico:2026:4,4,10,,,222,,Abrahamsen Jonas,,,,
tirreno-adriatico:2026:4,4,11,,,37,,Otruba Jakub,,,,
tirreno-adriatico:2026:4,4,12,,,194,,Jorgenson Matteo,,,,
tirreno-adriatico:2026:4,4,13,,,154,,Rex Laurenz,,,,
tirreno-adriatico:2026:4,4,14,7,,225,,Johannessen Tobias Halland,,,,
tirreno-adriatico:2026:4,4,15,8,,153,,Bastiaens Ayco,,,,
tirreno-adriatico:2026:4,4,16,9,,141,,Iacchi Alessandro,,,,
tirreno-adriatico:2026:5,5,1,1,,186,,Sevilla Diego Pablo,,,,
tirreno-adriatico:2026:5,5,2,6,,33,,Bou Joan,,,,
tirreno-adriatico:2026:5,5,3,2,,66,,Rochas Rémy,,,,
tirreno-adriatico:2026:5,5,4,,,57,,Valgren Michael,,,,
tirreno-adriatico:2026:5,5,5,,,73,,Haig Jack,,,,
tirreno-adriatico:2026:5,5,6,4,,211,,del Toro Isaac,,,,
tirreno-adriatico:2026:5,5,7,,,7,,Verstrynge Emiel,,,,
tirreno-adriatico:2026:5,5,8,3,,95,,Slock Liam,,,,
tirreno-adriatico:2026:5,5,9,5,,1,,van der Poel Mathieu,,,,
tirreno-adriatico:2026:5,5,10,,,6,,Planckaert Edward,,,,
tirreno-adriatico:2026:5,5,11,,,201,,Alaphilippe Julian,,,,
tirreno-adriatico:2026:5,5,12,7,,163,,De Bondt Dries,,,,
tirreno-adriatico:2026:5,5,13,12,,194,,Jorgenson Matteo,,,,
tirreno-adriatico:2026:5,5,14,8,,24,,Tarozzi Manuele,,,,
tirreno-adriatico:2026:5,5,15,9,,135,,Pellizzari Giulio,,,,
tirreno-adriatico:2026:5,5,16,10,,222,,Abrahamsen Jonas,,,,
tirreno-adriatico:2026:5,5,17,,,123,,Bax Sjoerd,,,,
tirreno-adriatico:2026:5,5,18,11,,37,,Otruba Jakub,,,,
tirreno-adriatico:2026:5,5,19,14,,225,,Johannessen Tobias Halland,,,,
tirreno-adriatico:2026:5,5,20,13,,154,,Rex Laurenz,,,,
tirreno-adriatico:2026:5,5,21,,,97,,Zimmermann Georg,,,,
tirreno-adriatico:2026:5,5,22,15,,153,,Bastiaens Ayco,,,,
tirreno-adriatico:2026:5,5,23,16,,141,,Iacchi Alessandro,,,,
tirreno-adriatico:2026:6,6,1,1,,186,,Sevilla Diego Pablo,,,,
tirreno-adriatico:2026:6,6,2,2,,33,,Bou Joan,,,,
tirreno-adriatico:2026:6,6,3,,,195,,Kielich Timo,,,,
tirreno-adriatico:2026:6,6,4,6,,211,,del Toro Isaac,,,,
tirreno-adriatico:2026:6,6,5,4,,57,,Valgren Michael,,,,
tirreno-adriatico:2026:6,6,6,5,,73,,Haig Jack,,,,
tirreno-adriatico:2026:6,6,7,,,45,,Mühlberger Gregor,,,,
tirreno-adriatico:2026:6,6,8,,,71,,Ganna Filippo,,,,
tirreno-adriatico:2026:6,6,9,,,62,,Braz Afonso Clément,,,,
tirreno-adriatico:2026:6,6,10,7,,7,,Verstrynge Emiel,,,,
tirreno-adriatico:2026:6,6,11,8,,95,,Slock Liam,,,,
tirreno-adriatico:2026:6,6,12,9,,1,,van der Poel Mathieu,,,,
tirreno-adriatico:2026:6,6,13,13,,194,,Jorgenson Matteo,,,,
tirreno-adriatico:2026:6,6,14,,,121,,Calzoni Walter,,,,
tirreno-adriatico:2026:6,6,15,10,,6,,Planckaert Edward,,,,
tirreno-adriatico:2026:6,6,16,11,,201,,Alaphilippe Julian,,,,
tirreno-adriatico:2026:6,6,17,12,,163,,De Bondt Dries,,,,
tirreno-adriatico:2026:6,6,18,19,,225,,Johannessen Tobias Halland,,,,
tirreno-adriatico:2026:6,6,19,,,52,,Albanese Vincenzo,,,,
tirreno-adriatico:2026:6,6,20,15,,135,,Pellizzari Giulio,,,,
tirreno-adriatico:2026:6,6,21,14,,24,,Tarozzi Manuele,,,,
tirreno-adriatico:2026:6,6,22,16,,222,,Abrahamsen Jonas,,,,
tirreno-adriatico:2026:6,6,23,18,,37,,Otruba Jakub,,,,
tirreno-adriatico:2026:6,6,24,,,212,,Christen Jan,,,,
tirreno-adriatico:2026:6,6,25,20,,154,,Rex Laurenz,,,,
tirreno-adriatico:2026:6,6,26,,,217,,Vermaerke Kevin,,,,
tirreno-adriatico:2026:6,6,27,,,236,,Silva Guillermo Thomas,,,,
tirreno-adriatico:2026:6,6,28,21,,97,,Zimmermann Georg,,,,
tirreno-adriatico:2026:6,6,29,22,,153,,Bastiaens Ayco,,,,
tirreno-adriatico:2026:6,6,30,23,,141,,Iacchi Alessandro,,,,
tirreno-adriatico:2026:7,7,1,1,,186,,Sevilla Diego Pablo,,,,
tirreno-adriatico:2026:7,7,2,2,,33,,Bou Joan,,,,
tirreno-adriatico:2026:7,7,3,4,,211,,del Toro Isaac,,,,
tirreno-adriatico:2026:7,7,4,3,,195,,Kielich Timo,,,,
tirreno-adriatico:2026:7,7,5,5,,57,,Valgren Michael,,,,
tirreno-adriatico:2026:7,7,6,6,,73,,Haig Jack,,,,
tirreno-adriatico:2026:7,7,7,12,,1,,van der Poel Mathieu,,,,
tirreno-adriatico:2026:7,7,8,7,,45,,Mühlberger Gregor,,,,
tirreno-adriatico:2026:7,7,9,8,,71,,Ganna Filippo,,,,
tirreno-adriatico:2026:7,7,10,9,,62,,Braz Afonso Clément,,,,
tirreno-adriatico:2026:7,7,11,10,,7,,Verstrynge Emiel,,,,
tirreno-adriatico:2026:7,7,12,11,,95,,Slock Liam,,,,
tirreno-adriatico:2026:7,7,13,13,,194,,Jorgenson Matteo,,,,
tirreno-adriatico:2026:7,7,14,14,,121,,Calzoni Walter,,,,
tirreno-adriatico:2026:7,7,15,15,,6,,Planckaert Edward,,,,
tirreno-adriatico:2026:7,7,16,16,,201,,Alaphilippe Julian,,,,
tirreno-adriatico:2026:7,7,17,17,,163,,De Bondt Dries,,,,
tirreno-adriatico:2026:7,7,18,18,,225,,Johannessen Tobias Halland,,,,
tirreno-adriatico:2026:7,7,19,19,,52,,Albanese Vincenzo,,,,
tirreno-adriatico:2026:7,7,20,20,,135,,Pellizzari Giulio,,,,
tirreno-adriatico:2026:7,7,21,21,,24,,Tarozzi Manuele,,,,
tirreno-adriatico:2026:7,7,22,22,,222,,Abrahamsen Jonas,,,,
tirreno-adriatico:2026:7,7,23,23,,37,,Otruba Jakub,,,,
tirreno-adriatico:2026:7,7,24,,,131,,Roglič Primož,,,,
tirreno-adriatico:2026:7,7,25,24,,212,,Christen Jan,,,,
tirreno-adriatico:2026:7,7,26,25,,154,,Rex Laurenz,,,,
tirreno-adriatico:2026:7,7,27,26,,217,,Vermaerke Kevin,,,,
tirreno-adriatico:2026:7,7,28,27,,236,,Silva Guillermo Thomas,,,,
tirreno-adriatico:2026:7,7,29,28,,97,,Zimmermann Georg,,,,
tirreno-adriatico:2026:7,7,30,29,,153,,Bastiaens Ayco,,,,
tirreno-adriatico:2026:7,7,31,30,,141,,Iacchi Alessandro,,,,
tour-down-under:2026:1,1,1,,,167,,Urianstad Bugge Martin,,,,
tour-down-under:2026:1,1,2,,,57,,Paleni Enzo,,,,
tour-down-under:2026:1,1,3,,,56,,Martin Guillaume,,,,
tour-down-under:2026:1,1,4,,,61,,Haig Jack,,,,
tour-down-under:2026:2,2,1,1,,167,,Urianstad Bugge Martin,,,,
tour-down-under:2026:2,2,2,,,124,,Reinderink Pepijn,,,,
tour-down-under:2026:2,2,3,,,6,,Vine Jay,,,,
tour-down-under:2026:2,2,4,2,,57,,Paleni Enzo,,,,
tour-down-under:2026:2,2,5,,,1,,Narváez Jhonatan,,,,
tour-down-under:2026:2,2,6,3,,56,,Martin Guillaume,,,,
tour-down-under:2026:2,2,7,,,127,,Zana Filippo,,,,
tour-down-under:2026:2,2,8,,,23,,Miholjević Fran,,,,
tour-down-under:2026:2,2,9,,,197,,Stevenson Lucas,,,,
tour-down-under:2026:2,2,10,,,91,,Cepeda Jefferson Alveiro,,,,
tour-down-under:2026:2,2,11,4,,61,,Haig Jack,,,,
tour-down-under:2026:2,2,12,,,166,,Ingebrigtsen Storm,,,,
tour-down-under:2026:2,2,13,,,43,,Sweeny Harry,,,,
tour-down-under:2026:2,2,14,,,183,,Suter Joel,,,,
tour-down-under:2026:3,3,1,1,,167,,Urianstad Bugge Martin,,,,
tour-down-under:2026:3,3,2,2,,124,,Reinderink Pepijn,,,,
tour-down-under:2026:3,3,3,4,,57,,Paleni Enzo,,,,
tour-down-under:2026:3,3,4,3,,6,,Vine Jay,,,,
tour-down-under:2026:3,3,5,,,85,,Veistroffer Baptiste,,,,
tour-down-under:2026:3,3,6,5,,1,,Narváez Jhonatan,,,,
tour-down-under:2026:3,3,7,6,,56,,Martin Guillaume,,,,
tour-down-under:2026:3,3,8,7,,127,,Zana Filippo,,,,
tour-down-under:2026:3,3,9,8,,23,,Miholjević Fran,,,,
tour-down-under:2026:3,3,10,9,,197,,Stevenson Lucas,,,,
tour-down-under:2026:3,3,11,10,,91,,Cepeda Jefferson Alveiro,,,,
tour-down-under:2026:3,3,12,11,,61,,Haig Jack,,,,
tour-down-under:2026:3,3,13,12,,166,,Ingebrigtsen Storm,,,,
tour-down-under:2026:3,3,14,,,62,,Hamilton Lucas,,,,
tour-down-under:2026:3,3,15,13,,43,,Sweeny Harry,,,,
tour-down-under:2026:3,3,16,14,,183,,Suter Joel,,,,
tour-down-under:2026:3,3,17,,,157,,Rex Tim,,,,
tour-down-under:2026:4,4,1,1,,167,,Urianstad Bugge Martin,,,,
tour-down-under:2026:4,4,2,2,,124,,Reinderink Pepijn,,,,
tour-down-under:2026:4,4,3,,,196,,Greenwood Matthew,,,,
tour-down-under:2026:4,4,4,3,,57,,Paleni Enzo,,,,
tour-down-under:2026:4,4,5,4,,6,,Vine Jay,,,,
tour-down-under:2026:4,4,6,,,136,,Plapp Luke,,,,
tour-down-under:2026:4,4,7,5,,85,,Veistroffer Baptiste,,,,
tour-down-under:2026:4,4,8,7,,56,,Martin Guillaume,,,,
tour-down-under:2026:4,4,9,8,,127,,Zana Filippo,,,,
tour-down-under:2026:4,4,10,9,,23,,Miholjević Fran,,,,
tour-down-under:2026:4,4,11,10,,197,,Stevenson Lucas,,,,
tour-down-under:2026:4,4,12,11,,91,,Cepeda Jefferson Alveiro,,,,
tour-down-under:2026:4,4,13,,,37,,Scotson Callum,,,,
tour-down-under:2026:4,4,14,12,,61,,Haig Jack,,,,
tour-down-under:2026:4,4,15,13,,166,,Ingebrigtsen Storm,,,,
tour-down-under:2026:4,4,16,14,,62,,Hamilton Lucas,,,,
tour-down-under:2026:4,4,17,15,,43,,Sweeny Harry,,,,
tour-down-under:2026:4,4,18,,,133,,Porter Rudy,,,,
tour-down-under:2026:4,4,19,16,,183,,Suter Joel,,,,
tour-down-under:2026:4,4,20,17,,157,,Rex Tim,,,,
tour-down-under:2026:5,5,1,1,,167,,Urianstad Bugge Martin,,,,
tour-down-under:2026:5,5,2,2,,124,,Reinderink Pepijn,,,,
tour-down-under:2026:5,5,3,6,,136,,Plapp Luke,,,,
tour-down-under:2026:5,5,4,3,,196,,Greenwood Matthew,,,,
tour-down-under:2026:5,5,5,4,,57,,Paleni Enzo,,,,
tour-down-under:2026:5,5,6,,,24,,Stannard Robert,,,,
tour-down-under:2026:5,5,7,,,122,,Eenkhoorn Pascal,,,,
tour-down-under:2026:5,5,8,5,,6,,Vine Jay,,,,
tour-down-under:2026:5,5,9,7,,85,,Veistroffer Baptiste,,,,
tour-down-under:2026:5,5,10,,,21,,Buitrago Santiago,,,,
tour-down-under:2026:5,5,11,8,,56,,Martin Guillaume,,,,
tour-down-under:2026:5,5,12,,,191,,Howson Damien,,,,
tour-down-under:2026:5,5,13,9,,127,,Zana Filippo,,,,
tour-down-under:2026:5,5,14,10,,23,,Miholjević Fran,,,,
tour-down-under:2026:5,5,15,,,142,,Hamilton Chris,,,,
tour-down-under:2026:5,5,16,12,,91,,Cepeda Jefferson Alveiro,,,,
tour-down-under:2026:5,5,17,13,,37,,Scotson Callum,,,,
tour-down-under:2026:5,5,18,14,,61,,Haig Jack,,,,
tour-down-under:2026:5,5,19,15,,166,,Ingebrigtsen Storm,,,,
tour-down-under:2026:5,5,20,16,,62,,Hamilton Lucas,,,,
tour-down-under:2026:5,5,21,17,,43,,Sweeny Harry,,,,
tour-down-under:2026:5,5,22,,,192,,Harper Chris,,,,
tour-down-under:2026:5,5,23,18,,133,,Porter Rudy,,,,
tour-down-under:2026:5,5,24,,,41,,Cepeda Jefferson Alexander,,,,
tour-down-under:2026:5,5,25,,,93,,Novák Pavel,,,,
tour-down-under:2026:5,5,26,19,,183,,Suter Joel,,,,
tour-down-under:2026:5,5,27,20,,157,,Rex Tim,,,,
volta-a-catalunya:2026:1,1,1,,,167,,Veistroffer Baptiste,,,,
volta-a-catalunya:2026:1,1,2,,,226,,Stites Tyler,,,,
volta-a-catalunya:2026:1,1,3,,,207,,Aznar Unai,,,,
volta-a-catalunya:2026:1,1,4,,,217,,Burnett Josh,,,,
volta-a-catalunya:2026:1,1,5,,,197,,Aznar Hugo,,,,
volta-a-catalunya:2026:1,1,6,,,75,,Svestad-Bårdseng Embret,,,,
volta-a-catalunya:2026:2,2,1,1,,167,,Veistroffer Baptiste,,,,
volta-a-catalunya:2026:2,2,2,2,,226,,Stites Tyler,,,,
volta-a-catalunya:2026:2,2,3,3,,207,,Aznar Unai,,,,
volta-a-catalunya:2026:2,2,4,4,,217,,Burnett Josh,,,,
volta-a-catalunya:2026:2,2,5,5,,197,,Aznar Hugo,,,,
volta-a-catalunya:2026:2,2,6,,,166,,Slock Liam,,,,
volta-a-catalunya:2026:2,2,7,,,205,,Fernández Samuel,,,,
volta-a-catalunya:2026:2,2,8,6,,75,,Svestad-Bårdseng Embret,,,,
volta-a-catalunya:2026:3,3,1,1,,167,,Veistroffer Baptiste,,,,
volta-a-catalunya:2026:3,3,2,4,,217,,Burnett Josh,,,,
volta-a-catalunya:2026:3,3,3,,,165,,Thompson Reuben,,,,
volta-a-catalunya:2026:3,3,4,2,,226,,Stites Tyler,,,,
volta-a-catalunya:2026:3,3,5,3,,207,,Aznar Unai,,,,
volta-a-catalunya:2026:3,3,6,,,195,,Uriarte Diego,,,,
volta-a-catalunya:2026:3,3,7,5,,197,,Aznar Hugo,,,,
volta-a-catalunya:2026:3,3,8,6,,166,,Slock Liam,,,,
volta-a-catalunya:2026:3,3,9,,,203,,Aguirre Yago,,,,
volta-a-catalunya:2026:3,3,10,8,,75,,Svestad-Bårdseng Embret,,,,
volta-a-catalunya:2026:3,3,11,7,,205,,Fernández Samuel,,,,
volta-a-catalunya:2026:3,3,12,,,224,,Stewart Mark,,,,
volta-a-catalunya:2026:4,4,1,1,,167,,Veistroffer Baptiste,,,,
volta-a-catalunya:2026:4,4,2,2,,217,,Burnett Josh,,,,
volta-a-catalunya:2026:4,4,3,3,,165,,Thompson Reuben,,,,
volta-a-catalunya:2026:4,4,4,4,,226,,Stites Tyler,,,,
volta-a-catalunya:2026:4,4,5,5,,207,,Aznar Unai,,,,
volta-a-catalunya:2026:4,4,6,6,,195,,Uriarte Diego,,,,
volta-a-catalunya:2026:4,4,7,7,,197,,Aznar Hugo,,,,
volta-a-catalunya:2026:4,4,8,,,215,,Faura José Luis,,,,
volta-a-catalunya:2026:4,4,9,,,147,,Bouwman Koen,,,,
volta-a-catalunya:2026:4,4,10,11,,205,,Fernández Samuel,,,,
volta-a-catalunya:2026:4,4,11,,,194,,Wenzel Mats,,,,
volta-a-catalunya:2026:4,4,12,8,,166,,Slock Liam,,,,
volta-a-catalunya:2026:4,4,13,9,,203,,Aguirre Yago,,,,
volta-a-catalunya:2026:4,4,14,,,152,,Decomble Maxime,,,,
volta-a-catalunya:2026:4,4,15,,,213,,Kudus Merhawi,,,,
volta-a-catalunya:2026:4,4,16,10,,75,,Svestad-Bårdseng Embret,,,,
volta-a-catalunya:2026:4,4,17,12,,224,,Stewart Mark,,,,
volta-a-catalunya:2026:5,5,1,1,,167,,Veistroffer Baptiste,,,,
volta-a-catalunya:2026:5,5,2,,,32,,Ciccone Giulio,,,,
volta-a-catalunya:2026:5,5,3,,,21,,Vingegaard Jonas,,,,
volta-a-catalunya:2026:5,5,4,,,14,,Soler Marc,,,,
volta-a-catalunya:2026:5,5,5,,,23,,Piganzoli Davide,,,,
volta-a-catalunya:2026:5,5,6,,,61,,Gall Felix,,,,
volta-a-catalunya:2026:5,5,7,2,,217,,Burnett Josh,,,,
volta-a-catalunya:2026:5,5,8,,,91,,Martinez Lenny,,,,
volta-a-catalunya:2026:5,5,9,,,2,,Lipowitz Florian,,,,
volta-a-catalunya:2026:5,5,10,,,56,,Paret-Peintre Valentin,,,,
volta-a-catalunya:2026:5,5,11,,,1,,Evenepoel Remco,,,,
volta-a-catalunya:2026:5,5,12,3,,165,,Thompson Reuben,,,,
volta-a-catalunya:2026:5,5,13,4,,226,,Stites Tyler,,,,
volta-a-catalunya:2026:5,5,14,,,133,,Rubio Einer,,,,
volta-a-catalunya:2026:5,5,15,5,,207,,Aznar Unai,,,,
volta-a-catalunya:2026:5,5,16,,,53,,Lecerf Junior,,,,
volta-a-catalunya:2026:5,5,17,6,,195,,Uriarte Diego,,,,
volta-a-catalunya:2026:5,5,18,,,3,,Hindley Jai,,,,
volta-a-catalunya:2026:5,5,19,7,,197,,Aznar Hugo,,,,
volta-a-catalunya:2026:5,5,20,8,,215,,Faura José Luis,,,,
volta-a-catalunya:2026:5,5,21,9,,147,,Bouwman Koen,,,,
volta-a-catalunya:2026:5,5,22,10,,205,,Fernández Samuel,,,,
volta-a-catalunya:2026:5,5,23,16,,75,,Svestad-Bårdseng Embret,,,,
volta-a-catalunya:2026:5,5,24,,,4,,Tuckwell Luke,,,,
volta-a-catalunya:2026:5,5,25,11,,194,,Wenzel Mats,,,,
volta-a-catalunya:2026:5,5,26,12,,166,,Slock Liam,,,,
volta-a-catalunya:2026:5,5,27,13,,203,,Aguirre Yago,,,,
volta-a-catalunya:2026:5,5,28,14,,152,,Decomble Maxime,,,,
volta-a-catalunya:2026:5,5,29,15,,213,,Kudus Merhawi,,,,
volta-a-catalunya:2026:5,5,30,17,,224,,Stewart Mark,,,,
volta-a-catalunya:2026:6,6,1,2,,32,,Ciccone Giulio,,,,
volta-a-catalunya:2026:6,6,2,4,,14,,Soler Marc,,,,
volta-a-catalunya:2026:6,6,3,1,,167,,Veistroffer Baptiste,,,,
volta-a-catalunya:2026:6,6,4,3,,21,,Vingegaard Jonas,,,,
volta-a-catalunya:2026:6,6,5,8,,91,,Martinez Lenny,,,,
volta-a-catalunya:2026:6,6,6,23,,75,,Svestad-Bårdseng Embret,,,,
volta-a-catalunya:2026:6,6,7,5,,23,,Piganzoli Davide,,,,
volta-a-catalunya:2026:6,6,8,9,,2,,Lipowitz Florian,,,,
volta-a-catalunya:2026:6,6,9,6,,61,,Gall Felix,,,,
volta-a-catalunya:2026:6,6,10,,,111,,Carapaz Richard,,,,
volta-a-catalunya:2026:6,6,11,7,,217,,Burnett Josh,,,,
volta-a-catalunya:2026:6,6,12,10,,56,,Paret-Peintre Valentin,,,,
volta-a-catalunya:2026:6,6,13,11,,1,,Evenepoel Remco,,,,
volta-a-catalunya:2026:6,6,14,,,222,,Munton Byron,,,,
volta-a-catalunya:2026:6,6,15,,,26,,Lemmen Bart,,,,
volta-a-catalunya:2026:6,6,16,12,,165,,Thompson Reuben,,,,
volta-a-catalunya:2026:6,6,17,13,,226,,Stites Tyler,,,,
volta-a-catalunya:2026:6,6,18,14,,133,,Rubio Einer,,,,
volta-a-catalunya:2026:6,6,19,15,,207,,Aznar Unai,,,,
volta-a-catalunya:2026:6,6,20,16,,53,,Lecerf Junior,,,,
volta-a-catalunya:2026:6,6,21,17,,195,,Uriarte Diego,,,,
volta-a-catalunya:2026:6,6,22,18,,3,,Hindley Jai,,,,
volta-a-catalunya:2026:6,6,23,19,,197,,Aznar Hugo,,,,
volta-a-catalunya:2026:6,6,24,20,,215,,Faura José Luis,,,,
volta-a-catalunya:2026:6,6,25,21,,147,,Bouwman Koen,,,,
volta-a-catalunya:2026:6,6,26,22,,205,,Fernández Samuel,,,,
volta-a-catalunya:2026:6,6,27,24,,4,,Tuckwell Luke,,,,
volta-a-catalunya:2026:6,6,28,26,,166,,Slock Liam,,,,
volta-a-catalunya:2026:6,6,29,25,,194,,Wenzel Mats,,,,
volta-a-catalunya:2026:6,6,30,27,,203,,Aguirre Yago,,,,
volta-a-catalunya:2026:6,6,31,,,135,,Quintana Nairo,,,,
volta-a-catalunya:2026:6,6,32,28,,152,,Decomble Maxime,,,,
volta-a-catalunya:2026:6,6,33,29,,213,,Kudus Merhawi,,,,
volta-a-catalunya:2026:6,6,34,30,,224,,Stewart Mark,,,,
volta-a-catalunya:2026:7,7,1,1,,32,,Ciccone Giulio,,,,
volta-a-catalunya:2026:7,7,2,2,,14,,Soler Marc,,,,
volta-a-catalunya:2026:7,7,3,4,,21,,Vingegaard Jonas,,,,
volta-a-catalunya:2026:7,7,4,3,,167,,Veistroffer Baptiste,,,,
volta-a-catalunya:2026:7,7,5,13,,1,,Evenepoel Remco,,,,
volta-a-catalunya:2026:7,7,6,5,,91,,Martinez Lenny,,,,
volta-a-catalunya:2026:7,7,7,6,,75,,Svestad-Bårdseng Embret,,,,
volta-a-catalunya:2026:7,7,8,7,,23,,Piganzoli Davide,,,,
volta-a-catalunya:2026:7,7,9,8,,2,,Lipowitz Florian,,,,
volta-a-catalunya:2026:7,7,10,9,,61,,Gall Felix,,,,
volta-a-catalunya:2026:7,7,11,10,,111,,Carapaz Richard,,,,
volta-a-catalunya:2026:7,7,12,11,,217,,Burnett Josh,,,,
volta-a-catalunya:2026:7,7,13,12,,56,,Paret-Peintre Valentin,,,,
volta-a-catalunya:2026:7,7,14,14,,222,,Munton Byron,,,,
volta-a-catalunya:2026:7,7,15,,,71,,Onley Oscar,,,,
volta-a-catalunya:2026:7,7,16,28,,166,,Slock Liam,,,,
volta-a-catalunya:2026:7,7,17,18,,133,,Rubio Einer,,,,
volta-a-catalunya:2026:7,7,18,15,,26,,Lemmen Bart,,,,
volta-a-catalunya:2026:7,7,19,16,,165,,Thompson Reuben,,,,
volta-a-catalunya:2026:7,7,20,17,,226,,Stites Tyler,,,,
volta-a-catalunya:2026:7,7,21,,,13,,McNulty Brandon,,,,
volta-a-catalunya:2026:7,7,22,,,131,,Mas Enric,,,,
volta-a-catalunya:2026:7,7,23,,,216,,Aparicio Mario,,,,
volta-a-catalunya:2026:7,7,24,20,,53,,Lecerf Junior,,,,
volta-a-catalunya:2026:7,7,25,21,,195,,Uriarte Diego,,,,
volta-a-catalunya:2026:7,7,26,22,,3,,Hindley Jai,,,,
volta-a-catalunya:2026:7,7,27,23,,197,,Aznar Hugo,,,,
volta-a-catalunya:2026:7,7,28,24,,215,,Faura José Luis,,,,
volta-a-catalunya:2026:7,7,29,,,134,,López Juan Pedro,,,,
volta-a-catalunya:2026:7,7,30,25,,147,,Bouwman Koen,,,,
volta-a-catalunya:2026:7,7,31,,,117,,Rafferty Darren,,,,
volta-a-catalunya:2026:7,7,32,26,,205,,Fernández Samuel,,,,
volta-a-catalunya:2026:7,7,33,,,105,,Svarre Tobias,,,,
volta-a-catalunya:2026:7,7,34,27,,4,,Tuckwell Luke,,,,
volta-a-catalunya:2026:7,7,35,29,,194,,Wenzel Mats,,,,
volta-a-catalunya:2026:7,7,36,30,,203,,Aguirre Yago,,,,
volta-a-catalunya:2026:7,7,37,,,33,,Skjelmose Mattias,,,,
volta-a-catalunya:2026:7,7,38,31,,135,,Quintana Nairo,,,,
volta-a-catalunya:2026:7,7,39,32,,152,,Decomble Maxime,,,,
volta-a-catalunya:2026:7,7,40,,,66,,L'Hote Antoine,,,,
volta-a-catalunya:2026:7,7,41,33,,213,,Kudus Merhawi,,,,
volta-a-catalunya:2026:7,7,42,,,102,,Cort Magnus,,,,
volta-a-catalunya:2026:7,7,43,34,,224,,Stewart Mark,,,,
